/* USER */
INSERT INTO TB_BCM_USER (USER_ID, LOGIN_ID, USER_NM, COMP_CD, PWD, TEL_NO, MOBILE_NO, EMAIL_ADDR, FIRST_LOGIN_YN, REGULAR_YN, SSO_YN, GW_IF_YN, DEPT_NM, POSITION_NM, LOGIN_FAIL_CNT, LAST_PWD_CHG_DTM, USE_YN, REG_USER_ID, REG_DTM, UPD_USER_ID, UPD_DTM) VALUES ('skiaf_admin-cuid', 'skiaf_admin', 'admin', 'H60', '$2a$10$zb4E582pHN4wj.s/3wL5fOSFTpYP0ywG9e6ogDMEXXv8i6a9CtNC6', '', '', 'skiaf_admin@sample.test', 'Y', 'Y', 'N', 'N', '', '**', '0', CURRENT_TIMESTAMP, 'Y', 'admin', CURRENT_TIMESTAMP, 'admin', CURRENT_TIMESTAMP);
INSERT INTO TB_BCM_USER (USER_ID, LOGIN_ID, USER_NM, COMP_CD, PWD, TEL_NO, MOBILE_NO, EMAIL_ADDR, FIRST_LOGIN_YN, REGULAR_YN, SSO_YN, GW_IF_YN, DEPT_NM, POSITION_NM, LOGIN_FAIL_CNT, LAST_PWD_CHG_DTM, USE_YN, REG_USER_ID, REG_DTM, UPD_USER_ID, UPD_DTM) VALUES ('skiaf_user1-cuid', 'skiaf_user1', ' 샘플유저1', 'H60', '$2a$10$y4.qe5Nz05L1tX7UgCxgruG2Y7eBU4hmvk4FQxAzw7zQlMYMvZ92m', '', '', 'skiaf_user1@sample.test', 'Y', 'Y', 'N', 'N', '', '**', '0', CURRENT_TIMESTAMP, 'Y', 'admin', CURRENT_TIMESTAMP, 'admin', CURRENT_TIMESTAMP);
INSERT INTO TB_BCM_USER (USER_ID, LOGIN_ID, USER_NM, COMP_CD, PWD, TEL_NO, MOBILE_NO, EMAIL_ADDR, FIRST_LOGIN_YN, REGULAR_YN, SSO_YN, GW_IF_YN, DEPT_NM, POSITION_NM, LOGIN_FAIL_CNT, LAST_PWD_CHG_DTM, USE_YN, REG_USER_ID, REG_DTM, UPD_USER_ID, UPD_DTM) VALUES ('skiaf_user2-cuid', 'skiaf_user2', ' 샘플유저2', 'H60', '$2a$10$Km0pRYcvsCeHMVXxiVslUeJkDzqvmymPdLVtzgOaHLBPzqVjVljoq', '', '', 'skiaf_user2@sample.test', 'Y', 'Y', 'N', 'N', '', '**', '0', CURRENT_TIMESTAMP, 'Y', 'admin', CURRENT_TIMESTAMP, 'admin', CURRENT_TIMESTAMP);
INSERT INTO TB_BCM_USER (USER_ID, LOGIN_ID, USER_NM, COMP_CD, PWD, TEL_NO, MOBILE_NO, EMAIL_ADDR, FIRST_LOGIN_YN, REGULAR_YN, SSO_YN, GW_IF_YN, DEPT_NM, POSITION_NM, LOGIN_FAIL_CNT, LAST_PWD_CHG_DTM, USE_YN, REG_USER_ID, REG_DTM, UPD_USER_ID, UPD_DTM) VALUES ('skiaf_user3-cuid', 'skiaf_user3', ' 샘플유저3', 'H60', '$2a$10$Qi7bALZlIygIKXTU8Fv4x.M5L4yfo/c9Iu6kgDhG7Fsz3UlNuxZzC', '', '', 'skiaf_user3@sample.test', 'Y', 'Y', 'N', 'N', '', '**', '0', CURRENT_TIMESTAMP, 'Y', 'admin', CURRENT_TIMESTAMP, 'admin', CURRENT_TIMESTAMP);
INSERT INTO TB_BCM_USER (USER_ID, LOGIN_ID, USER_NM, COMP_CD, PWD, TEL_NO, MOBILE_NO, EMAIL_ADDR, FIRST_LOGIN_YN, REGULAR_YN, SSO_YN, GW_IF_YN, DEPT_NM, POSITION_NM, LOGIN_FAIL_CNT, LAST_PWD_CHG_DTM, USE_YN, REG_USER_ID, REG_DTM, UPD_USER_ID, UPD_DTM) VALUES ('skiaf_user4-cuid', 'skiaf_user4', ' 샘플유저4', 'H60', '$2a$10$hmZQEfdflQMXmlhA.aEgZOxG.3cLmXg/BToEiEmzvR7/rZSgfZ6SS', '', '', 'skiaf_user4@sample.test', 'Y', 'Y', 'N', 'N', '', '**', '0', CURRENT_TIMESTAMP, 'Y', 'admin', CURRENT_TIMESTAMP, 'admin', CURRENT_TIMESTAMP);
INSERT INTO TB_BCM_USER (USER_ID, LOGIN_ID, USER_NM, COMP_CD, PWD, TEL_NO, MOBILE_NO, EMAIL_ADDR, FIRST_LOGIN_YN, REGULAR_YN, SSO_YN, GW_IF_YN, DEPT_NM, POSITION_NM, LOGIN_FAIL_CNT, LAST_PWD_CHG_DTM, USE_YN, REG_USER_ID, REG_DTM, UPD_USER_ID, UPD_DTM) VALUES ('skiaf_user5-cuid', 'skiaf_user5', ' 샘플유저5', 'H60', '$2a$10$dCIx9peyH3xvKIcY/kSRAeZR66R2zVF5TUXZQ03vhPG98jbVH6tNy', '', '', 'skiaf_user5@sample.test', 'Y', 'Y', 'N', 'N', '', '**', '0', CURRENT_TIMESTAMP, 'Y', 'admin', CURRENT_TIMESTAMP, 'admin', CURRENT_TIMESTAMP);
INSERT INTO TB_BCM_USER (USER_ID, LOGIN_ID, USER_NM, COMP_CD, PWD, TEL_NO, MOBILE_NO, EMAIL_ADDR, FIRST_LOGIN_YN, REGULAR_YN, SSO_YN, GW_IF_YN, DEPT_NM, POSITION_NM, LOGIN_FAIL_CNT, LAST_PWD_CHG_DTM, USE_YN, REG_USER_ID, REG_DTM, UPD_USER_ID, UPD_DTM) VALUES ('skiaf_guest-cuid', 'skiaf_guest', ' 방문자', 'H60', '$2a$10$UNUYmElZJFx.s5wqNnLHjurB5yB3sBogBeBawTVmUg4.8Zsx6PZH6', '', '', 'skiaf_guest@sample.test', 'Y', 'Y', 'N', 'N', '', '**', '0', CURRENT_TIMESTAMP, 'Y', 'admin', CURRENT_TIMESTAMP, 'admin', CURRENT_TIMESTAMP);

/* USER_GROUP */
INSERT INTO TB_BCM_USER_GRP (USER_GRP_ID, USER_GRP_NM, COMP_CD, USER_GRP_DESC, USE_YN, REG_USER_ID, REG_DTM, UPD_USER_ID, UPD_DTM) VALUES ('GRPS_BASE', '기본사용자 그룹', '', '사용자등록시 기본권한을 위한 그룹부여', 'Y', 'admin', CURRENT_TIMESTAMP, 'admin', CURRENT_TIMESTAMP);
INSERT INTO TB_BCM_USER_GRP (USER_GRP_ID, USER_GRP_NM, COMP_CD, USER_GRP_DESC, USE_YN, REG_USER_ID, REG_DTM, UPD_USER_ID, UPD_DTM) VALUES ('GRPS_COM', '공통업무 그룹', '', '공통업무 그룹', 'Y', 'admin', CURRENT_TIMESTAMP, 'admin', CURRENT_TIMESTAMP);
INSERT INTO TB_BCM_USER_GRP (USER_GRP_ID, USER_GRP_NM, COMP_CD, USER_GRP_DESC, USE_YN, REG_USER_ID, REG_DTM, UPD_USER_ID, UPD_DTM) VALUES ('GRPS_DEV', '개발운영 그룹', '', '개발/운영자일 경우 부여', 'Y', 'admin', CURRENT_TIMESTAMP, 'admin', CURRENT_TIMESTAMP);
INSERT INTO TB_BCM_USER_GRP (USER_GRP_ID, USER_GRP_NM, COMP_CD, USER_GRP_DESC, USE_YN, REG_USER_ID, REG_DTM, UPD_USER_ID, UPD_DTM) VALUES ('GRPS_BOARD', '게시판관리 그룹', '', '게시판관리 그룹', 'Y', 'admin', CURRENT_TIMESTAMP, 'admin', CURRENT_TIMESTAMP);
INSERT INTO TB_BCM_USER_GRP (USER_GRP_ID, USER_GRP_NM, COMP_CD, USER_GRP_DESC, USE_YN, REG_USER_ID, REG_DTM, UPD_USER_ID, UPD_DTM) VALUES ('GRPS_BOARD_BBS2', 'bbc2관리 그룹', '', 'OO업무게시판에 대한 조회/삭제 권한', 'Y', 'admin', CURRENT_TIMESTAMP, 'admin', CURRENT_TIMESTAMP);
INSERT INTO TB_BCM_USER_GRP (USER_GRP_ID, USER_GRP_NM, COMP_CD, USER_GRP_DESC, USE_YN, REG_USER_ID, REG_DTM, UPD_USER_ID, UPD_DTM) VALUES ('GRPS_GUEST', '방문자 그룹', '', '조회목적의 방문 사용자를 위한 그룹(단, 자유게시판 쓰기 가능)', 'Y', 'admin', CURRENT_TIMESTAMP, 'admin', CURRENT_TIMESTAMP);

/* USER_GROUP <-> USER Mapping */
INSERT INTO TB_BCM_USER_GRP_USER_MAP (USER_ID, USER_GRP_ID, USE_YN, REG_USER_ID, REG_DTM, UPD_USER_ID, UPD_DTM) VALUES ('skiaf_admin-cuid', 'GRPS_BASE', 'Y', 'admin', CURRENT_TIMESTAMP, 'admin', CURRENT_TIMESTAMP);
INSERT INTO TB_BCM_USER_GRP_USER_MAP (USER_ID, USER_GRP_ID, USE_YN, REG_USER_ID, REG_DTM, UPD_USER_ID, UPD_DTM) VALUES ('skiaf_admin-cuid', 'GRPS_DEV', 'Y', 'admin', CURRENT_TIMESTAMP, 'admin', CURRENT_TIMESTAMP);
INSERT INTO TB_BCM_USER_GRP_USER_MAP (USER_ID, USER_GRP_ID, USE_YN, REG_USER_ID, REG_DTM, UPD_USER_ID, UPD_DTM) VALUES ('skiaf_admin-cuid', 'GRPS_COM', 'Y', 'admin', CURRENT_TIMESTAMP, 'admin', CURRENT_TIMESTAMP);
INSERT INTO TB_BCM_USER_GRP_USER_MAP (USER_ID, USER_GRP_ID, USE_YN, REG_USER_ID, REG_DTM, UPD_USER_ID, UPD_DTM) VALUES ('skiaf_admin-cuid', 'GRPS_BOARD', 'Y', 'admin', CURRENT_TIMESTAMP, 'admin', CURRENT_TIMESTAMP);
INSERT INTO TB_BCM_USER_GRP_USER_MAP (USER_ID, USER_GRP_ID, USE_YN, REG_USER_ID, REG_DTM, UPD_USER_ID, UPD_DTM) VALUES ('skiaf_admin-cuid', 'GRPS_BOARD_BBS2', 'Y', 'admin', CURRENT_TIMESTAMP, 'admin', CURRENT_TIMESTAMP);
INSERT INTO TB_BCM_USER_GRP_USER_MAP (USER_ID, USER_GRP_ID, USE_YN, REG_USER_ID, REG_DTM, UPD_USER_ID, UPD_DTM) VALUES ('skiaf_user1-cuid', 'GRPS_BASE', 'Y', 'admin', CURRENT_TIMESTAMP, 'admin', CURRENT_TIMESTAMP);
INSERT INTO TB_BCM_USER_GRP_USER_MAP (USER_ID, USER_GRP_ID, USE_YN, REG_USER_ID, REG_DTM, UPD_USER_ID, UPD_DTM) VALUES ('skiaf_user2-cuid', 'GRPS_COM', 'Y', 'admin', CURRENT_TIMESTAMP, 'admin', CURRENT_TIMESTAMP);
INSERT INTO TB_BCM_USER_GRP_USER_MAP (USER_ID, USER_GRP_ID, USE_YN, REG_USER_ID, REG_DTM, UPD_USER_ID, UPD_DTM) VALUES ('skiaf_user3-cuid', 'GRPS_DEV', 'Y', 'admin', CURRENT_TIMESTAMP, 'admin', CURRENT_TIMESTAMP);
INSERT INTO TB_BCM_USER_GRP_USER_MAP (USER_ID, USER_GRP_ID, USE_YN, REG_USER_ID, REG_DTM, UPD_USER_ID, UPD_DTM) VALUES ('skiaf_user4-cuid', 'GRPS_BOARD', 'Y', 'admin', CURRENT_TIMESTAMP, 'admin', CURRENT_TIMESTAMP);
INSERT INTO TB_BCM_USER_GRP_USER_MAP (USER_ID, USER_GRP_ID, USE_YN, REG_USER_ID, REG_DTM, UPD_USER_ID, UPD_DTM) VALUES ('skiaf_user5-cuid', 'GRPS_BOARD_BBS2', 'Y', 'admin', CURRENT_TIMESTAMP, 'admin', CURRENT_TIMESTAMP);
INSERT INTO TB_BCM_USER_GRP_USER_MAP (USER_ID, USER_GRP_ID, USE_YN, REG_USER_ID, REG_DTM, UPD_USER_ID, UPD_DTM) VALUES ('skiaf_guest-cuid', 'GRPS_GUEST', 'Y', 'admin', CURRENT_TIMESTAMP, 'admin', CURRENT_TIMESTAMP);

/* ROLE */
INSERT INTO TB_BCM_ROLE (ROLE_ID, ROLE_NM, ROLE_TYP, ROLE_DESC, USE_YN, REG_USER_ID, REG_DTM, UPD_USER_ID, UPD_DTM) VALUES ('AMBCM00001', 'MENU_BASE', 'MENU', '기본 메뉴권한', 'Y', 'admin', CURRENT_TIMESTAMP, 'admin', CURRENT_TIMESTAMP);
INSERT INTO TB_BCM_ROLE (ROLE_ID, ROLE_NM, ROLE_TYP, ROLE_DESC, USE_YN, REG_USER_ID, REG_DTM, UPD_USER_ID, UPD_DTM) VALUES ('AMBCM00002', 'MENU_COMMON', 'MENU', '공통업무 메뉴권한', 'Y', 'admin', CURRENT_TIMESTAMP, 'admin', CURRENT_TIMESTAMP);
INSERT INTO TB_BCM_ROLE (ROLE_ID, ROLE_NM, ROLE_TYP, ROLE_DESC, USE_YN, REG_USER_ID, REG_DTM, UPD_USER_ID, UPD_DTM) VALUES ('AMBCM00003', 'MENU_DEV', 'MENU', '시스템운영 메뉴권한', 'Y', 'admin', CURRENT_TIMESTAMP, 'admin', CURRENT_TIMESTAMP);
INSERT INTO TB_BCM_ROLE (ROLE_ID, ROLE_NM, ROLE_TYP, ROLE_DESC, USE_YN, REG_USER_ID, REG_DTM, UPD_USER_ID, UPD_DTM) VALUES ('AMBCM00004', 'MENU_BOARD', 'MENU', '게시판관리 메뉴권한', 'Y', 'admin', CURRENT_TIMESTAMP, 'admin', CURRENT_TIMESTAMP);
INSERT INTO TB_BCM_ROLE (ROLE_ID, ROLE_NM, ROLE_TYP, ROLE_DESC, USE_YN, REG_USER_ID, REG_DTM, UPD_USER_ID, UPD_DTM) VALUES ('AMBCM00011', 'MENU_BOARD_BB2', 'MENU', 'bbs2 메뉴권한', 'Y', 'admin', CURRENT_TIMESTAMP, 'admin', CURRENT_TIMESTAMP);
INSERT INTO TB_BCM_ROLE (ROLE_ID, ROLE_NM, ROLE_TYP, ROLE_DESC, USE_YN, REG_USER_ID, REG_DTM, UPD_USER_ID, UPD_DTM) VALUES ('APBCM00001', 'PRO_USER', 'PROGRAM', '사용자 관리 권한', 'Y', 'admin', CURRENT_TIMESTAMP, 'admin', CURRENT_TIMESTAMP);
INSERT INTO TB_BCM_ROLE (ROLE_ID, ROLE_NM, ROLE_TYP, ROLE_DESC, USE_YN, REG_USER_ID, REG_DTM, UPD_USER_ID, UPD_DTM) VALUES ('APBCM00002', 'PRO_MENU', 'PROGRAM', '메뉴 관리 권한', 'Y', 'admin', CURRENT_TIMESTAMP, 'admin', CURRENT_TIMESTAMP);
INSERT INTO TB_BCM_ROLE (ROLE_ID, ROLE_NM, ROLE_TYP, ROLE_DESC, USE_YN, REG_USER_ID, REG_DTM, UPD_USER_ID, UPD_DTM) VALUES ('APBCM00003', 'PRO_PROGRAM', 'PROGRAM', '프로그램  관리 권한', 'Y', 'admin', CURRENT_TIMESTAMP, 'admin', CURRENT_TIMESTAMP);
INSERT INTO TB_BCM_ROLE (ROLE_ID, ROLE_NM, ROLE_TYP, ROLE_DESC, USE_YN, REG_USER_ID, REG_DTM, UPD_USER_ID, UPD_DTM) VALUES ('APBCM00004', 'PRO_ROLE', 'PROGRAM', '권한 관리 권한', 'Y', 'admin', CURRENT_TIMESTAMP, 'admin', CURRENT_TIMESTAMP);
INSERT INTO TB_BCM_ROLE (ROLE_ID, ROLE_NM, ROLE_TYP, ROLE_DESC, USE_YN, REG_USER_ID, REG_DTM, UPD_USER_ID, UPD_DTM) VALUES ('APBCM00005', 'PRO_CODE', 'PROGRAM', '코드 관리 권한', 'Y', 'admin', CURRENT_TIMESTAMP, 'admin', CURRENT_TIMESTAMP);
INSERT INTO TB_BCM_ROLE (ROLE_ID, ROLE_NM, ROLE_TYP, ROLE_DESC, USE_YN, REG_USER_ID, REG_DTM, UPD_USER_ID, UPD_DTM) VALUES ('APBCM00006', 'PRO_MESSAGE', 'PROGRAM', '메시지 관리 권한', 'Y', 'admin', CURRENT_TIMESTAMP, 'admin', CURRENT_TIMESTAMP);
INSERT INTO TB_BCM_ROLE (ROLE_ID, ROLE_NM, ROLE_TYP, ROLE_DESC, USE_YN, REG_USER_ID, REG_DTM, UPD_USER_ID, UPD_DTM) VALUES ('APBCM00007', 'PRO_BOARD', 'PROGRAM', '게시판 관리 권한', 'Y', 'admin', CURRENT_TIMESTAMP, 'admin', CURRENT_TIMESTAMP);
INSERT INTO TB_BCM_ROLE (ROLE_ID, ROLE_NM, ROLE_TYP, ROLE_DESC, USE_YN, REG_USER_ID, REG_DTM, UPD_USER_ID, UPD_DTM) VALUES ('APBCM00008', 'PRO_VIEW_LOG', 'PROGRAM', '로그조회 권한', 'Y', 'admin', CURRENT_TIMESTAMP, 'admin', CURRENT_TIMESTAMP);
INSERT INTO TB_BCM_ROLE (ROLE_ID, ROLE_NM, ROLE_TYP, ROLE_DESC, USE_YN, REG_USER_ID, REG_DTM, UPD_USER_ID, UPD_DTM) VALUES ('APBCM00009', 'PRO_BOARD_BB2', 'PROGRAM', 'bb2 권한', 'Y', 'admin', CURRENT_TIMESTAMP, 'admin', CURRENT_TIMESTAMP);
INSERT INTO TB_BCM_ROLE (ROLE_ID, ROLE_NM, ROLE_TYP, ROLE_DESC, USE_YN, REG_USER_ID, REG_DTM, UPD_USER_ID, UPD_DTM) VALUES ('AEBCM00001', 'ELE_NOTICE', 'ELEMENT', '공지사항 관리 권한', 'Y', 'admin', CURRENT_TIMESTAMP, 'admin', CURRENT_TIMESTAMP);
INSERT INTO TB_BCM_ROLE (ROLE_ID, ROLE_NM, ROLE_TYP, ROLE_DESC, USE_YN, REG_USER_ID, REG_DTM, UPD_USER_ID, UPD_DTM) VALUES ('AEBCM00002', 'ELE_USER', 'ELEMENT', '사용자 관리 권한', 'Y', 'admin', CURRENT_TIMESTAMP, 'admin', CURRENT_TIMESTAMP);
INSERT INTO TB_BCM_ROLE (ROLE_ID, ROLE_NM, ROLE_TYP, ROLE_DESC, USE_YN, REG_USER_ID, REG_DTM, UPD_USER_ID, UPD_DTM) VALUES ('ABBCM00001', 'BIZ_COMMON_BOARD', 'BIZ', '공지사항/FAQ 업무 권한', 'Y', 'admin', CURRENT_TIMESTAMP, 'admin', CURRENT_TIMESTAMP);

/* ROLE   <-> USER, USER_GROUP Mapping */
INSERT INTO TB_BCM_ROLE_USER_MAP(ROLE_SEQ, ROLE_ID, USER_GRP_ID, USER_ID, ROLE_BEGIN_DT, ROLE_END_DT, USE_YN, REG_USER_ID, REG_DTM, UPD_USER_ID, UPD_DTM) VALUES (1, 'AMBCM00001', 'GRPS_BASE', null, '20180801', '20181201', 'Y', 'admin', CURRENT_TIMESTAMP, 'admin', CURRENT_TIMESTAMP);
INSERT INTO TB_BCM_ROLE_USER_MAP(ROLE_SEQ, ROLE_ID, USER_GRP_ID, USER_ID, ROLE_BEGIN_DT, ROLE_END_DT, USE_YN, REG_USER_ID, REG_DTM, UPD_USER_ID, UPD_DTM) VALUES (2, 'AMBCM00001', 'GRPS_BOARD', null, '20180801', '20181201', 'Y', 'admin', CURRENT_TIMESTAMP, 'admin', CURRENT_TIMESTAMP);
INSERT INTO TB_BCM_ROLE_USER_MAP(ROLE_SEQ, ROLE_ID, USER_GRP_ID, USER_ID, ROLE_BEGIN_DT, ROLE_END_DT, USE_YN, REG_USER_ID, REG_DTM, UPD_USER_ID, UPD_DTM) VALUES (3, 'AMBCM00002', 'GRPS_COM', null, '20180801', '20181201', 'Y', 'admin', CURRENT_TIMESTAMP, 'admin', CURRENT_TIMESTAMP);
INSERT INTO TB_BCM_ROLE_USER_MAP(ROLE_SEQ, ROLE_ID, USER_GRP_ID, USER_ID, ROLE_BEGIN_DT, ROLE_END_DT, USE_YN, REG_USER_ID, REG_DTM, UPD_USER_ID, UPD_DTM) VALUES (4, 'AMBCM00003', 'GRPS_DEV', null, '20180801', '20181201', 'Y', 'admin', CURRENT_TIMESTAMP, 'admin', CURRENT_TIMESTAMP);
INSERT INTO TB_BCM_ROLE_USER_MAP(ROLE_SEQ, ROLE_ID, USER_GRP_ID, USER_ID, ROLE_BEGIN_DT, ROLE_END_DT, USE_YN, REG_USER_ID, REG_DTM, UPD_USER_ID, UPD_DTM) VALUES (5, 'AMBCM00004', 'GRPS_BOARD', null, '20180801', '20181201', 'Y', 'admin', CURRENT_TIMESTAMP, 'admin', CURRENT_TIMESTAMP);
INSERT INTO TB_BCM_ROLE_USER_MAP(ROLE_SEQ, ROLE_ID, USER_GRP_ID, USER_ID, ROLE_BEGIN_DT, ROLE_END_DT, USE_YN, REG_USER_ID, REG_DTM, UPD_USER_ID, UPD_DTM) VALUES (6, 'AMBCM00011', 'GRPS_BOARD_BBS2', null, '20180801', '20181201', 'Y', 'admin', CURRENT_TIMESTAMP, 'admin', CURRENT_TIMESTAMP);
INSERT INTO TB_BCM_ROLE_USER_MAP(ROLE_SEQ, ROLE_ID, USER_GRP_ID, USER_ID, ROLE_BEGIN_DT, ROLE_END_DT, USE_YN, REG_USER_ID, REG_DTM, UPD_USER_ID, UPD_DTM) VALUES (20, 'AMBCM00001', 'GRPS_GUEST', null, '20180801', '20181201', 'Y', 'admin', CURRENT_TIMESTAMP, 'admin', CURRENT_TIMESTAMP);
INSERT INTO TB_BCM_ROLE_USER_MAP(ROLE_SEQ, ROLE_ID, USER_GRP_ID, USER_ID, ROLE_BEGIN_DT, ROLE_END_DT, USE_YN, REG_USER_ID, REG_DTM, UPD_USER_ID, UPD_DTM) VALUES (21, 'AMBCM00002', 'GRPS_GUEST', null, '20180801', '20181201', 'Y', 'admin', CURRENT_TIMESTAMP, 'admin', CURRENT_TIMESTAMP);
INSERT INTO TB_BCM_ROLE_USER_MAP(ROLE_SEQ, ROLE_ID, USER_GRP_ID, USER_ID, ROLE_BEGIN_DT, ROLE_END_DT, USE_YN, REG_USER_ID, REG_DTM, UPD_USER_ID, UPD_DTM) VALUES (22, 'AMBCM00003', 'GRPS_GUEST', null, '20180801', '20181201', 'Y', 'admin', CURRENT_TIMESTAMP, 'admin', CURRENT_TIMESTAMP);
INSERT INTO TB_BCM_ROLE_USER_MAP(ROLE_SEQ, ROLE_ID, USER_GRP_ID, USER_ID, ROLE_BEGIN_DT, ROLE_END_DT, USE_YN, REG_USER_ID, REG_DTM, UPD_USER_ID, UPD_DTM) VALUES (23, 'AMBCM00004', 'GRPS_GUEST', null, '20180801', '20181201', 'Y', 'admin', CURRENT_TIMESTAMP, 'admin', CURRENT_TIMESTAMP);
INSERT INTO TB_BCM_ROLE_USER_MAP(ROLE_SEQ, ROLE_ID, USER_GRP_ID, USER_ID, ROLE_BEGIN_DT, ROLE_END_DT, USE_YN, REG_USER_ID, REG_DTM, UPD_USER_ID, UPD_DTM) VALUES (24, 'AMBCM00011', 'GRPS_GUEST', null, '20180801', '20181201', 'Y', 'admin', CURRENT_TIMESTAMP, 'admin', CURRENT_TIMESTAMP);

INSERT INTO TB_BCM_ROLE_USER_MAP(ROLE_SEQ, ROLE_ID, USER_GRP_ID, USER_ID, ROLE_BEGIN_DT, ROLE_END_DT, USE_YN, REG_USER_ID, REG_DTM, UPD_USER_ID, UPD_DTM) VALUES (7, 'APBCM00001', 'GRPS_COM', null, '20180801', '20181201', 'Y', 'admin', CURRENT_TIMESTAMP, 'admin', CURRENT_TIMESTAMP);
INSERT INTO TB_BCM_ROLE_USER_MAP(ROLE_SEQ, ROLE_ID, USER_GRP_ID, USER_ID, ROLE_BEGIN_DT, ROLE_END_DT, USE_YN, REG_USER_ID, REG_DTM, UPD_USER_ID, UPD_DTM) VALUES (8, 'APBCM00002', 'GRPS_COM', null, '20180801', '20181201', 'Y', 'admin', CURRENT_TIMESTAMP, 'admin', CURRENT_TIMESTAMP);
INSERT INTO TB_BCM_ROLE_USER_MAP(ROLE_SEQ, ROLE_ID, USER_GRP_ID, USER_ID, ROLE_BEGIN_DT, ROLE_END_DT, USE_YN, REG_USER_ID, REG_DTM, UPD_USER_ID, UPD_DTM) VALUES (9, 'APBCM00003', 'GRPS_DEV', null, '20180801', '20181201', 'Y', 'admin', CURRENT_TIMESTAMP, 'admin', CURRENT_TIMESTAMP);
INSERT INTO TB_BCM_ROLE_USER_MAP(ROLE_SEQ, ROLE_ID, USER_GRP_ID, USER_ID, ROLE_BEGIN_DT, ROLE_END_DT, USE_YN, REG_USER_ID, REG_DTM, UPD_USER_ID, UPD_DTM) VALUES (10, 'APBCM00004', 'GRPS_COM', null, '20180801', '20181201', 'Y', 'admin', CURRENT_TIMESTAMP, 'admin', CURRENT_TIMESTAMP);
INSERT INTO TB_BCM_ROLE_USER_MAP(ROLE_SEQ, ROLE_ID, USER_GRP_ID, USER_ID, ROLE_BEGIN_DT, ROLE_END_DT, USE_YN, REG_USER_ID, REG_DTM, UPD_USER_ID, UPD_DTM) VALUES (11, 'APBCM00005', 'GRPS_COM', null, '20180801', '20181201', 'Y', 'admin', CURRENT_TIMESTAMP, 'admin', CURRENT_TIMESTAMP);
INSERT INTO TB_BCM_ROLE_USER_MAP(ROLE_SEQ, ROLE_ID, USER_GRP_ID, USER_ID, ROLE_BEGIN_DT, ROLE_END_DT, USE_YN, REG_USER_ID, REG_DTM, UPD_USER_ID, UPD_DTM) VALUES (12, 'APBCM00006', 'GRPS_COM', null, '20180801', '20181201', 'Y', 'admin', CURRENT_TIMESTAMP, 'admin', CURRENT_TIMESTAMP);
INSERT INTO TB_BCM_ROLE_USER_MAP(ROLE_SEQ, ROLE_ID, USER_GRP_ID, USER_ID, ROLE_BEGIN_DT, ROLE_END_DT, USE_YN, REG_USER_ID, REG_DTM, UPD_USER_ID, UPD_DTM) VALUES (13, 'APBCM00007', 'GRPS_BOARD', null, '20180801', '20181201', 'Y', 'admin', CURRENT_TIMESTAMP, 'admin', CURRENT_TIMESTAMP);
INSERT INTO TB_BCM_ROLE_USER_MAP(ROLE_SEQ, ROLE_ID, USER_GRP_ID, USER_ID, ROLE_BEGIN_DT, ROLE_END_DT, USE_YN, REG_USER_ID, REG_DTM, UPD_USER_ID, UPD_DTM) VALUES (14, 'APBCM00008', 'GRPS_DEV', null, '20180801', '20181201', 'Y', 'admin', CURRENT_TIMESTAMP, 'admin', CURRENT_TIMESTAMP);
INSERT INTO TB_BCM_ROLE_USER_MAP(ROLE_SEQ, ROLE_ID, USER_GRP_ID, USER_ID, ROLE_BEGIN_DT, ROLE_END_DT, USE_YN, REG_USER_ID, REG_DTM, UPD_USER_ID, UPD_DTM) VALUES (15, 'APBCM00009', 'GRPS_BOARD_BBS2', null, '20180801', '20181201', 'Y', 'admin', CURRENT_TIMESTAMP, 'admin', CURRENT_TIMESTAMP);

INSERT INTO TB_BCM_ROLE_USER_MAP(ROLE_SEQ, ROLE_ID, USER_GRP_ID, USER_ID, ROLE_BEGIN_DT, ROLE_END_DT, USE_YN, REG_USER_ID, REG_DTM, UPD_USER_ID, UPD_DTM) VALUES (16, 'AEBCM00001', 'GRPS_BOARD', null, '20180801', '20181201', 'Y', 'admin', CURRENT_TIMESTAMP, 'admin', CURRENT_TIMESTAMP);
INSERT INTO TB_BCM_ROLE_USER_MAP(ROLE_SEQ, ROLE_ID, USER_GRP_ID, USER_ID, ROLE_BEGIN_DT, ROLE_END_DT, USE_YN, REG_USER_ID, REG_DTM, UPD_USER_ID, UPD_DTM) VALUES (17, 'AEBCM00002', 'GRPS_COM', null, '20180801', '20181201', 'Y', 'admin', CURRENT_TIMESTAMP, 'admin', CURRENT_TIMESTAMP);

INSERT INTO TB_BCM_ROLE_USER_MAP(ROLE_SEQ, ROLE_ID, USER_GRP_ID, USER_ID, ROLE_BEGIN_DT, ROLE_END_DT, USE_YN, REG_USER_ID, REG_DTM, UPD_USER_ID, UPD_DTM) VALUES (18, 'ABBCM00001', 'GRPS_BOARD', null, '20180801', '20181201', 'Y', 'admin', CURRENT_TIMESTAMP, 'admin', CURRENT_TIMESTAMP);
INSERT INTO TB_BCM_ROLE_USER_MAP(ROLE_SEQ, ROLE_ID, USER_GRP_ID, USER_ID, ROLE_BEGIN_DT, ROLE_END_DT, USE_YN, REG_USER_ID, REG_DTM, UPD_USER_ID, UPD_DTM) VALUES (19, 'ABBCM00001', null, 'skiaf_user3-cuid', '20180801', '20181201', 'Y', 'admin', CURRENT_TIMESTAMP, 'admin', CURRENT_TIMESTAMP);

/* PROGRAM */
INSERT INTO TB_BCM_PRGM (PRGM_ID, HTTP_METHOD, PRGM_PATH, PRGM_NM, PRGM_TYP, PRGM_DESC, BASE_PATH, USE_YN, REG_DTM, REG_USER_ID, UPD_DTM, UPD_USER_ID) VALUES ('PVUSER-01', 'GET', '/view/bcm/users/my', '사용자 상세', 'VIEW', '사용자 상세', '/view/bcm/users/my', 'Y', CURRENT_TIMESTAMP, 'admin', CURRENT_TIMESTAMP, 'admin');
INSERT INTO TB_BCM_PRGM (PRGM_ID, HTTP_METHOD, PRGM_PATH, PRGM_NM, PRGM_TYP, PRGM_DESC, BASE_PATH, USE_YN, REG_DTM, REG_USER_ID, UPD_DTM, UPD_USER_ID) VALUES ('PVUSER-02', 'GET', '/view/bcm/users/popups/create', '사용자 등록 팝업', 'VIEW', '사용자 등록 팝업', '/view/bcm/users/popups/create', 'Y', CURRENT_TIMESTAMP, 'admin', CURRENT_TIMESTAMP, 'admin');
INSERT INTO TB_BCM_PRGM (PRGM_ID, HTTP_METHOD, PRGM_PATH, PRGM_NM, PRGM_TYP, PRGM_DESC, BASE_PATH, USE_YN, REG_DTM, REG_USER_ID, UPD_DTM, UPD_USER_ID) VALUES ('PVUSER-03', 'GET', '/view/bcm/users/popups/update', '사용자 수정 팝업', 'VIEW', '사용자 수정 팝업', '/view/bcm/users/popups/update', 'Y', CURRENT_TIMESTAMP, 'admin', CURRENT_TIMESTAMP, 'admin');
INSERT INTO TB_BCM_PRGM (PRGM_ID, HTTP_METHOD, PRGM_PATH, PRGM_NM, PRGM_TYP, PRGM_DESC, BASE_PATH, USE_YN, REG_DTM, REG_USER_ID, UPD_DTM, UPD_USER_ID) VALUES ('PVUSER-04', 'GET', '/view/bcm/users/popups/search', '사용자 선택 팝업', 'VIEW', '사용자 선택 팝업', '/view/bcm/users/popups/search', 'Y', CURRENT_TIMESTAMP, 'admin', CURRENT_TIMESTAMP, 'admin');
INSERT INTO TB_BCM_PRGM (PRGM_ID, HTTP_METHOD, PRGM_PATH, PRGM_NM, PRGM_TYP, PRGM_DESC, BASE_PATH, USE_YN, REG_DTM, REG_USER_ID, UPD_DTM, UPD_USER_ID) VALUES ('PVUGRP-01', 'GET', '/view/bcm/usergroups', '사용자 그룹 목록', 'VIEW', '사용자 그룹의 목록을 조회하고 검색함', '/view/bcm/usergroups', 'Y', CURRENT_TIMESTAMP, 'admin', CURRENT_TIMESTAMP, 'admin');
INSERT INTO TB_BCM_PRGM (PRGM_ID, HTTP_METHOD, PRGM_PATH, PRGM_NM, PRGM_TYP, PRGM_DESC, BASE_PATH, USE_YN, REG_DTM, REG_USER_ID, UPD_DTM, UPD_USER_ID) VALUES ('PVUGRP-02', 'GET', '/view/bcm/usergroups/popups/select', '사용자 그룹 목록 팝업', 'VIEW', '사용자 그룹의 목록조회를 위한 팝업 화면.', '/view/bcm/usergroups/popups/select', 'Y', CURRENT_TIMESTAMP, 'admin', CURRENT_TIMESTAMP, 'admin');
INSERT INTO TB_BCM_PRGM (PRGM_ID, HTTP_METHOD, PRGM_PATH, PRGM_NM, PRGM_TYP, PRGM_DESC, BASE_PATH, USE_YN, REG_DTM, REG_USER_ID, UPD_DTM, UPD_USER_ID) VALUES ('PVUGRP-03', 'GET', '/view/bcm/usergroups/popups/create', '사용자 그룹 등록 팝업', 'VIEW', '사용자 그룹의 등록을 위한 팝업 화면.', '/view/bcm/usergroups/popups/create', 'Y', CURRENT_TIMESTAMP, 'admin', CURRENT_TIMESTAMP, 'admin');
INSERT INTO TB_BCM_PRGM (PRGM_ID, HTTP_METHOD, PRGM_PATH, PRGM_NM, PRGM_TYP, PRGM_DESC, BASE_PATH, USE_YN, REG_DTM, REG_USER_ID, UPD_DTM, UPD_USER_ID) VALUES ('PVUGRP-04', 'GET', '/view/bcm/usergroups/popups/update', '사용자 그룹 수정 팝업', 'VIEW', '사용자 그룹의 수정을 위한 팝업 화면.', '/view/bcm/usergroups/popups/update', 'Y', CURRENT_TIMESTAMP, 'admin', CURRENT_TIMESTAMP, 'admin');
INSERT INTO TB_BCM_PRGM (PRGM_ID, HTTP_METHOD, PRGM_PATH, PRGM_NM, PRGM_TYP, PRGM_DESC, BASE_PATH, USE_YN, REG_DTM, REG_USER_ID, UPD_DTM, UPD_USER_ID) VALUES ('PVUGRP-05', 'GET', '/view/bcm/usergroups/{userGroupId}', '사용자 그룹 상세 정보', 'VIEW', '사용자 그룹의 상세 정보와 그룹에 소속된 사용자들의 목록을 조회함.', '/view/bcm/usergroups/*', 'Y', CURRENT_TIMESTAMP, 'admin', CURRENT_TIMESTAMP, 'admin');
INSERT INTO TB_BCM_PRGM (PRGM_ID, HTTP_METHOD, PRGM_PATH, PRGM_NM, PRGM_TYP, PRGM_DESC, BASE_PATH, USE_YN, REG_DTM, REG_USER_ID, UPD_DTM, UPD_USER_ID) VALUES ('PVMENU-01', 'GET', '/view/bcm/menus', '메뉴 Tree/상세', 'VIEW', '메뉴관리 화면을 출력한다.', '/view/bcm/menus', 'Y', CURRENT_TIMESTAMP, 'admin', CURRENT_TIMESTAMP, 'admin');
INSERT INTO TB_BCM_PRGM (PRGM_ID, HTTP_METHOD, PRGM_PATH, PRGM_NM, PRGM_TYP, PRGM_DESC, BASE_PATH, USE_YN, REG_DTM, REG_USER_ID, UPD_DTM, UPD_USER_ID) VALUES ('PVMENU-02', 'GET', '/view/bcm/menus/popups/create', '메뉴 등록 팝업', 'VIEW', '메뉴를 등록하는 레이어 팝업 화면을 출력한다.', '/view/bcm/menus/popups/create', 'Y', CURRENT_TIMESTAMP, 'admin', CURRENT_TIMESTAMP, 'admin');
INSERT INTO TB_BCM_PRGM (PRGM_ID, HTTP_METHOD, PRGM_PATH, PRGM_NM, PRGM_TYP, PRGM_DESC, BASE_PATH, USE_YN, REG_DTM, REG_USER_ID, UPD_DTM, UPD_USER_ID) VALUES ('PVMENU-03', 'GET', '/view/bcm/menus/popups/update', '메뉴 수정 팝업', 'VIEW', '메뉴를 수정하는 레이어 팝업 화면을 출력한다.', '/view/bcm/menus/popups/update', 'Y', CURRENT_TIMESTAMP, 'admin', CURRENT_TIMESTAMP, 'admin');
INSERT INTO TB_BCM_PRGM (PRGM_ID, HTTP_METHOD, PRGM_PATH, PRGM_NM, PRGM_TYP, PRGM_DESC, BASE_PATH, USE_YN, REG_DTM, REG_USER_ID, UPD_DTM, UPD_USER_ID) VALUES ('PVMENU-04', 'GET', '/view/bcm/menus/popups/role', '메뉴 권한 팝업', 'VIEW', '메뉴 권한을 수정하는 레이어 팝업 화면을 출력한다.', '/view/bcm/menus/popups/role', 'Y', CURRENT_TIMESTAMP, 'admin', CURRENT_TIMESTAMP, 'admin');
INSERT INTO TB_BCM_PRGM (PRGM_ID, HTTP_METHOD, PRGM_PATH, PRGM_NM, PRGM_TYP, PRGM_DESC, BASE_PATH, USE_YN, REG_DTM, REG_USER_ID, UPD_DTM, UPD_USER_ID) VALUES ('PVMENU-05', 'GET', '/view/bcm/menus/popups/select', '메뉴 선택 팝업', 'VIEW', '상위메뉴를 선택하는 레이어 팝업 화면을 출력한다.', '/view/bcm/menus/popups/select', 'Y', CURRENT_TIMESTAMP, 'admin', CURRENT_TIMESTAMP, 'admin');
INSERT INTO TB_BCM_PRGM (PRGM_ID, HTTP_METHOD, PRGM_PATH, PRGM_NM, PRGM_TYP, PRGM_DESC, BASE_PATH, USE_YN, REG_DTM, REG_USER_ID, UPD_DTM, UPD_USER_ID) VALUES ('PVMENU-06', 'GET', '/view/bcm/menus/popups/change', '메뉴 트리 변경 팝업', 'VIEW', '메뉴 전체 트리를 변경하는 레이어 팝업 화면을 출력한다.', '/view/bcm/menus/popups/change', 'Y', CURRENT_TIMESTAMP, 'admin', CURRENT_TIMESTAMP, 'admin');
INSERT INTO TB_BCM_PRGM (PRGM_ID, HTTP_METHOD, PRGM_PATH, PRGM_NM, PRGM_TYP, PRGM_DESC, BASE_PATH, USE_YN, REG_DTM, REG_USER_ID, UPD_DTM, UPD_USER_ID) VALUES ('PVPROG-01', 'GET', '/view/bcm/programs', '프로그램 목록', 'VIEW', '검색 조건, 페이지 설정에 따른 프로그램 목록을 보여준다.엑셀 다운로드 기능 제공', '/view/bcm/programs', 'Y', CURRENT_TIMESTAMP, 'admin', CURRENT_TIMESTAMP, 'admin');
INSERT INTO TB_BCM_PRGM (PRGM_ID, HTTP_METHOD, PRGM_PATH, PRGM_NM, PRGM_TYP, PRGM_DESC, BASE_PATH, USE_YN, REG_DTM, REG_USER_ID, UPD_DTM, UPD_USER_ID) VALUES ('PVPROG-02', 'GET', '/view/bcm/programs/popups/save', '프로그램 등록/수정', 'VIEW', '프로그램 등록 수정 레이어팝업 화면.프로그램 타입 (View, Service)에 따라 등록/수정 화면이 다름.입력값에 대한 Validation 기능 제공.', '/view/bcm/programs/popups/save', 'Y', CURRENT_TIMESTAMP, 'admin', CURRENT_TIMESTAMP, 'admin');
INSERT INTO TB_BCM_PRGM (PRGM_ID, HTTP_METHOD, PRGM_PATH, PRGM_NM, PRGM_TYP, PRGM_DESC, BASE_PATH, USE_YN, REG_DTM, REG_USER_ID, UPD_DTM, UPD_USER_ID) VALUES ('PVPROG-03', 'GET', '/view/bcm/programs/popups/select', '프로그램 선택', 'VIEW', '프로그램 선택 레이어팝업 화면.선택한 프로그램 정보를 호출한 화면으로 전달 한다.', '/view/bcm/programs/popups/select', 'Y', CURRENT_TIMESTAMP, 'admin', CURRENT_TIMESTAMP, 'admin');
INSERT INTO TB_BCM_PRGM (PRGM_ID, HTTP_METHOD, PRGM_PATH, PRGM_NM, PRGM_TYP, PRGM_DESC, BASE_PATH, USE_YN, REG_DTM, REG_USER_ID, UPD_DTM, UPD_USER_ID) VALUES ('PVPROG-04', 'GET', '/view/bcm/programs/popups/attach', '프로그램 도움말 첨부', 'VIEW', '프로그램 도움말 첨부 레이어팝업 화면.움말 첨부파일을 업로드, 조회, 삭제 할 수 있는 화면을 제공.', '/view/bcm/programs/popups/attach', 'Y', CURRENT_TIMESTAMP, 'admin', CURRENT_TIMESTAMP, 'admin');
INSERT INTO TB_BCM_PRGM (PRGM_ID, HTTP_METHOD, PRGM_PATH, PRGM_NM, PRGM_TYP, PRGM_DESC, BASE_PATH, USE_YN, REG_DTM, REG_USER_ID, UPD_DTM, UPD_USER_ID) VALUES ('PVPROG-05', 'GET', '/view/bcm/programs/popups/role', '프로그램 권한 선택', 'VIEW', '프로그램 권한 선택 레이어팝업 화면.프로그램과 권한목록 각각 여러 개 선택 할 수 있는 화면을 제공.선택한 프로그램 목록과 권한목록을 n:m맵핑해서 호출한 화면으로 전달 한다.', '/view/bcm/programs/popups/role', 'Y', CURRENT_TIMESTAMP, 'admin', CURRENT_TIMESTAMP, 'admin');
INSERT INTO TB_BCM_PRGM (PRGM_ID, HTTP_METHOD, PRGM_PATH, PRGM_NM, PRGM_TYP, PRGM_DESC, BASE_PATH, USE_YN, REG_DTM, REG_USER_ID, UPD_DTM, UPD_USER_ID) VALUES ('PVPROG-06', 'GET', '/view/bcm/programs/forms/role', '프로그램 권한 연결', 'VIEW', '프로그램 권한 연결 목록에 대한 저장/삭제 기능 제공.', '/view/bcm/programs/forms/role', 'Y', CURRENT_TIMESTAMP, 'admin', CURRENT_TIMESTAMP, 'admin');
INSERT INTO TB_BCM_PRGM (PRGM_ID, HTTP_METHOD, PRGM_PATH, PRGM_NM, PRGM_TYP, PRGM_DESC, BASE_PATH, USE_YN, REG_DTM, REG_USER_ID, UPD_DTM, UPD_USER_ID) VALUES ('PVCODE-01', 'GET', '/view/bcm/codes', '코드 목록', 'VIEW', '탭을 선택해 코드와 코드그룹을 조회하는 화면. 코드 상세 탭에서 코드상세를 추가/수정 할 수 있음', '/view/bcm/codes', 'Y', CURRENT_TIMESTAMP, 'admin', CURRENT_TIMESTAMP, 'admin');
INSERT INTO TB_BCM_PRGM (PRGM_ID, HTTP_METHOD, PRGM_PATH, PRGM_NM, PRGM_TYP, PRGM_DESC, BASE_PATH, USE_YN, REG_DTM, REG_USER_ID, UPD_DTM, UPD_USER_ID) VALUES ('PVCODE-02', 'GET', '/view/bcm/codegroups/forms/create', '코드그룹 등록', 'VIEW', '코드 그룹을 등록하는 팝업 화면', '/view/bcm/codegroups/forms/create', 'Y', CURRENT_TIMESTAMP, 'admin', CURRENT_TIMESTAMP, 'admin');
INSERT INTO TB_BCM_PRGM (PRGM_ID, HTTP_METHOD, PRGM_PATH, PRGM_NM, PRGM_TYP, PRGM_DESC, BASE_PATH, USE_YN, REG_DTM, REG_USER_ID, UPD_DTM, UPD_USER_ID) VALUES ('PVCODE-03', 'GET', '/view/bcm/codegroups/popups/select', '코드그룹 선택', 'VIEW', '코드 그룹을 조회하는 팝업 화면', '/view/bcm/codegroups/popups/select', 'Y', CURRENT_TIMESTAMP, 'admin', CURRENT_TIMESTAMP, 'admin');
INSERT INTO TB_BCM_PRGM (PRGM_ID, HTTP_METHOD, PRGM_PATH, PRGM_NM, PRGM_TYP, PRGM_DESC, BASE_PATH, USE_YN, REG_DTM, REG_USER_ID, UPD_DTM, UPD_USER_ID) VALUES ('PVMSGS-01', 'GET', '/view/bcm/messages', '메시지/다국어/라벨관리 목록', 'VIEW', '메시지 조회 화면', '/view/bcm/messages', 'Y', CURRENT_TIMESTAMP, 'admin', CURRENT_TIMESTAMP, 'admin');
INSERT INTO TB_BCM_PRGM (PRGM_ID, HTTP_METHOD, PRGM_PATH, PRGM_NM, PRGM_TYP, PRGM_DESC, BASE_PATH, USE_YN, REG_DTM, REG_USER_ID, UPD_DTM, UPD_USER_ID) VALUES ('PVMSGS-02', 'GET', '/view/bcm/messages/popups/save', '메시지 등록/수정 팝업', 'VIEW', '메시지 등록/수정 팝업 화면', '/view/bcm/messages/popups/save', 'Y', CURRENT_TIMESTAMP, 'admin', CURRENT_TIMESTAMP, 'admin');
INSERT INTO TB_BCM_PRGM (PRGM_ID, HTTP_METHOD, PRGM_PATH, PRGM_NM, PRGM_TYP, PRGM_DESC, BASE_PATH, USE_YN, REG_DTM, REG_USER_ID, UPD_DTM, UPD_USER_ID) VALUES ('PVPROE-01', 'GET', '/view/bcm/elements', '프로그램 요소 목록', 'VIEW', '프로그램 ID로 프로그램 요소를 조회하고 검색하는 화면', '/view/bcm/elements', 'Y', CURRENT_TIMESTAMP, 'admin', CURRENT_TIMESTAMP, 'admin');
INSERT INTO TB_BCM_PRGM (PRGM_ID, HTTP_METHOD, PRGM_PATH, PRGM_NM, PRGM_TYP, PRGM_DESC, BASE_PATH, USE_YN, REG_DTM, REG_USER_ID, UPD_DTM, UPD_USER_ID) VALUES ('PVPROE-02', 'GET', '/view/bcm/elements/popups/create', '프로그램 요소 등록 팝업', 'VIEW', '한 프로그램의 프로그램 요소를 저장하는 팝업 화면', '/view/bcm/elements/popups/create', 'Y', CURRENT_TIMESTAMP, 'admin', CURRENT_TIMESTAMP, 'admin');
INSERT INTO TB_BCM_PRGM (PRGM_ID, HTTP_METHOD, PRGM_PATH, PRGM_NM, PRGM_TYP, PRGM_DESC, BASE_PATH, USE_YN, REG_DTM, REG_USER_ID, UPD_DTM, UPD_USER_ID) VALUES ('PVPROE-03', 'GET', '/view/bcm/elements/popups/update', '프로그램 요소 수정 팝업', 'VIEW', '한 프로그램의 프로그램 요소를 수정하는 팝업 화면', '/view/bcm/elements/popups/update', 'Y', CURRENT_TIMESTAMP, 'admin', CURRENT_TIMESTAMP, 'admin');
INSERT INTO TB_BCM_PRGM (PRGM_ID, HTTP_METHOD, PRGM_PATH, PRGM_NM, PRGM_TYP, PRGM_DESC, BASE_PATH, USE_YN, REG_DTM, REG_USER_ID, UPD_DTM, UPD_USER_ID) VALUES ('PVPROE-04', 'GET', '/view/bcm/elements/role/{programId}', '프로그램 요소 권한 상세', 'VIEW', '한 프로그램의 프로그램 요소 별 권한을 조회하고 등록/삭제 하는 화면', '/view/bcm/elements/role/*', 'Y', CURRENT_TIMESTAMP, 'admin', CURRENT_TIMESTAMP, 'admin');
INSERT INTO TB_BCM_PRGM (PRGM_ID, HTTP_METHOD, PRGM_PATH, PRGM_NM, PRGM_TYP, PRGM_DESC, BASE_PATH, USE_YN, REG_DTM, REG_USER_ID, UPD_DTM, UPD_USER_ID) VALUES ('PVPROE-05', 'GET', '/view/bcm/elements/popups/select', '프로그램 요소 권한 매핑 추가 팝업', 'VIEW', '한 프로그램의 프로그램 요소와 권한을 추가하는 팝업 화면', '/view/bcm/elements/popups/select', 'Y', CURRENT_TIMESTAMP, 'admin', CURRENT_TIMESTAMP, 'admin');
INSERT INTO TB_BCM_PRGM (PRGM_ID, HTTP_METHOD, PRGM_PATH, PRGM_NM, PRGM_TYP, PRGM_DESC, BASE_PATH, USE_YN, REG_DTM, REG_USER_ID, UPD_DTM, UPD_USER_ID) VALUES ('PVROLE-01', 'GET', '/view/bcm/roles', '권한 목록', 'VIEW', '검색 조건, 페이지 설정에 따른 권한 목록을 보여준다.', '/view/bcm/roles', 'Y', CURRENT_TIMESTAMP, 'admin', CURRENT_TIMESTAMP, 'admin');
INSERT INTO TB_BCM_PRGM (PRGM_ID, HTTP_METHOD, PRGM_PATH, PRGM_NM, PRGM_TYP, PRGM_DESC, BASE_PATH, USE_YN, REG_DTM, REG_USER_ID, UPD_DTM, UPD_USER_ID) VALUES ('PVROLE-02', 'GET', '/view/bcm/roles/popups/select', '권한 검색', 'VIEW', '권한 선택 레이어팝업 화면.선택한 프로그램 정보를 호출한 화면으로 전달 한다.', '/view/bcm/roles/popups/select', 'Y', CURRENT_TIMESTAMP, 'admin', CURRENT_TIMESTAMP, 'admin');
INSERT INTO TB_BCM_PRGM (PRGM_ID, HTTP_METHOD, PRGM_PATH, PRGM_NM, PRGM_TYP, PRGM_DESC, BASE_PATH, USE_YN, REG_DTM, REG_USER_ID, UPD_DTM, UPD_USER_ID) VALUES ('PVROLE-03', 'GET', '/view/bcm/roles/popups/create', '권한 등록', 'VIEW', '', '/view/bcm/roles/popups/create', 'Y', CURRENT_TIMESTAMP, 'admin', CURRENT_TIMESTAMP, 'admin');
INSERT INTO TB_BCM_PRGM (PRGM_ID, HTTP_METHOD, PRGM_PATH, PRGM_NM, PRGM_TYP, PRGM_DESC, BASE_PATH, USE_YN, REG_DTM, REG_USER_ID, UPD_DTM, UPD_USER_ID) VALUES ('PVROLE-04', 'GET', '/view/bcm/roles/popups/edit', '권한 수정', 'VIEW', '권한 수정 레이어팝업 화면.입력값에 대한 Validation 기능 제공.', '/view/bcm/roles/popups/edit', 'Y', CURRENT_TIMESTAMP, 'admin', CURRENT_TIMESTAMP, 'admin');
INSERT INTO TB_BCM_PRGM (PRGM_ID, HTTP_METHOD, PRGM_PATH, PRGM_NM, PRGM_TYP, PRGM_DESC, BASE_PATH, USE_YN, REG_DTM, REG_USER_ID, UPD_DTM, UPD_USER_ID) VALUES ('PVROLE-05', 'GET', '/view/bcm/roles/forms/map', '권한별 사용자 관리', 'VIEW', '용자 그룹, 사용자에 따른 권한 연결 화면.사용자 그룹, 사용자별 권한 등록 삭제 기능 제공.', '/view/bcm/roles/forms/map', 'Y', CURRENT_TIMESTAMP, 'admin', CURRENT_TIMESTAMP, 'admin');
INSERT INTO TB_BCM_PRGM (PRGM_ID, HTTP_METHOD, PRGM_PATH, PRGM_NM, PRGM_TYP, PRGM_DESC, BASE_PATH, USE_YN, REG_DTM, REG_USER_ID, UPD_DTM, UPD_USER_ID) VALUES ('PVLOGS-01', 'GET', '/view/bcm/systemLogs', '시스템로그 목록', 'VIEW', '기본로그 목록 조회 화면을 출력한다.', '/view/bcm/systemLogs', 'Y', CURRENT_TIMESTAMP, 'admin', CURRENT_TIMESTAMP, 'admin');
INSERT INTO TB_BCM_PRGM (PRGM_ID, HTTP_METHOD, PRGM_PATH, PRGM_NM, PRGM_TYP, PRGM_DESC, BASE_PATH, USE_YN, REG_DTM, REG_USER_ID, UPD_DTM, UPD_USER_ID) VALUES ('PVLOGS-02', 'GET', '/view/bcm/systemLogs/popups/detail', '시스템로그 상세', 'VIEW', '기본로그의 상세내용을 상세 레이어 팝업으로 출력한다.', '/view/bcm/systemLogs/popups/detail', 'Y', CURRENT_TIMESTAMP, 'admin', CURRENT_TIMESTAMP, 'admin');
INSERT INTO TB_BCM_PRGM (PRGM_ID, HTTP_METHOD, PRGM_PATH, PRGM_NM, PRGM_TYP, PRGM_DESC, BASE_PATH, USE_YN, REG_DTM, REG_USER_ID, UPD_DTM, UPD_USER_ID) VALUES ('PVLOGS-03', 'GET', '/view/bcm/eventLogs', '이벤트로그 목록', 'VIEW', '이벤트로그 목록 조회 화면을 출력한다.', '/view/bcm/eventLogs', 'Y', CURRENT_TIMESTAMP, 'admin', CURRENT_TIMESTAMP, 'admin');
INSERT INTO TB_BCM_PRGM (PRGM_ID, HTTP_METHOD, PRGM_PATH, PRGM_NM, PRGM_TYP, PRGM_DESC, BASE_PATH, USE_YN, REG_DTM, REG_USER_ID, UPD_DTM, UPD_USER_ID) VALUES ('PVLOGS-04', 'GET', '/view/bcm/eventLogs/popups/detail', '이벤트로그 상세', 'VIEW', '이벤트로그의 상세내용을 상세 레이어 팝업으로 출력한다.', '/view/bcm/eventLogs/popups/detail', 'Y', CURRENT_TIMESTAMP, 'admin', CURRENT_TIMESTAMP, 'admin');
INSERT INTO TB_BCM_PRGM (PRGM_ID, HTTP_METHOD, PRGM_PATH, PRGM_NM, PRGM_TYP, PRGM_DESC, BASE_PATH, USE_YN, REG_DTM, REG_USER_ID, UPD_DTM, UPD_USER_ID) VALUES ('PSUSER-01', 'GET', '/api/users', '사용자 검색 페이징 목록 조회', 'SERVICE', '사용자의 목록 조회 페이징, 검색, 정렬 가능', '/api/users', 'Y', CURRENT_TIMESTAMP, 'admin', CURRENT_TIMESTAMP, 'admin');
INSERT INTO TB_BCM_PRGM (PRGM_ID, HTTP_METHOD, PRGM_PATH, PRGM_NM, PRGM_TYP, PRGM_DESC, BASE_PATH, USE_YN, REG_DTM, REG_USER_ID, UPD_DTM, UPD_USER_ID) VALUES ('PSUSER-02', 'POST', '/api/users', '사용자 등록', 'SERVICE', '사용자를 등록함.', '/api/users', 'Y', CURRENT_TIMESTAMP, 'admin', CURRENT_TIMESTAMP, 'admin');
INSERT INTO TB_BCM_PRGM (PRGM_ID, HTTP_METHOD, PRGM_PATH, PRGM_NM, PRGM_TYP, PRGM_DESC, BASE_PATH, USE_YN, REG_DTM, REG_USER_ID, UPD_DTM, UPD_USER_ID) VALUES ('PSUSER-03', 'GET', '/api/users/{userId}', '사용자 정보 조회', 'SERVICE', '사용자의 상세 정보를 조회함.', '/api/users/*', 'Y', CURRENT_TIMESTAMP, 'admin', CURRENT_TIMESTAMP, 'admin');
INSERT INTO TB_BCM_PRGM (PRGM_ID, HTTP_METHOD, PRGM_PATH, PRGM_NM, PRGM_TYP, PRGM_DESC, BASE_PATH, USE_YN, REG_DTM, REG_USER_ID, UPD_DTM, UPD_USER_ID) VALUES ('PSUSER-04', 'PUT', '/api/users/{userId}', '사용자 수정', 'SERVICE', '사용자의 정보를 수정함.', '/api/users/*', 'Y', CURRENT_TIMESTAMP, 'admin', CURRENT_TIMESTAMP, 'admin');
INSERT INTO TB_BCM_PRGM (PRGM_ID, HTTP_METHOD, PRGM_PATH, PRGM_NM, PRGM_TYP, PRGM_DESC, BASE_PATH, USE_YN, REG_DTM, REG_USER_ID, UPD_DTM, UPD_USER_ID) VALUES ('PSUSER-05', 'GET', '/api/users/{userId}/commands/detail-with-mappings', '사용자 상세 조회 (매핑정보 포함)', 'SERVICE', '사용자 그룹정보, 권한정보를 포함한 사용자 상세 정보를 조회함.', '/api/users/*/commands/detail-with-mappings', 'Y', CURRENT_TIMESTAMP, 'admin', CURRENT_TIMESTAMP, 'admin');
INSERT INTO TB_BCM_PRGM (PRGM_ID, HTTP_METHOD, PRGM_PATH, PRGM_NM, PRGM_TYP, PRGM_DESC, BASE_PATH, USE_YN, REG_DTM, REG_USER_ID, UPD_DTM, UPD_USER_ID) VALUES ('PSUSER-06', 'GET', '/api/users/commands/my-detail-with-mappings', '사용자 본인 상세 조회 (매핑정보 포함)', 'SERVICE', '사용자 본인의 그룹정보, 권한정보를 포함한 사용자 상세 정보를 조회함.', '/api/users/commands/my-detail-with-mappings', 'Y', CURRENT_TIMESTAMP, 'admin', CURRENT_TIMESTAMP, 'admin');
INSERT INTO TB_BCM_PRGM (PRGM_ID, HTTP_METHOD, PRGM_PATH, PRGM_NM, PRGM_TYP, PRGM_DESC, BASE_PATH, USE_YN, REG_DTM, REG_USER_ID, UPD_DTM, UPD_USER_ID) VALUES ('PSUSER-07', 'PUT', '/api/users/{userId}/commands/login-fail-count-reset', '사용자 로그인 실패 카운드 RESET', 'SERVICE', '사용자의 로그인 실패 횟수를 초기화함.', '/api/users/*/commands/login-fail-count-reset', 'Y', CURRENT_TIMESTAMP, 'admin', CURRENT_TIMESTAMP, 'admin');
INSERT INTO TB_BCM_PRGM (PRGM_ID, HTTP_METHOD, PRGM_PATH, PRGM_NM, PRGM_TYP, PRGM_DESC, BASE_PATH, USE_YN, REG_DTM, REG_USER_ID, UPD_DTM, UPD_USER_ID) VALUES ('PSUSER-08', 'PATCH', '/api/users/commands/my-password-change', '사용자(본인) 비밀번호 변경', 'SERVICE', '사용자의 본인의 로그인 비밀번호를 수정함.', '/api/users/commands/my-password-change', 'Y', CURRENT_TIMESTAMP, 'admin', CURRENT_TIMESTAMP, 'admin');
INSERT INTO TB_BCM_PRGM (PRGM_ID, HTTP_METHOD, PRGM_PATH, PRGM_NM, PRGM_TYP, PRGM_DESC, BASE_PATH, USE_YN, REG_DTM, REG_USER_ID, UPD_DTM, UPD_USER_ID) VALUES ('PSUSER-09', 'PATCH', '/api/users/{userId}/commands/password-change', '사용자 비밀번호 변경', 'SERVICE', '사용자의 로그인 비밀번호를 수정함.', '/api/users/*/commands/password-change', 'Y', CURRENT_TIMESTAMP, 'admin', CURRENT_TIMESTAMP, 'admin');
INSERT INTO TB_BCM_PRGM (PRGM_ID, HTTP_METHOD, PRGM_PATH, PRGM_NM, PRGM_TYP, PRGM_DESC, BASE_PATH, USE_YN, REG_DTM, REG_USER_ID, UPD_DTM, UPD_USER_ID) VALUES ('PSUSER-10', 'PUT', '/api/users/{userId}/commands/password-reset', '사용자 비밀번호 RESET', 'SERVICE', '사용자의 비밀번호를 초기화함.', '/api/users/*/commands/password-reset', 'Y', CURRENT_TIMESTAMP, 'admin', CURRENT_TIMESTAMP, 'admin');
INSERT INTO TB_BCM_PRGM (PRGM_ID, HTTP_METHOD, PRGM_PATH, PRGM_NM, PRGM_TYP, PRGM_DESC, BASE_PATH, USE_YN, REG_DTM, REG_USER_ID, UPD_DTM, UPD_USER_ID) VALUES ('PSUSER-11', 'GET', '/api/users/{loginId}/commands/duplicate-check', '로그인 ID 중복체크', 'SERVICE', '사용자 로그인ID의 중복 여부를 조회함.', '/api/users/*/commands/duplicate-check', 'Y', CURRENT_TIMESTAMP, 'admin', CURRENT_TIMESTAMP, 'admin');
INSERT INTO TB_BCM_PRGM (PRGM_ID, HTTP_METHOD, PRGM_PATH, PRGM_NM, PRGM_TYP, PRGM_DESC, BASE_PATH, USE_YN, REG_DTM, REG_USER_ID, UPD_DTM, UPD_USER_ID) VALUES ('PSUSER-12', 'GET', '/api/users/{userId}/groupMap', '사용자 그룹 매핑 목록 조회', 'SERVICE', '사용자에 매핑 된 사용자 그룹 목록을 조회함', '/api/users/*/groupMap', 'Y', CURRENT_TIMESTAMP, 'admin', CURRENT_TIMESTAMP, 'admin');
INSERT INTO TB_BCM_PRGM (PRGM_ID, HTTP_METHOD, PRGM_PATH, PRGM_NM, PRGM_TYP, PRGM_DESC, BASE_PATH, USE_YN, REG_DTM, REG_USER_ID, UPD_DTM, UPD_USER_ID) VALUES ('PSUSER-13', 'PATCH', '/api/users/{userId}/groupMap', '사용자 그룹 매핑 저장', 'SERVICE', '사용자에 매핑 된 사용자 그룹 목록을 수정함', '/api/users/*/groupMap', 'Y', CURRENT_TIMESTAMP, 'admin', CURRENT_TIMESTAMP, 'admin');
INSERT INTO TB_BCM_PRGM (PRGM_ID, HTTP_METHOD, PRGM_PATH, PRGM_NM, PRGM_TYP, PRGM_DESC, BASE_PATH, USE_YN, REG_DTM, REG_USER_ID, UPD_DTM, UPD_USER_ID) VALUES ('PSUGRP-01', 'GET', '/api/usergroups', '사용자그룹 목록 조회', 'SERVICE', '사용자 그룹의 목록 조회 페이징, 검색 가능함.', '/api/usergroups', 'Y', CURRENT_TIMESTAMP, 'admin', CURRENT_TIMESTAMP, 'admin');
INSERT INTO TB_BCM_PRGM (PRGM_ID, HTTP_METHOD, PRGM_PATH, PRGM_NM, PRGM_TYP, PRGM_DESC, BASE_PATH, USE_YN, REG_DTM, REG_USER_ID, UPD_DTM, UPD_USER_ID) VALUES ('PSUGRP-02', 'POST', '/api/usergroups', '사용자그룹 등록', 'SERVICE', '사용자 그룹을 등록함.', '/api/usergroups', 'Y', CURRENT_TIMESTAMP, 'admin', CURRENT_TIMESTAMP, 'admin');
INSERT INTO TB_BCM_PRGM (PRGM_ID, HTTP_METHOD, PRGM_PATH, PRGM_NM, PRGM_TYP, PRGM_DESC, BASE_PATH, USE_YN, REG_DTM, REG_USER_ID, UPD_DTM, UPD_USER_ID) VALUES ('PSUGRP-03', 'GET', '/api/usergroups/{userGroupId}', '사용자그룹 상세 조회', 'SERVICE', '사용자 그룹의 상세 정보를 조회함.', '/api/usergroups/*', 'Y', CURRENT_TIMESTAMP, 'admin', CURRENT_TIMESTAMP, 'admin');
INSERT INTO TB_BCM_PRGM (PRGM_ID, HTTP_METHOD, PRGM_PATH, PRGM_NM, PRGM_TYP, PRGM_DESC, BASE_PATH, USE_YN, REG_DTM, REG_USER_ID, UPD_DTM, UPD_USER_ID) VALUES ('PSUGRP-04', 'PUT', '/api/usergroups/{userGroupId}', '사용자그룹 수정', 'SERVICE', '사용자 그룹의 정보를 수정함.', '/api/usergroups/*', 'Y', CURRENT_TIMESTAMP, 'admin', CURRENT_TIMESTAMP, 'admin');
INSERT INTO TB_BCM_PRGM (PRGM_ID, HTTP_METHOD, PRGM_PATH, PRGM_NM, PRGM_TYP, PRGM_DESC, BASE_PATH, USE_YN, REG_DTM, REG_USER_ID, UPD_DTM, UPD_USER_ID) VALUES ('PSUGRP-05', 'GET', '/api/usergroups/{userGroupId}/map/users', '사용자그룹 권한 매핑 조회', 'SERVICE', '사용자 그룹에 매핑된 권한 정보를 조회함.', '/api/usergroups/*/map/users', 'Y', CURRENT_TIMESTAMP, 'admin', CURRENT_TIMESTAMP, 'admin');
INSERT INTO TB_BCM_PRGM (PRGM_ID, HTTP_METHOD, PRGM_PATH, PRGM_NM, PRGM_TYP, PRGM_DESC, BASE_PATH, USE_YN, REG_DTM, REG_USER_ID, UPD_DTM, UPD_USER_ID) VALUES ('PSUGRP-06', 'POST', '/api/usergroups/{userGroupId}/map/users', '사용자그룹 사용자 매핑 등록', 'SERVICE', '사용자 그룹에 사용자를 등록함.', '/api/usergroups/*/map/users', 'Y', CURRENT_TIMESTAMP, 'admin', CURRENT_TIMESTAMP, 'admin');
INSERT INTO TB_BCM_PRGM (PRGM_ID, HTTP_METHOD, PRGM_PATH, PRGM_NM, PRGM_TYP, PRGM_DESC, BASE_PATH, USE_YN, REG_DTM, REG_USER_ID, UPD_DTM, UPD_USER_ID) VALUES ('PSUGRP-07', 'DELETE', '/api/usergroups/{userGroupId}/map/users', '사용자그룹 사용자 매핑 삭제', 'SERVICE', '사용자 그룹에 등록된 사용자를 제거함.', '/api/usergroups/*/map/users', 'Y', CURRENT_TIMESTAMP, 'admin', CURRENT_TIMESTAMP, 'admin');
INSERT INTO TB_BCM_PRGM (PRGM_ID, HTTP_METHOD, PRGM_PATH, PRGM_NM, PRGM_TYP, PRGM_DESC, BASE_PATH, USE_YN, REG_DTM, REG_USER_ID, UPD_DTM, UPD_USER_ID) VALUES ('PSUGRP-08', 'GET', '/api/usergroups/{userGroupId}/commands/duplicate-check', '사용자그룹 아이디 중복체크', 'SERVICE', '사용자 그룹 아이디에 대한 중복체크', '/api/usergroups/*/commands/duplicate-check', 'Y', CURRENT_TIMESTAMP, 'admin', CURRENT_TIMESTAMP, 'admin');
INSERT INTO TB_BCM_PRGM (PRGM_ID, HTTP_METHOD, PRGM_PATH, PRGM_NM, PRGM_TYP, PRGM_DESC, BASE_PATH, USE_YN, REG_DTM, REG_USER_ID, UPD_DTM, UPD_USER_ID) VALUES ('PSMENU-01', 'GET', '/api/menus', '메뉴 목록 조회', 'SERVICE', '메뉴 전체 목록을 조회한다.', '/api/menus', 'Y', CURRENT_TIMESTAMP, 'admin', CURRENT_TIMESTAMP, 'admin');
INSERT INTO TB_BCM_PRGM (PRGM_ID, HTTP_METHOD, PRGM_PATH, PRGM_NM, PRGM_TYP, PRGM_DESC, BASE_PATH, USE_YN, REG_DTM, REG_USER_ID, UPD_DTM, UPD_USER_ID) VALUES ('PSMENU-02', 'POST', '/api/menus', '메뉴 등록', 'SERVICE', '메뉴를 등록한다.', '/api/menus', 'Y', CURRENT_TIMESTAMP, 'admin', CURRENT_TIMESTAMP, 'admin');
INSERT INTO TB_BCM_PRGM (PRGM_ID, HTTP_METHOD, PRGM_PATH, PRGM_NM, PRGM_TYP, PRGM_DESC, BASE_PATH, USE_YN, REG_DTM, REG_USER_ID, UPD_DTM, UPD_USER_ID) VALUES ('PSMENU-03', 'GET', '/api/menus/{menuId}', '메뉴 상세 조회', 'SERVICE', '해당 menuId의 메뉴 상세 내용을 조회한다.', '/api/menus/*', 'Y', CURRENT_TIMESTAMP, 'admin', CURRENT_TIMESTAMP, 'admin');
INSERT INTO TB_BCM_PRGM (PRGM_ID, HTTP_METHOD, PRGM_PATH, PRGM_NM, PRGM_TYP, PRGM_DESC, BASE_PATH, USE_YN, REG_DTM, REG_USER_ID, UPD_DTM, UPD_USER_ID) VALUES ('PSMENU-04', 'PATCH', '/api/menus/{menuId}', '메뉴 수정', 'SERVICE', '해당 menuId의 메뉴를 수정한다.', '/api/menus/*', 'Y', CURRENT_TIMESTAMP, 'admin', CURRENT_TIMESTAMP, 'admin');
INSERT INTO TB_BCM_PRGM (PRGM_ID, HTTP_METHOD, PRGM_PATH, PRGM_NM, PRGM_TYP, PRGM_DESC, BASE_PATH, USE_YN, REG_DTM, REG_USER_ID, UPD_DTM, UPD_USER_ID) VALUES ('PSMENU-05', 'GET', '/api/menus/{menuId}/commands/duplicate-check', '메뉴ID 중복체크', 'SERVICE', '해당 menuId가 중복인지 체크하고 true/false를 반환한다.', '/api/menus/*/commands/duplicate-check', 'Y', CURRENT_TIMESTAMP, 'admin', CURRENT_TIMESTAMP, 'admin');
INSERT INTO TB_BCM_PRGM (PRGM_ID, HTTP_METHOD, PRGM_PATH, PRGM_NM, PRGM_TYP, PRGM_DESC, BASE_PATH, USE_YN, REG_DTM, REG_USER_ID, UPD_DTM, UPD_USER_ID) VALUES ('PSMENU-06', 'GET', '/api/menus/{menuId}/map/roles', '메뉴 ID 로 Role List 조회', 'SERVICE', '해당 menuId에 매핑 되어있는 권한 목록을 조회한다.', '/api/menus/*/map/roles', 'Y', CURRENT_TIMESTAMP, 'admin', CURRENT_TIMESTAMP, 'admin');
INSERT INTO TB_BCM_PRGM (PRGM_ID, HTTP_METHOD, PRGM_PATH, PRGM_NM, PRGM_TYP, PRGM_DESC, BASE_PATH, USE_YN, REG_DTM, REG_USER_ID, UPD_DTM, UPD_USER_ID) VALUES ('PSMENU-07', 'POST', '/api/menus/{menuId}/map/roles', '해당 메뉴 ID에 권한 목록 매핑(저장)', 'SERVICE', '해당 menuId에 매핑할 권한 목록을 저장한다.', '/api/menus/*/map/roles', 'Y', CURRENT_TIMESTAMP, 'admin', CURRENT_TIMESTAMP, 'admin');
INSERT INTO TB_BCM_PRGM (PRGM_ID, HTTP_METHOD, PRGM_PATH, PRGM_NM, PRGM_TYP, PRGM_DESC, BASE_PATH, USE_YN, REG_DTM, REG_USER_ID, UPD_DTM, UPD_USER_ID) VALUES ('PSMENU-08', 'DELETE', '/api/menus/{menuId}/map/roles', '해당 메뉴 ID에 매핑된 권한 목록 삭제', 'SERVICE', '해당 menuId에 매핑된 권한 목록을 삭제한다.', '/api/menus/*/map/roles', 'Y', CURRENT_TIMESTAMP, 'admin', CURRENT_TIMESTAMP, 'admin');
INSERT INTO TB_BCM_PRGM (PRGM_ID, HTTP_METHOD, PRGM_PATH, PRGM_NM, PRGM_TYP, PRGM_DESC, BASE_PATH, USE_YN, REG_DTM, REG_USER_ID, UPD_DTM, UPD_USER_ID) VALUES ('PSMENU-09', 'GET', '/api/menus/tree', '메뉴 트리 목록 조회', 'SERVICE', '메뉴 목록을 트리로 반환한다.', '/api/menus/tree', 'Y', CURRENT_TIMESTAMP, 'admin', CURRENT_TIMESTAMP, 'admin');
INSERT INTO TB_BCM_PRGM (PRGM_ID, HTTP_METHOD, PRGM_PATH, PRGM_NM, PRGM_TYP, PRGM_DESC, BASE_PATH, USE_YN, REG_DTM, REG_USER_ID, UPD_DTM, UPD_USER_ID) VALUES ('PSMENU-10', 'PATCH', '/api/menus/tree', '메뉴 트리 수정', 'SERVICE', '메뉴 트리 구조를 수정한다.', '/api/menus/tree', 'Y', CURRENT_TIMESTAMP, 'admin', CURRENT_TIMESTAMP, 'admin');
INSERT INTO TB_BCM_PRGM (PRGM_ID, HTTP_METHOD, PRGM_PATH, PRGM_NM, PRGM_TYP, PRGM_DESC, BASE_PATH, USE_YN, REG_DTM, REG_USER_ID, UPD_DTM, UPD_USER_ID) VALUES ('PSPRGR-01', 'POST', '/api/programs/commands/save-program-role-maps', '프로그램 권한 등록', 'SERVICE', '프로그램 권한 목록을 등록한다.', '/api/programs/commands/save-program-role-maps', 'Y', CURRENT_TIMESTAMP, 'admin', CURRENT_TIMESTAMP, 'admin');
INSERT INTO TB_BCM_PRGM (PRGM_ID, HTTP_METHOD, PRGM_PATH, PRGM_NM, PRGM_TYP, PRGM_DESC, BASE_PATH, USE_YN, REG_DTM, REG_USER_ID, UPD_DTM, UPD_USER_ID) VALUES ('PSPRGR-02', 'DELETE', '/api/programs/commands/save-program-role-maps', '프로그램 권한 삭제', 'SERVICE', '프로그램 권한 목록을 삭제한다.', '/api/programs/commands/save-program-role-maps', 'Y', CURRENT_TIMESTAMP, 'admin', CURRENT_TIMESTAMP, 'admin');
INSERT INTO TB_BCM_PRGM (PRGM_ID, HTTP_METHOD, PRGM_PATH, PRGM_NM, PRGM_TYP, PRGM_DESC, BASE_PATH, USE_YN, REG_DTM, REG_USER_ID, UPD_DTM, UPD_USER_ID) VALUES ('PSPRGR-03', 'GET', '/api/programs', '프로그램 목록 조회', 'SERVICE', '검색 조건, 페이지 설정에 따른 프로그램 목록을 조회한다.', '/api/programs', 'Y', CURRENT_TIMESTAMP, 'admin', CURRENT_TIMESTAMP, 'admin');
INSERT INTO TB_BCM_PRGM (PRGM_ID, HTTP_METHOD, PRGM_PATH, PRGM_NM, PRGM_TYP, PRGM_DESC, BASE_PATH, USE_YN, REG_DTM, REG_USER_ID, UPD_DTM, UPD_USER_ID) VALUES ('PSPRGR-04', 'POST', '/api/programs', '프로그램 등록', 'SERVICE', '프로그램 목록을 저장한다.', '/api/programs', 'Y', CURRENT_TIMESTAMP, 'admin', CURRENT_TIMESTAMP, 'admin');
INSERT INTO TB_BCM_PRGM (PRGM_ID, HTTP_METHOD, PRGM_PATH, PRGM_NM, PRGM_TYP, PRGM_DESC, BASE_PATH, USE_YN, REG_DTM, REG_USER_ID, UPD_DTM, UPD_USER_ID) VALUES ('PSPRGR-05', 'PUT', '/api/programs', '프로그램 수정', 'SERVICE', '프로그램 등록/수정 목록을 저장한다.', '/api/programs', 'Y', CURRENT_TIMESTAMP, 'admin', CURRENT_TIMESTAMP, 'admin');
INSERT INTO TB_BCM_PRGM (PRGM_ID, HTTP_METHOD, PRGM_PATH, PRGM_NM, PRGM_TYP, PRGM_DESC, BASE_PATH, USE_YN, REG_DTM, REG_USER_ID, UPD_DTM, UPD_USER_ID) VALUES ('PSPRGR-06', 'GET', '/api/programs/{programId}', '프로그램 조회', 'SERVICE', '프로그램 Id 가 일치하는 프로그램을 조회한다.', '/api/programs/*', 'Y', CURRENT_TIMESTAMP, 'admin', CURRENT_TIMESTAMP, 'admin');
INSERT INTO TB_BCM_PRGM (PRGM_ID, HTTP_METHOD, PRGM_PATH, PRGM_NM, PRGM_TYP, PRGM_DESC, BASE_PATH, USE_YN, REG_DTM, REG_USER_ID, UPD_DTM, UPD_USER_ID) VALUES ('PSPRGR-07', 'GET', '/api/programs/{programIdPrefix}/commands/list-starting-with', '프로그램 ID의 시작문자열이 동일한 프로그램 목록 조회', 'SERVICE', '프로그램 ID의 시작문자열이 동일한 프로그램 목록을 조회한다.', '/api/programs/*/commands/list-starting-with', 'Y', CURRENT_TIMESTAMP, 'admin', CURRENT_TIMESTAMP, 'admin');
INSERT INTO TB_BCM_PRGM (PRGM_ID, HTTP_METHOD, PRGM_PATH, PRGM_NM, PRGM_TYP, PRGM_DESC, BASE_PATH, USE_YN, REG_DTM, REG_USER_ID, UPD_DTM, UPD_USER_ID) VALUES ('PSPRGR-08', 'GET', '/api/programs/{programIdPrefix}/commands/starts-with', '프로그램 ID의 시작문자열 동일 여부 체크', 'SERVICE', '프로그램 ID의 시작문자열이 동일한 프로그램이 있는지 확인한다.', '/api/programs/*/commands/starts-with', 'Y', CURRENT_TIMESTAMP, 'admin', CURRENT_TIMESTAMP, 'admin');
INSERT INTO TB_BCM_PRGM (PRGM_ID, HTTP_METHOD, PRGM_PATH, PRGM_NM, PRGM_TYP, PRGM_DESC, BASE_PATH, USE_YN, REG_DTM, REG_USER_ID, UPD_DTM, UPD_USER_ID) VALUES ('PSCODE-01', 'GET', '/api/codegroups', '코드그룹 목록 조회', 'SERVICE', '코드 그룹의 목록을 조회', '/api/codegroups', 'Y', CURRENT_TIMESTAMP, 'admin', CURRENT_TIMESTAMP, 'admin');
INSERT INTO TB_BCM_PRGM (PRGM_ID, HTTP_METHOD, PRGM_PATH, PRGM_NM, PRGM_TYP, PRGM_DESC, BASE_PATH, USE_YN, REG_DTM, REG_USER_ID, UPD_DTM, UPD_USER_ID) VALUES ('PSCODE-02', 'POST', '/api/codegroups', '코드그룹 저장', 'SERVICE', '코드 그룹을 저장', '/api/codegroups', 'Y', CURRENT_TIMESTAMP, 'admin', CURRENT_TIMESTAMP, 'admin');
INSERT INTO TB_BCM_PRGM (PRGM_ID, HTTP_METHOD, PRGM_PATH, PRGM_NM, PRGM_TYP, PRGM_DESC, BASE_PATH, USE_YN, REG_DTM, REG_USER_ID, UPD_DTM, UPD_USER_ID) VALUES ('PSCODE-03', 'GET', '/api/codegroups/{codeGroupIdBase64}', '코드그룹 조회', 'SERVICE', '코드 그룹 아이디로 코드그룹을 조회', '/api/codegroups/*', 'Y', CURRENT_TIMESTAMP, 'admin', CURRENT_TIMESTAMP, 'admin');
INSERT INTO TB_BCM_PRGM (PRGM_ID, HTTP_METHOD, PRGM_PATH, PRGM_NM, PRGM_TYP, PRGM_DESC, BASE_PATH, USE_YN, REG_DTM, REG_USER_ID, UPD_DTM, UPD_USER_ID) VALUES ('PSCODE-04', 'PUT', '/api/codegroups/{codeGroupIdBase64}', '코드그룹 수정', 'SERVICE', '코드 그룹의 정보를 수정', '/api/codegroups/*', 'Y', CURRENT_TIMESTAMP, 'admin', CURRENT_TIMESTAMP, 'admin');
INSERT INTO TB_BCM_PRGM (PRGM_ID, HTTP_METHOD, PRGM_PATH, PRGM_NM, PRGM_TYP, PRGM_DESC, BASE_PATH, USE_YN, REG_DTM, REG_USER_ID, UPD_DTM, UPD_USER_ID) VALUES ('PSCODE-05', 'GET', '/api/codes', '코드 목록 조회', 'SERVICE', '코드 상세 목록을 조회', '/api/codes', 'Y', CURRENT_TIMESTAMP, 'admin', CURRENT_TIMESTAMP, 'admin');
INSERT INTO TB_BCM_PRGM (PRGM_ID, HTTP_METHOD, PRGM_PATH, PRGM_NM, PRGM_TYP, PRGM_DESC, BASE_PATH, USE_YN, REG_DTM, REG_USER_ID, UPD_DTM, UPD_USER_ID) VALUES ('PSCODE-06', 'POST', '/api/codes', '코드 저장', 'SERVICE', '코드 상세 내용 저장', '/api/codes', 'Y', CURRENT_TIMESTAMP, 'admin', CURRENT_TIMESTAMP, 'admin');
INSERT INTO TB_BCM_PRGM (PRGM_ID, HTTP_METHOD, PRGM_PATH, PRGM_NM, PRGM_TYP, PRGM_DESC, BASE_PATH, USE_YN, REG_DTM, REG_USER_ID, UPD_DTM, UPD_USER_ID) VALUES ('PSCODE-07', 'PUT', '/api/codes', '코드 수정', 'SERVICE', '코드 상세 내용 수정', '/api/codes', 'Y', CURRENT_TIMESTAMP, 'admin', CURRENT_TIMESTAMP, 'admin');
INSERT INTO TB_BCM_PRGM (PRGM_ID, HTTP_METHOD, PRGM_PATH, PRGM_NM, PRGM_TYP, PRGM_DESC, BASE_PATH, USE_YN, REG_DTM, REG_USER_ID, UPD_DTM, UPD_USER_ID) VALUES ('PSCODE-08', 'GET', '/api/codes/{codeGroupId}/commands/of-current-lang', '현재 언어에 따른 코드값 목록 조회', 'SERVICE', '현재 언어에 따른 코드값 목록 조회', '/api/codes/*/commands/of-current-lang', 'Y', CURRENT_TIMESTAMP, 'admin', CURRENT_TIMESTAMP, 'admin');
INSERT INTO TB_BCM_PRGM (PRGM_ID, HTTP_METHOD, PRGM_PATH, PRGM_NM, PRGM_TYP, PRGM_DESC, BASE_PATH, USE_YN, REG_DTM, REG_USER_ID, UPD_DTM, UPD_USER_ID) VALUES ('PSMSGS-01', 'GET', '/api/messages', '메시지 목록 조회', 'SERVICE', '메시지 목록을 조회한다.', '/api/messages', 'Y', CURRENT_TIMESTAMP, 'admin', CURRENT_TIMESTAMP, 'admin');
INSERT INTO TB_BCM_PRGM (PRGM_ID, HTTP_METHOD, PRGM_PATH, PRGM_NM, PRGM_TYP, PRGM_DESC, BASE_PATH, USE_YN, REG_DTM, REG_USER_ID, UPD_DTM, UPD_USER_ID) VALUES ('PSMSGS-02', 'POST', '/api/messages', '메시지 저장', 'SERVICE', '메시지를 등록한다.', '/api/messages', 'Y', CURRENT_TIMESTAMP, 'admin', CURRENT_TIMESTAMP, 'admin');
INSERT INTO TB_BCM_PRGM (PRGM_ID, HTTP_METHOD, PRGM_PATH, PRGM_NM, PRGM_TYP, PRGM_DESC, BASE_PATH, USE_YN, REG_DTM, REG_USER_ID, UPD_DTM, UPD_USER_ID) VALUES ('PSMSGS-03', 'GET', '/api/messages/{messageKeyBase64}', '메시지 조회', 'SERVICE', '메시지를 상세 조회한다.', '/api/messages/*', 'Y', CURRENT_TIMESTAMP, 'admin', CURRENT_TIMESTAMP, 'admin');
INSERT INTO TB_BCM_PRGM (PRGM_ID, HTTP_METHOD, PRGM_PATH, PRGM_NM, PRGM_TYP, PRGM_DESC, BASE_PATH, USE_YN, REG_DTM, REG_USER_ID, UPD_DTM, UPD_USER_ID) VALUES ('PSMSGS-04', 'PUT', '/api/messages/{messageKeyBase64}', '메시지 수정', 'SERVICE', '메시지를 수정한다.', '/api/messages/*', 'Y', CURRENT_TIMESTAMP, 'admin', CURRENT_TIMESTAMP, 'admin');
INSERT INTO TB_BCM_PRGM (PRGM_ID, HTTP_METHOD, PRGM_PATH, PRGM_NM, PRGM_TYP, PRGM_DESC, BASE_PATH, USE_YN, REG_DTM, REG_USER_ID, UPD_DTM, UPD_USER_ID) VALUES ('PSELMT-01', 'POST', '/api/elements/programs/{programId}', '프로그램 요소 등록', 'SERVICE', '프로그램 요소를 등록', '/api/elements/programs/*', 'Y', CURRENT_TIMESTAMP, 'admin', CURRENT_TIMESTAMP, 'admin');
INSERT INTO TB_BCM_PRGM (PRGM_ID, HTTP_METHOD, PRGM_PATH, PRGM_NM, PRGM_TYP, PRGM_DESC, BASE_PATH, USE_YN, REG_DTM, REG_USER_ID, UPD_DTM, UPD_USER_ID) VALUES ('PSELMT-02', 'PUT', '/api/elements/{elementSeq}/programs/{programId}', '프로그램 요소 수정', 'SERVICE', '프로그램 요소를 수정', '/api/elements/*/programs/*', 'Y', CURRENT_TIMESTAMP, 'admin', CURRENT_TIMESTAMP, 'admin');
INSERT INTO TB_BCM_PRGM (PRGM_ID, HTTP_METHOD, PRGM_PATH, PRGM_NM, PRGM_TYP, PRGM_DESC, BASE_PATH, USE_YN, REG_DTM, REG_USER_ID, UPD_DTM, UPD_USER_ID) VALUES ('PSELMT-03', 'GET', '/api/elements/programs/{programId}', '프로그램 아이디로 목록 조회', 'SERVICE', '프로그램 ID로 프로그램 요소를 조회', '/api/elements/programs/*', 'Y', CURRENT_TIMESTAMP, 'admin', CURRENT_TIMESTAMP, 'admin');
INSERT INTO TB_BCM_PRGM (PRGM_ID, HTTP_METHOD, PRGM_PATH, PRGM_NM, PRGM_TYP, PRGM_DESC, BASE_PATH, USE_YN, REG_DTM, REG_USER_ID, UPD_DTM, UPD_USER_ID) VALUES ('PSELMT-04', 'POST', '/api/elements/programs/{programId}/map/roles', '프로그램 요소 권한 매핑 저장', 'SERVICE', '프로그램 요소와 권한을 저장', '/api/elements/programs/*/map/roles', 'Y', CURRENT_TIMESTAMP, 'admin', CURRENT_TIMESTAMP, 'admin');
INSERT INTO TB_BCM_PRGM (PRGM_ID, HTTP_METHOD, PRGM_PATH, PRGM_NM, PRGM_TYP, PRGM_DESC, BASE_PATH, USE_YN, REG_DTM, REG_USER_ID, UPD_DTM, UPD_USER_ID) VALUES ('PSELMT-05', 'DELETE', '/api/elements/programs/{programId}/map/roles', '프로그램 요소 권한 매핑 삭제', 'SERVICE', '프로그램 요소와 권한을 삭제', '/api/elements/programs/*/map/roles', 'Y', CURRENT_TIMESTAMP, 'admin', CURRENT_TIMESTAMP, 'admin');
INSERT INTO TB_BCM_PRGM (PRGM_ID, HTTP_METHOD, PRGM_PATH, PRGM_NM, PRGM_TYP, PRGM_DESC, BASE_PATH, USE_YN, REG_DTM, REG_USER_ID, UPD_DTM, UPD_USER_ID) VALUES ('PSELMT-06', 'GET', '/api/elements/{elementKey}/programs/{programId}/commands/duplicate-check', '프로그램 요소 중복 체크', 'SERVICE', '프로그램 요소에 대한 중복 체크', '/api/elements/*/programs/*/commands/duplicate-check', 'Y', CURRENT_TIMESTAMP, 'admin', CURRENT_TIMESTAMP, 'admin');
INSERT INTO TB_BCM_PRGM (PRGM_ID, HTTP_METHOD, PRGM_PATH, PRGM_NM, PRGM_TYP, PRGM_DESC, BASE_PATH, USE_YN, REG_DTM, REG_USER_ID, UPD_DTM, UPD_USER_ID) VALUES ('PSELMT-07', 'GET', '/api/elements/{elementSeq}/programs/{programId}', '프로그램 요소 순번 조회', 'SERVICE', '프로그램 요소 순번으로 조회', '/api/elements/*/programs/*', 'Y', CURRENT_TIMESTAMP, 'admin', CURRENT_TIMESTAMP, 'admin');
INSERT INTO TB_BCM_PRGM (PRGM_ID, HTTP_METHOD, PRGM_PATH, PRGM_NM, PRGM_TYP, PRGM_DESC, BASE_PATH, USE_YN, REG_DTM, REG_USER_ID, UPD_DTM, UPD_USER_ID) VALUES ('PSROLE-01', 'GET', '/api/roles', 'Role 검색 페이징 목록 조회', 'SERVICE', '검색 조건, 페이지 설정에 따른 권한 목록을 조회한다.', '/api/roles', 'Y', CURRENT_TIMESTAMP, 'admin', CURRENT_TIMESTAMP, 'admin');
INSERT INTO TB_BCM_PRGM (PRGM_ID, HTTP_METHOD, PRGM_PATH, PRGM_NM, PRGM_TYP, PRGM_DESC, BASE_PATH, USE_YN, REG_DTM, REG_USER_ID, UPD_DTM, UPD_USER_ID) VALUES ('PSROLE-02', 'POST', '/api/roles', 'Role 등록', 'SERVICE', '권한을 저장한다.', '/api/roles', 'Y', CURRENT_TIMESTAMP, 'admin', CURRENT_TIMESTAMP, 'admin');
INSERT INTO TB_BCM_PRGM (PRGM_ID, HTTP_METHOD, PRGM_PATH, PRGM_NM, PRGM_TYP, PRGM_DESC, BASE_PATH, USE_YN, REG_DTM, REG_USER_ID, UPD_DTM, UPD_USER_ID) VALUES ('PSROLE-03', 'GET', '/api/roles/{roleId}', 'Role 단일 조회', 'SERVICE', '권한 Id가 일치하는 권한을 조회한다.', '/api/roles/*', 'Y', CURRENT_TIMESTAMP, 'admin', CURRENT_TIMESTAMP, 'admin');
INSERT INTO TB_BCM_PRGM (PRGM_ID, HTTP_METHOD, PRGM_PATH, PRGM_NM, PRGM_TYP, PRGM_DESC, BASE_PATH, USE_YN, REG_DTM, REG_USER_ID, UPD_DTM, UPD_USER_ID) VALUES ('PSROLE-04', 'PUT', '/api/roles/{roleId}', 'Role 수정', 'SERVICE', '권한 Id가 일치하는 권한정보를 수정한다.', '/api/roles/*', 'Y', CURRENT_TIMESTAMP, 'admin', CURRENT_TIMESTAMP, 'admin');
INSERT INTO TB_BCM_PRGM (PRGM_ID, HTTP_METHOD, PRGM_PATH, PRGM_NM, PRGM_TYP, PRGM_DESC, BASE_PATH, USE_YN, REG_DTM, REG_USER_ID, UPD_DTM, UPD_USER_ID) VALUES ('PSROLE-05', 'GET', '/api/roles/{roleId}/commands/detail-with-mappings', 'Role 상세조회(매핑정보 포함)', 'SERVICE', '권한 Id가 일치하는 권한에 대한 권한정보 및 사용자그룹, 사용자 연결 정보를 조회한다.', '/api/roles/*/commands/detail-with-mappings', 'Y', CURRENT_TIMESTAMP, 'admin', CURRENT_TIMESTAMP, 'admin');
INSERT INTO TB_BCM_PRGM (PRGM_ID, HTTP_METHOD, PRGM_PATH, PRGM_NM, PRGM_TYP, PRGM_DESC, BASE_PATH, USE_YN, REG_DTM, REG_USER_ID, UPD_DTM, UPD_USER_ID) VALUES ('PSROLE-06', 'GET', '/api/roles/{roleId}/commands/duplicate-check', 'Role ID 중복체크', 'SERVICE', '권한 Id가 있는지 중복체크 한다.', '/api/roles/*/commands/duplicate-check', 'Y', CURRENT_TIMESTAMP, 'admin', CURRENT_TIMESTAMP, 'admin');
INSERT INTO TB_BCM_PRGM (PRGM_ID, HTTP_METHOD, PRGM_PATH, PRGM_NM, PRGM_TYP, PRGM_DESC, BASE_PATH, USE_YN, REG_DTM, REG_USER_ID, UPD_DTM, UPD_USER_ID) VALUES ('PSROLE-07', 'POST', '/api/roles/{roleId}/map/usergroups', 'Role 에 사용자그룹 매핑', 'SERVICE', '권한 사용자 그룹 연결 목록을 등록한다.', '/api/roles/*/map/usergroups', 'Y', CURRENT_TIMESTAMP, 'admin', CURRENT_TIMESTAMP, 'admin');
INSERT INTO TB_BCM_PRGM (PRGM_ID, HTTP_METHOD, PRGM_PATH, PRGM_NM, PRGM_TYP, PRGM_DESC, BASE_PATH, USE_YN, REG_DTM, REG_USER_ID, UPD_DTM, UPD_USER_ID) VALUES ('PSROLE-08', 'POST', '/api/roles/{roleId}/map/users', 'Role 에 사용자 매핑', 'SERVICE', '권한 사용자 연결 목록을 등록한다.', '/api/roles/*/map/users', 'Y', CURRENT_TIMESTAMP, 'admin', CURRENT_TIMESTAMP, 'admin');
INSERT INTO TB_BCM_PRGM (PRGM_ID, HTTP_METHOD, PRGM_PATH, PRGM_NM, PRGM_TYP, PRGM_DESC, BASE_PATH, USE_YN, REG_DTM, REG_USER_ID, UPD_DTM, UPD_USER_ID) VALUES ('PSLOGS-01', 'GET', '/api/logs', '로그 목록 조회', 'SERVICE', 'DB에 저장되어있는 로그 목록을 조회한다.', '/api/logs', 'Y', CURRENT_TIMESTAMP, 'admin', CURRENT_TIMESTAMP, 'admin');
INSERT INTO TB_BCM_PRGM (PRGM_ID, HTTP_METHOD, PRGM_PATH, PRGM_NM, PRGM_TYP, PRGM_DESC, BASE_PATH, USE_YN, REG_DTM, REG_USER_ID, UPD_DTM, UPD_USER_ID) VALUES ('PVLOGIN-01', 'GET', '/view/bcm/login/login-form', '로그인 화면', 'VIEW', '자체 로그인, SSO 인증 처리 기능 제공', '/view/bcm/login/login-form', 'Y', CURRENT_TIMESTAMP, 'admin', CURRENT_TIMESTAMP, 'admin');
INSERT INTO TB_BCM_PRGM (PRGM_ID, HTTP_METHOD, PRGM_PATH, PRGM_NM, PRGM_TYP, PRGM_DESC, BASE_PATH, USE_YN, REG_DTM, REG_USER_ID, UPD_DTM, UPD_USER_ID) VALUES ('PVLOGIN-02', 'GET', '/view/bcm/login/login-error', '로그인 에러 화면', 'VIEW', '로그인 에러에 대한 세부 사항 안내', '/view/bcm/login/login-error', 'Y', CURRENT_TIMESTAMP, 'admin', CURRENT_TIMESTAMP, 'admin');
INSERT INTO TB_BCM_PRGM (PRGM_ID, HTTP_METHOD, PRGM_PATH, PRGM_NM, PRGM_TYP, PRGM_DESC, BASE_PATH, USE_YN, REG_DTM, REG_USER_ID, UPD_DTM, UPD_USER_ID) VALUES ('PVLOGIN-03', 'GET', '/view/bcm/login/change-password/{loginId}', '비밀번호 변경 화면', 'VIEW', '자체 로그인 사용자의 비밀번호 변경 기능 제공', '/view/bcm/login/change-password/*', 'Y', CURRENT_TIMESTAMP, 'admin', CURRENT_TIMESTAMP, 'admin');
INSERT INTO TB_BCM_PRGM (PRGM_ID, HTTP_METHOD, PRGM_PATH, PRGM_NM, PRGM_TYP, PRGM_DESC, BASE_PATH, USE_YN, REG_DTM, REG_USER_ID, UPD_DTM, UPD_USER_ID) VALUES ('PSLOGIN-01', 'POST', '/api/login/login', '로그인', 'SERVICE', '자체 로그인 처리', '/api/login/login', 'Y', CURRENT_TIMESTAMP, 'admin', CURRENT_TIMESTAMP, 'admin');
INSERT INTO TB_BCM_PRGM (PRGM_ID, HTTP_METHOD, PRGM_PATH, PRGM_NM, PRGM_TYP, PRGM_DESC, BASE_PATH, USE_YN, REG_DTM, REG_USER_ID, UPD_DTM, UPD_USER_ID) VALUES ('PSLOGIN-02', 'GET', '/api/login/sso-login', 'SSO 인증', 'SERVICE', 'SSO 인증 처리 ', '/api/login/sso-login', 'Y', CURRENT_TIMESTAMP, 'admin', CURRENT_TIMESTAMP, 'admin');
INSERT INTO TB_BCM_PRGM (PRGM_ID, HTTP_METHOD, PRGM_PATH, PRGM_NM, PRGM_TYP, PRGM_DESC, BASE_PATH, USE_YN, REG_DTM, REG_USER_ID, UPD_DTM, UPD_USER_ID) VALUES ('PSLOGIN-03', 'PATCH', '/api/login/command/change-password/{userId}', '비밀번호 변경', 'SERVICE', '비밀번호 변경 처리', '/api/login/command/change-password/*', 'Y', CURRENT_TIMESTAMP, 'admin', CURRENT_TIMESTAMP, 'admin');
INSERT INTO TB_BCM_PRGM (PRGM_ID, HTTP_METHOD, PRGM_PATH, PRGM_NM, PRGM_TYP, PRGM_DESC, BASE_PATH, USE_YN, REG_DTM, REG_USER_ID, UPD_DTM, UPD_USER_ID) VALUES ('PVBOARD-01', 'GET', '/view/bcm/boards', '게시판관리 목록', 'VIEW', '게시판 목록을 조회한다.', '/view/bcm/boards', 'Y', CURRENT_TIMESTAMP, 'admin', CURRENT_TIMESTAMP, 'admin');
INSERT INTO TB_BCM_PRGM (PRGM_ID, HTTP_METHOD, PRGM_PATH, PRGM_NM, PRGM_TYP, PRGM_DESC, BASE_PATH, USE_YN, REG_DTM, REG_USER_ID, UPD_DTM, UPD_USER_ID) VALUES ('PVBOARD-02', 'GET', '/view/bcm/boards/popups/create', '게시판관리 등록팝업', 'VIEW', '새로운 게시판을 등록한다.', '/view/bcm/boards/popups/create', 'Y', CURRENT_TIMESTAMP, 'admin', CURRENT_TIMESTAMP, 'admin');
INSERT INTO TB_BCM_PRGM (PRGM_ID, HTTP_METHOD, PRGM_PATH, PRGM_NM, PRGM_TYP, PRGM_DESC, BASE_PATH, USE_YN, REG_DTM, REG_USER_ID, UPD_DTM, UPD_USER_ID) VALUES ('PVBOARD-03', 'GET', '/view/bcm/boards/popups/update', '게시판관리 수정팝업', 'VIEW', '기존 게시판을 수정한다.', '/view/bcm/boards/popups/update', 'Y', CURRENT_TIMESTAMP, 'admin', CURRENT_TIMESTAMP, 'admin');
INSERT INTO TB_BCM_PRGM (PRGM_ID, HTTP_METHOD, PRGM_PATH, PRGM_NM, PRGM_TYP, PRGM_DESC, BASE_PATH, USE_YN, REG_DTM, REG_USER_ID, UPD_DTM, UPD_USER_ID) VALUES ('PSBOARD-01', 'GET', '/api/boards', '게시판 목록 조회', 'SERVICE', '게시판 목록 조회', '/api/boards', 'Y', CURRENT_TIMESTAMP, 'admin', CURRENT_TIMESTAMP, 'admin');
INSERT INTO TB_BCM_PRGM (PRGM_ID, HTTP_METHOD, PRGM_PATH, PRGM_NM, PRGM_TYP, PRGM_DESC, BASE_PATH, USE_YN, REG_DTM, REG_USER_ID, UPD_DTM, UPD_USER_ID) VALUES ('PSBOARD-02', 'GET', '/api/boards/{boardId}', '게시판 상세 조회', 'SERVICE', '게시판 상세 조회', '/api/boards/*', 'Y', CURRENT_TIMESTAMP, 'admin', CURRENT_TIMESTAMP, 'admin');
INSERT INTO TB_BCM_PRGM (PRGM_ID, HTTP_METHOD, PRGM_PATH, PRGM_NM, PRGM_TYP, PRGM_DESC, BASE_PATH, USE_YN, REG_DTM, REG_USER_ID, UPD_DTM, UPD_USER_ID) VALUES ('PSBOARD-03', 'POST', '/api/boards', '게시판 등록', 'SERVICE', '신규 게시판 생성', '/api/boards', 'Y', CURRENT_TIMESTAMP, 'admin', CURRENT_TIMESTAMP, 'admin');
INSERT INTO TB_BCM_PRGM (PRGM_ID, HTTP_METHOD, PRGM_PATH, PRGM_NM, PRGM_TYP, PRGM_DESC, BASE_PATH, USE_YN, REG_DTM, REG_USER_ID, UPD_DTM, UPD_USER_ID) VALUES ('PSBOARD-04', 'PUT', '/api/boards/{boardId}', '게시판 수정', 'SERVICE', '게시판 수정', '/api/boards/*', 'Y', CURRENT_TIMESTAMP, 'admin', CURRENT_TIMESTAMP, 'admin');
INSERT INTO TB_BCM_PRGM (PRGM_ID, HTTP_METHOD, PRGM_PATH, PRGM_NM, PRGM_TYP, PRGM_DESC, BASE_PATH, USE_YN, REG_DTM, REG_USER_ID, UPD_DTM, UPD_USER_ID) VALUES ('PSBOARD-05', 'GET', '/api/boards/{boardId}/commands/duplicate-check', '게시판 ID 중복체크', 'SERVICE', '게시판 ID가 있는지 중복체크 한다.', '/api/boards/*/commands/duplicate-check', 'Y', CURRENT_TIMESTAMP, 'admin', CURRENT_TIMESTAMP, 'admin');
INSERT INTO TB_BCM_PRGM (PRGM_ID, HTTP_METHOD, PRGM_PATH, PRGM_NM, PRGM_TYP, PRGM_DESC, BASE_PATH, USE_YN, REG_DTM, REG_USER_ID, UPD_DTM, UPD_USER_ID) VALUES ('PVNOTI-01', 'GET', '/view/bcm/boards/notice/articles', '공지사항 목록', 'VIEW', '공지사항 게시글 목록을 보여준다', '/view/bcm/boards/notice/articles', 'Y', CURRENT_TIMESTAMP, 'admin', CURRENT_TIMESTAMP, 'admin');
INSERT INTO TB_BCM_PRGM (PRGM_ID, HTTP_METHOD, PRGM_PATH, PRGM_NM, PRGM_TYP, PRGM_DESC, BASE_PATH, USE_YN, REG_DTM, REG_USER_ID, UPD_DTM, UPD_USER_ID) VALUES ('PVNOTI-02', 'GET', '/view/bcm/boards/notice/articles/{articleId}', '공지사항 상세', 'VIEW', '공지사항 게시글을 보여준다', '/view/bcm/boards/notice/articles/*', 'Y', CURRENT_TIMESTAMP, 'admin', CURRENT_TIMESTAMP, 'admin');
INSERT INTO TB_BCM_PRGM (PRGM_ID, HTTP_METHOD, PRGM_PATH, PRGM_NM, PRGM_TYP, PRGM_DESC, BASE_PATH, USE_YN, REG_DTM, REG_USER_ID, UPD_DTM, UPD_USER_ID) VALUES ('PSNOTI-01', 'GET', '/api/boards/notice/articles', '공지사항 목록 조회', 'SERVICE', '공지사항 게시글 목록 조회', '/api/boards/notice/articles', 'Y', CURRENT_TIMESTAMP, 'admin', CURRENT_TIMESTAMP, 'admin');
INSERT INTO TB_BCM_PRGM (PRGM_ID, HTTP_METHOD, PRGM_PATH, PRGM_NM, PRGM_TYP, PRGM_DESC, BASE_PATH, USE_YN, REG_DTM, REG_USER_ID, UPD_DTM, UPD_USER_ID) VALUES ('PSNOTI-02', 'GET', '/api/boards/notice/articles/{articleId}', '공지사항 상세 조회', 'SERVICE', '공지사항 게시글 목록 조회', '/api/boards/notice/articles/*', 'Y', CURRENT_TIMESTAMP, 'admin', CURRENT_TIMESTAMP, 'admin');
INSERT INTO TB_BCM_PRGM (PRGM_ID, HTTP_METHOD, PRGM_PATH, PRGM_NM, PRGM_TYP, PRGM_DESC, BASE_PATH, USE_YN, REG_DTM, REG_USER_ID, UPD_DTM, UPD_USER_ID) VALUES ('PSNOTI-03', 'POST', '/api/boards/notice/articles', '공지사항 작성', 'SERVICE', '공지사항 게시글 작성', '/api/boards/notice/articles', 'Y', CURRENT_TIMESTAMP, 'admin', CURRENT_TIMESTAMP, 'admin');
INSERT INTO TB_BCM_PRGM (PRGM_ID, HTTP_METHOD, PRGM_PATH, PRGM_NM, PRGM_TYP, PRGM_DESC, BASE_PATH, USE_YN, REG_DTM, REG_USER_ID, UPD_DTM, UPD_USER_ID) VALUES ('PSNOTI-04', 'PUT', '/api/boards/notice/articles/{articleId}', '공지사항 수정', 'SERVICE', '공지사항 게시글 수정', '/api/boards/notice/articles/*', 'Y', CURRENT_TIMESTAMP, 'admin', CURRENT_TIMESTAMP, 'admin');
INSERT INTO TB_BCM_PRGM (PRGM_ID, HTTP_METHOD, PRGM_PATH, PRGM_NM, PRGM_TYP, PRGM_DESC, BASE_PATH, USE_YN, REG_DTM, REG_USER_ID, UPD_DTM, UPD_USER_ID) VALUES ('PSNOTI-05', 'DELETE', '/api/boards/notice/articles/{articleId}', '공지사항 삭제', 'SERVICE', '공지사항 게시글 삭제', '/api/boards/notice/articles/*', 'Y', CURRENT_TIMESTAMP, 'admin', CURRENT_TIMESTAMP, 'admin');
INSERT INTO TB_BCM_PRGM (PRGM_ID, HTTP_METHOD, PRGM_PATH, PRGM_NM, PRGM_TYP, PRGM_DESC, BASE_PATH, USE_YN, REG_DTM, REG_USER_ID, UPD_DTM, UPD_USER_ID) VALUES ('PVFAQ-01', 'GET', '/view/bcm/boards/faq/articles', 'FAQ 목록', 'VIEW', 'FAQ 게시글 목록을 보여준다', '/view/bcm/boards/faq/articles', 'Y', CURRENT_TIMESTAMP, 'admin', CURRENT_TIMESTAMP, 'admin');
INSERT INTO TB_BCM_PRGM (PRGM_ID, HTTP_METHOD, PRGM_PATH, PRGM_NM, PRGM_TYP, PRGM_DESC, BASE_PATH, USE_YN, REG_DTM, REG_USER_ID, UPD_DTM, UPD_USER_ID) VALUES ('PVFAQ-02', 'GET', '/view/bcm/boards/faq/articles/{articleId}', 'FAQ 상세', 'VIEW', 'FAQ 게시글을 보여준다', '/view/bcm/boards/faq/articles/*', 'Y', CURRENT_TIMESTAMP, 'admin', CURRENT_TIMESTAMP, 'admin');
INSERT INTO TB_BCM_PRGM (PRGM_ID, HTTP_METHOD, PRGM_PATH, PRGM_NM, PRGM_TYP, PRGM_DESC, BASE_PATH, USE_YN, REG_DTM, REG_USER_ID, UPD_DTM, UPD_USER_ID) VALUES ('PSFAQ-01', 'GET', '/api/boards/faq/articles', 'FAQ 목록 조회', 'SERVICE', 'FAQ 게시글 목록 조회', '/api/boards/faq/articles', 'Y', CURRENT_TIMESTAMP, 'admin', CURRENT_TIMESTAMP, 'admin');
INSERT INTO TB_BCM_PRGM (PRGM_ID, HTTP_METHOD, PRGM_PATH, PRGM_NM, PRGM_TYP, PRGM_DESC, BASE_PATH, USE_YN, REG_DTM, REG_USER_ID, UPD_DTM, UPD_USER_ID) VALUES ('PSFAQ-02', 'GET', '/api/boards/faq/articles/{articleId}', 'FAQ 상세 조회', 'SERVICE', 'FAQ 게시글 상세 조회', '/api/boards/faq/articles/*', 'Y', CURRENT_TIMESTAMP, 'admin', CURRENT_TIMESTAMP, 'admin');
INSERT INTO TB_BCM_PRGM (PRGM_ID, HTTP_METHOD, PRGM_PATH, PRGM_NM, PRGM_TYP, PRGM_DESC, BASE_PATH, USE_YN, REG_DTM, REG_USER_ID, UPD_DTM, UPD_USER_ID) VALUES ('PSFAQ-03', 'POST', '/api/boards/faq/articles', 'FAQ 작성', 'SERVICE', 'FAQ 게시글 작성', '/api/boards/faq/articles', 'Y', CURRENT_TIMESTAMP, 'admin', CURRENT_TIMESTAMP, 'admin');
INSERT INTO TB_BCM_PRGM (PRGM_ID, HTTP_METHOD, PRGM_PATH, PRGM_NM, PRGM_TYP, PRGM_DESC, BASE_PATH, USE_YN, REG_DTM, REG_USER_ID, UPD_DTM, UPD_USER_ID) VALUES ('PSFAQ-04', 'PUT', '/api/boards/faq/articles/{articleId}', 'FAQ 수정', 'SERVICE', 'FAQ 게시글 수정', '/api/boards/faq/articles/*', 'Y', CURRENT_TIMESTAMP, 'admin', CURRENT_TIMESTAMP, 'admin');
INSERT INTO TB_BCM_PRGM (PRGM_ID, HTTP_METHOD, PRGM_PATH, PRGM_NM, PRGM_TYP, PRGM_DESC, BASE_PATH, USE_YN, REG_DTM, REG_USER_ID, UPD_DTM, UPD_USER_ID) VALUES ('PSFAQ-05', 'DELETE', '/api/boards/faq/articles/{articleId}', 'FAQ 삭제', 'SERVICE', 'FAQ 게시글 삭제', '/api/boards/faq/articles/*', 'Y', CURRENT_TIMESTAMP, 'admin', CURRENT_TIMESTAMP, 'admin');
INSERT INTO TB_BCM_PRGM (PRGM_ID, HTTP_METHOD, PRGM_PATH, PRGM_NM, PRGM_TYP, PRGM_DESC, BASE_PATH, USE_YN, REG_DTM, REG_USER_ID, UPD_DTM, UPD_USER_ID) VALUES ('PVBBS1-01', 'GET', '/view/bcm/boards/bbs1/articles', '자유게시판 목록', 'VIEW', '자유게시판 목록', '/view/bcm/boards/bbs1/articles', 'Y', CURRENT_TIMESTAMP, 'admin', CURRENT_TIMESTAMP, 'admin');
INSERT INTO TB_BCM_PRGM (PRGM_ID, HTTP_METHOD, PRGM_PATH, PRGM_NM, PRGM_TYP, PRGM_DESC, BASE_PATH, USE_YN, REG_DTM, REG_USER_ID, UPD_DTM, UPD_USER_ID) VALUES ('PVBBS1-02', 'GET', '/view/bcm/boards/bbs1/articles/{articleId}', '자유게시판 상세', 'VIEW', '자유게시판 상세', '/view/bcm/boards/bbs1/articles/*', 'Y', CURRENT_TIMESTAMP, 'admin', CURRENT_TIMESTAMP, 'admin');
INSERT INTO TB_BCM_PRGM (PRGM_ID, HTTP_METHOD, PRGM_PATH, PRGM_NM, PRGM_TYP, PRGM_DESC, BASE_PATH, USE_YN, REG_DTM, REG_USER_ID, UPD_DTM, UPD_USER_ID) VALUES ('PSBBS1-01', 'GET', '/api/boards/bbs1/articles', '자유게시판 목록 조회', 'SERVICE', '자유게시판 게시글 목록 조회', '/api/boards/bbs1/articles', 'Y', CURRENT_TIMESTAMP, 'admin', CURRENT_TIMESTAMP, 'admin');
INSERT INTO TB_BCM_PRGM (PRGM_ID, HTTP_METHOD, PRGM_PATH, PRGM_NM, PRGM_TYP, PRGM_DESC, BASE_PATH, USE_YN, REG_DTM, REG_USER_ID, UPD_DTM, UPD_USER_ID) VALUES ('PSBBS1-02', 'GET', '/api/boards/bbs1/articles/{articleId}', '자유게시판 상세 조회', 'SERVICE', '자유게시판 게시글 목록 조회', '/api/boards/bbs1/articles/*', 'Y', CURRENT_TIMESTAMP, 'admin', CURRENT_TIMESTAMP, 'admin');
INSERT INTO TB_BCM_PRGM (PRGM_ID, HTTP_METHOD, PRGM_PATH, PRGM_NM, PRGM_TYP, PRGM_DESC, BASE_PATH, USE_YN, REG_DTM, REG_USER_ID, UPD_DTM, UPD_USER_ID) VALUES ('PSBBS1-03', 'POST', '/api/boards/bbs1/articles', '자유게시판 작성', 'SERVICE', '자유게시판 게시글 작성', '/api/boards/bbs1/articles', 'Y', CURRENT_TIMESTAMP, 'admin', CURRENT_TIMESTAMP, 'admin');
INSERT INTO TB_BCM_PRGM (PRGM_ID, HTTP_METHOD, PRGM_PATH, PRGM_NM, PRGM_TYP, PRGM_DESC, BASE_PATH, USE_YN, REG_DTM, REG_USER_ID, UPD_DTM, UPD_USER_ID) VALUES ('PSBBS1-04', 'PUT', '/api/boards/bbs1/articles/{articleId}', '자유게시판 수정', 'SERVICE', '자유게시판 게시글 수정', '/api/boards/bbs1/articles/*', 'Y', CURRENT_TIMESTAMP, 'admin', CURRENT_TIMESTAMP, 'admin');
INSERT INTO TB_BCM_PRGM (PRGM_ID, HTTP_METHOD, PRGM_PATH, PRGM_NM, PRGM_TYP, PRGM_DESC, BASE_PATH, USE_YN, REG_DTM, REG_USER_ID, UPD_DTM, UPD_USER_ID) VALUES ('PSBBS1-05', 'DELETE', '/api/boards/bbs1/articles/{articleId}', '자유게시판 삭제', 'SERVICE', '자유게시판 게시글 삭제', '/api/boards/bbs1/articles/*', 'Y', CURRENT_TIMESTAMP, 'admin', CURRENT_TIMESTAMP, 'admin');
INSERT INTO TB_BCM_PRGM (PRGM_ID, HTTP_METHOD, PRGM_PATH, PRGM_NM, PRGM_TYP, PRGM_DESC, BASE_PATH, USE_YN, REG_DTM, REG_USER_ID, UPD_DTM, UPD_USER_ID) VALUES ('PVBBS2-01', 'GET', '/view/bcm/boards/bbs2/articles', 'OO업무게시판 목록', 'VIEW', 'OO업무게시판 목록', '/view/bcm/boards/bbs2/articles', 'Y', CURRENT_TIMESTAMP, 'admin', CURRENT_TIMESTAMP, 'admin');
INSERT INTO TB_BCM_PRGM (PRGM_ID, HTTP_METHOD, PRGM_PATH, PRGM_NM, PRGM_TYP, PRGM_DESC, BASE_PATH, USE_YN, REG_DTM, REG_USER_ID, UPD_DTM, UPD_USER_ID) VALUES ('PVBBS2-02', 'GET', '/view/bcm/boards/bbs2/articles/{articleId}', 'OO업무게시판 상세', 'VIEW', 'OO업무게시판 상세', '/view/bcm/boards/bbs2/articles/*', 'Y', CURRENT_TIMESTAMP, 'admin', CURRENT_TIMESTAMP, 'admin');
INSERT INTO TB_BCM_PRGM (PRGM_ID, HTTP_METHOD, PRGM_PATH, PRGM_NM, PRGM_TYP, PRGM_DESC, BASE_PATH, USE_YN, REG_DTM, REG_USER_ID, UPD_DTM, UPD_USER_ID) VALUES ('PSBBS2-01', 'GET', '/api/boards/bbs2/articles', 'OO업무게시판 목록 조회', 'SERVICE', 'OO업무게시판 게시글 목록 조회', '/api/boards/bbs2/articles', 'Y', CURRENT_TIMESTAMP, 'admin', CURRENT_TIMESTAMP, 'admin');
INSERT INTO TB_BCM_PRGM (PRGM_ID, HTTP_METHOD, PRGM_PATH, PRGM_NM, PRGM_TYP, PRGM_DESC, BASE_PATH, USE_YN, REG_DTM, REG_USER_ID, UPD_DTM, UPD_USER_ID) VALUES ('PSBBS2-02', 'GET', '/api/boards/bbs2/articles/{articleId}', 'OO업무게시판 상세 조회', 'SERVICE', 'OO업무게시판 게시글 목록 조회', '/api/boards/bbs2/articles/*', 'Y', CURRENT_TIMESTAMP, 'admin', CURRENT_TIMESTAMP, 'admin');
INSERT INTO TB_BCM_PRGM (PRGM_ID, HTTP_METHOD, PRGM_PATH, PRGM_NM, PRGM_TYP, PRGM_DESC, BASE_PATH, USE_YN, REG_DTM, REG_USER_ID, UPD_DTM, UPD_USER_ID) VALUES ('PSBBS2-03', 'POST', '/api/boards/bbs2/articles', 'OO업무게시판 작성', 'SERVICE', 'OO업무게시판 게시글 작성', '/api/boards/bbs2/articles', 'Y', CURRENT_TIMESTAMP, 'admin', CURRENT_TIMESTAMP, 'admin');
INSERT INTO TB_BCM_PRGM (PRGM_ID, HTTP_METHOD, PRGM_PATH, PRGM_NM, PRGM_TYP, PRGM_DESC, BASE_PATH, USE_YN, REG_DTM, REG_USER_ID, UPD_DTM, UPD_USER_ID) VALUES ('PSBBS2-04', 'PUT', '/api/boards/bbs2/articles/{articleId}', 'OO업무게시판 수정', 'SERVICE', 'OO업무게시판 게시글 수정', '/api/boards/bbs2/articles/*', 'Y', CURRENT_TIMESTAMP, 'admin', CURRENT_TIMESTAMP, 'admin');
INSERT INTO TB_BCM_PRGM (PRGM_ID, HTTP_METHOD, PRGM_PATH, PRGM_NM, PRGM_TYP, PRGM_DESC, BASE_PATH, USE_YN, REG_DTM, REG_USER_ID, UPD_DTM, UPD_USER_ID) VALUES ('PSBBS2-05', 'DELETE', '/api/boards/bbs2/articles/{articleId}', 'OO업무게시판 삭제', 'SERVICE', 'OO업무게시판 게시글 삭제', '/api/boards/bbs2/articles/*', 'Y', CURRENT_TIMESTAMP, 'admin', CURRENT_TIMESTAMP, 'admin');


/* PROGRAM <-> ROLE Mapping */
INSERT INTO TB_BCM_PRGM_ROLE_MAP (PRGM_ID, ROLE_ID, REG_USER_ID, REG_DTM, UPD_USER_ID, UPD_DTM) VALUES ('PSBBS2-03', 'APBCM00009', 'admin', CURRENT_TIMESTAMP, 'admin', CURRENT_TIMESTAMP);
INSERT INTO TB_BCM_PRGM_ROLE_MAP (PRGM_ID, ROLE_ID, REG_USER_ID, REG_DTM, UPD_USER_ID, UPD_DTM) VALUES ('PSBBS2-04', 'APBCM00009', 'admin', CURRENT_TIMESTAMP, 'admin', CURRENT_TIMESTAMP);
INSERT INTO TB_BCM_PRGM_ROLE_MAP (PRGM_ID, ROLE_ID, REG_USER_ID, REG_DTM, UPD_USER_ID, UPD_DTM) VALUES ('PSBBS2-05', 'APBCM00009', 'admin', CURRENT_TIMESTAMP, 'admin', CURRENT_TIMESTAMP);
INSERT INTO TB_BCM_PRGM_ROLE_MAP (PRGM_ID, ROLE_ID, REG_USER_ID, REG_DTM, UPD_USER_ID, UPD_DTM) VALUES ('PSBOARD-03', 'APBCM00007', 'admin', CURRENT_TIMESTAMP, 'admin', CURRENT_TIMESTAMP);
INSERT INTO TB_BCM_PRGM_ROLE_MAP (PRGM_ID, ROLE_ID, REG_USER_ID, REG_DTM, UPD_USER_ID, UPD_DTM) VALUES ('PSBOARD-04', 'APBCM00007', 'admin', CURRENT_TIMESTAMP, 'admin', CURRENT_TIMESTAMP);
INSERT INTO TB_BCM_PRGM_ROLE_MAP (PRGM_ID, ROLE_ID, REG_USER_ID, REG_DTM, UPD_USER_ID, UPD_DTM) VALUES ('PSCODE-02', 'APBCM00005', 'admin', CURRENT_TIMESTAMP, 'admin', CURRENT_TIMESTAMP);
INSERT INTO TB_BCM_PRGM_ROLE_MAP (PRGM_ID, ROLE_ID, REG_USER_ID, REG_DTM, UPD_USER_ID, UPD_DTM) VALUES ('PSCODE-04', 'APBCM00005', 'admin', CURRENT_TIMESTAMP, 'admin', CURRENT_TIMESTAMP);
INSERT INTO TB_BCM_PRGM_ROLE_MAP (PRGM_ID, ROLE_ID, REG_USER_ID, REG_DTM, UPD_USER_ID, UPD_DTM) VALUES ('PSCODE-06', 'APBCM00005', 'admin', CURRENT_TIMESTAMP, 'admin', CURRENT_TIMESTAMP);
INSERT INTO TB_BCM_PRGM_ROLE_MAP (PRGM_ID, ROLE_ID, REG_USER_ID, REG_DTM, UPD_USER_ID, UPD_DTM) VALUES ('PSCODE-07', 'APBCM00005', 'admin', CURRENT_TIMESTAMP, 'admin', CURRENT_TIMESTAMP);
INSERT INTO TB_BCM_PRGM_ROLE_MAP (PRGM_ID, ROLE_ID, REG_USER_ID, REG_DTM, UPD_USER_ID, UPD_DTM) VALUES ('PSELMT-01', 'APBCM00003', 'admin', CURRENT_TIMESTAMP, 'admin', CURRENT_TIMESTAMP);
INSERT INTO TB_BCM_PRGM_ROLE_MAP (PRGM_ID, ROLE_ID, REG_USER_ID, REG_DTM, UPD_USER_ID, UPD_DTM) VALUES ('PSELMT-02', 'APBCM00003', 'admin', CURRENT_TIMESTAMP, 'admin', CURRENT_TIMESTAMP);
INSERT INTO TB_BCM_PRGM_ROLE_MAP (PRGM_ID, ROLE_ID, REG_USER_ID, REG_DTM, UPD_USER_ID, UPD_DTM) VALUES ('PSELMT-04', 'APBCM00003', 'admin', CURRENT_TIMESTAMP, 'admin', CURRENT_TIMESTAMP);
INSERT INTO TB_BCM_PRGM_ROLE_MAP (PRGM_ID, ROLE_ID, REG_USER_ID, REG_DTM, UPD_USER_ID, UPD_DTM) VALUES ('PSELMT-05', 'APBCM00003', 'admin', CURRENT_TIMESTAMP, 'admin', CURRENT_TIMESTAMP);
INSERT INTO TB_BCM_PRGM_ROLE_MAP (PRGM_ID, ROLE_ID, REG_USER_ID, REG_DTM, UPD_USER_ID, UPD_DTM) VALUES ('PSELMT-06', 'APBCM00003', 'admin', CURRENT_TIMESTAMP, 'admin', CURRENT_TIMESTAMP);
INSERT INTO TB_BCM_PRGM_ROLE_MAP (PRGM_ID, ROLE_ID, REG_USER_ID, REG_DTM, UPD_USER_ID, UPD_DTM) VALUES ('PSLOGS-01', 'APBCM00008', 'admin', CURRENT_TIMESTAMP, 'admin', CURRENT_TIMESTAMP);
INSERT INTO TB_BCM_PRGM_ROLE_MAP (PRGM_ID, ROLE_ID, REG_USER_ID, REG_DTM, UPD_USER_ID, UPD_DTM) VALUES ('PSMENU-02', 'APBCM00002', 'admin', CURRENT_TIMESTAMP, 'admin', CURRENT_TIMESTAMP);
INSERT INTO TB_BCM_PRGM_ROLE_MAP (PRGM_ID, ROLE_ID, REG_USER_ID, REG_DTM, UPD_USER_ID, UPD_DTM) VALUES ('PSMENU-04', 'APBCM00002', 'admin', CURRENT_TIMESTAMP, 'admin', CURRENT_TIMESTAMP);
INSERT INTO TB_BCM_PRGM_ROLE_MAP (PRGM_ID, ROLE_ID, REG_USER_ID, REG_DTM, UPD_USER_ID, UPD_DTM) VALUES ('PSMENU-05', 'APBCM00002', 'admin', CURRENT_TIMESTAMP, 'admin', CURRENT_TIMESTAMP);
INSERT INTO TB_BCM_PRGM_ROLE_MAP (PRGM_ID, ROLE_ID, REG_USER_ID, REG_DTM, UPD_USER_ID, UPD_DTM) VALUES ('PSMENU-07', 'APBCM00002', 'admin', CURRENT_TIMESTAMP, 'admin', CURRENT_TIMESTAMP);
INSERT INTO TB_BCM_PRGM_ROLE_MAP (PRGM_ID, ROLE_ID, REG_USER_ID, REG_DTM, UPD_USER_ID, UPD_DTM) VALUES ('PSMENU-08', 'APBCM00002', 'admin', CURRENT_TIMESTAMP, 'admin', CURRENT_TIMESTAMP);
INSERT INTO TB_BCM_PRGM_ROLE_MAP (PRGM_ID, ROLE_ID, REG_USER_ID, REG_DTM, UPD_USER_ID, UPD_DTM) VALUES ('PSMENU-10', 'APBCM00002', 'admin', CURRENT_TIMESTAMP, 'admin', CURRENT_TIMESTAMP);
INSERT INTO TB_BCM_PRGM_ROLE_MAP (PRGM_ID, ROLE_ID, REG_USER_ID, REG_DTM, UPD_USER_ID, UPD_DTM) VALUES ('PSMSGS-02', 'APBCM00006', 'admin', CURRENT_TIMESTAMP, 'admin', CURRENT_TIMESTAMP);
INSERT INTO TB_BCM_PRGM_ROLE_MAP (PRGM_ID, ROLE_ID, REG_USER_ID, REG_DTM, UPD_USER_ID, UPD_DTM) VALUES ('PSMSGS-04', 'APBCM00006', 'admin', CURRENT_TIMESTAMP, 'admin', CURRENT_TIMESTAMP);
INSERT INTO TB_BCM_PRGM_ROLE_MAP (PRGM_ID, ROLE_ID, REG_USER_ID, REG_DTM, UPD_USER_ID, UPD_DTM) VALUES ('PSPRGR-01', 'APBCM00003', 'admin', CURRENT_TIMESTAMP, 'admin', CURRENT_TIMESTAMP);
INSERT INTO TB_BCM_PRGM_ROLE_MAP (PRGM_ID, ROLE_ID, REG_USER_ID, REG_DTM, UPD_USER_ID, UPD_DTM) VALUES ('PSPRGR-02', 'APBCM00003', 'admin', CURRENT_TIMESTAMP, 'admin', CURRENT_TIMESTAMP);
INSERT INTO TB_BCM_PRGM_ROLE_MAP (PRGM_ID, ROLE_ID, REG_USER_ID, REG_DTM, UPD_USER_ID, UPD_DTM) VALUES ('PSPRGR-04', 'APBCM00003', 'admin', CURRENT_TIMESTAMP, 'admin', CURRENT_TIMESTAMP);
INSERT INTO TB_BCM_PRGM_ROLE_MAP (PRGM_ID, ROLE_ID, REG_USER_ID, REG_DTM, UPD_USER_ID, UPD_DTM) VALUES ('PSPRGR-05', 'APBCM00003', 'admin', CURRENT_TIMESTAMP, 'admin', CURRENT_TIMESTAMP);
INSERT INTO TB_BCM_PRGM_ROLE_MAP (PRGM_ID, ROLE_ID, REG_USER_ID, REG_DTM, UPD_USER_ID, UPD_DTM) VALUES ('PSPRGR-07', 'APBCM00003', 'admin', CURRENT_TIMESTAMP, 'admin', CURRENT_TIMESTAMP);
INSERT INTO TB_BCM_PRGM_ROLE_MAP (PRGM_ID, ROLE_ID, REG_USER_ID, REG_DTM, UPD_USER_ID, UPD_DTM) VALUES ('PSPRGR-08', 'APBCM00003', 'admin', CURRENT_TIMESTAMP, 'admin', CURRENT_TIMESTAMP);
INSERT INTO TB_BCM_PRGM_ROLE_MAP (PRGM_ID, ROLE_ID, REG_USER_ID, REG_DTM, UPD_USER_ID, UPD_DTM) VALUES ('PSROLE-02', 'APBCM00004', 'admin', CURRENT_TIMESTAMP, 'admin', CURRENT_TIMESTAMP);
INSERT INTO TB_BCM_PRGM_ROLE_MAP (PRGM_ID, ROLE_ID, REG_USER_ID, REG_DTM, UPD_USER_ID, UPD_DTM) VALUES ('PSROLE-04', 'APBCM00004', 'admin', CURRENT_TIMESTAMP, 'admin', CURRENT_TIMESTAMP);
INSERT INTO TB_BCM_PRGM_ROLE_MAP (PRGM_ID, ROLE_ID, REG_USER_ID, REG_DTM, UPD_USER_ID, UPD_DTM) VALUES ('PSROLE-06', 'APBCM00004', 'admin', CURRENT_TIMESTAMP, 'admin', CURRENT_TIMESTAMP);
INSERT INTO TB_BCM_PRGM_ROLE_MAP (PRGM_ID, ROLE_ID, REG_USER_ID, REG_DTM, UPD_USER_ID, UPD_DTM) VALUES ('PSROLE-07', 'APBCM00004', 'admin', CURRENT_TIMESTAMP, 'admin', CURRENT_TIMESTAMP);
INSERT INTO TB_BCM_PRGM_ROLE_MAP (PRGM_ID, ROLE_ID, REG_USER_ID, REG_DTM, UPD_USER_ID, UPD_DTM) VALUES ('PSROLE-08', 'APBCM00004', 'admin', CURRENT_TIMESTAMP, 'admin', CURRENT_TIMESTAMP);
INSERT INTO TB_BCM_PRGM_ROLE_MAP (PRGM_ID, ROLE_ID, REG_USER_ID, REG_DTM, UPD_USER_ID, UPD_DTM) VALUES ('PSUGRP-02', 'APBCM00001', 'admin', CURRENT_TIMESTAMP, 'admin', CURRENT_TIMESTAMP);
INSERT INTO TB_BCM_PRGM_ROLE_MAP (PRGM_ID, ROLE_ID, REG_USER_ID, REG_DTM, UPD_USER_ID, UPD_DTM) VALUES ('PSUGRP-04', 'APBCM00001', 'admin', CURRENT_TIMESTAMP, 'admin', CURRENT_TIMESTAMP);
INSERT INTO TB_BCM_PRGM_ROLE_MAP (PRGM_ID, ROLE_ID, REG_USER_ID, REG_DTM, UPD_USER_ID, UPD_DTM) VALUES ('PSUGRP-06', 'APBCM00001', 'admin', CURRENT_TIMESTAMP, 'admin', CURRENT_TIMESTAMP);
INSERT INTO TB_BCM_PRGM_ROLE_MAP (PRGM_ID, ROLE_ID, REG_USER_ID, REG_DTM, UPD_USER_ID, UPD_DTM) VALUES ('PSUGRP-07', 'APBCM00001', 'admin', CURRENT_TIMESTAMP, 'admin', CURRENT_TIMESTAMP);
INSERT INTO TB_BCM_PRGM_ROLE_MAP (PRGM_ID, ROLE_ID, REG_USER_ID, REG_DTM, UPD_USER_ID, UPD_DTM) VALUES ('PSUGRP-08', 'APBCM00001', 'admin', CURRENT_TIMESTAMP, 'admin', CURRENT_TIMESTAMP);
INSERT INTO TB_BCM_PRGM_ROLE_MAP (PRGM_ID, ROLE_ID, REG_USER_ID, REG_DTM, UPD_USER_ID, UPD_DTM) VALUES ('PSUSER-02', 'APBCM00001', 'admin', CURRENT_TIMESTAMP, 'admin', CURRENT_TIMESTAMP);
INSERT INTO TB_BCM_PRGM_ROLE_MAP (PRGM_ID, ROLE_ID, REG_USER_ID, REG_DTM, UPD_USER_ID, UPD_DTM) VALUES ('PSUSER-03', 'APBCM00001', 'admin', CURRENT_TIMESTAMP, 'admin', CURRENT_TIMESTAMP);
INSERT INTO TB_BCM_PRGM_ROLE_MAP (PRGM_ID, ROLE_ID, REG_USER_ID, REG_DTM, UPD_USER_ID, UPD_DTM) VALUES ('PSUSER-04', 'APBCM00001', 'admin', CURRENT_TIMESTAMP, 'admin', CURRENT_TIMESTAMP);
INSERT INTO TB_BCM_PRGM_ROLE_MAP (PRGM_ID, ROLE_ID, REG_USER_ID, REG_DTM, UPD_USER_ID, UPD_DTM) VALUES ('PSUSER-05', 'APBCM00001', 'admin', CURRENT_TIMESTAMP, 'admin', CURRENT_TIMESTAMP);
INSERT INTO TB_BCM_PRGM_ROLE_MAP (PRGM_ID, ROLE_ID, REG_USER_ID, REG_DTM, UPD_USER_ID, UPD_DTM) VALUES ('PSUSER-07', 'APBCM00001', 'admin', CURRENT_TIMESTAMP, 'admin', CURRENT_TIMESTAMP);
INSERT INTO TB_BCM_PRGM_ROLE_MAP (PRGM_ID, ROLE_ID, REG_USER_ID, REG_DTM, UPD_USER_ID, UPD_DTM) VALUES ('PSUSER-09', 'APBCM00001', 'admin', CURRENT_TIMESTAMP, 'admin', CURRENT_TIMESTAMP);
INSERT INTO TB_BCM_PRGM_ROLE_MAP (PRGM_ID, ROLE_ID, REG_USER_ID, REG_DTM, UPD_USER_ID, UPD_DTM) VALUES ('PSUSER-10', 'APBCM00001', 'admin', CURRENT_TIMESTAMP, 'admin', CURRENT_TIMESTAMP);
INSERT INTO TB_BCM_PRGM_ROLE_MAP (PRGM_ID, ROLE_ID, REG_USER_ID, REG_DTM, UPD_USER_ID, UPD_DTM) VALUES ('PSUSER-11', 'APBCM00001', 'admin', CURRENT_TIMESTAMP, 'admin', CURRENT_TIMESTAMP);
INSERT INTO TB_BCM_PRGM_ROLE_MAP (PRGM_ID, ROLE_ID, REG_USER_ID, REG_DTM, UPD_USER_ID, UPD_DTM) VALUES ('PSUSER-12', 'APBCM00001', 'admin', CURRENT_TIMESTAMP, 'admin', CURRENT_TIMESTAMP);
INSERT INTO TB_BCM_PRGM_ROLE_MAP (PRGM_ID, ROLE_ID, REG_USER_ID, REG_DTM, UPD_USER_ID, UPD_DTM) VALUES ('PSUSER-13', 'APBCM00001', 'admin', CURRENT_TIMESTAMP, 'admin', CURRENT_TIMESTAMP);
INSERT INTO TB_BCM_PRGM_ROLE_MAP (PRGM_ID, ROLE_ID, REG_USER_ID, REG_DTM, UPD_USER_ID, UPD_DTM) VALUES ('PVLOGS-01', 'APBCM00008', 'admin', CURRENT_TIMESTAMP, 'admin', CURRENT_TIMESTAMP);
INSERT INTO TB_BCM_PRGM_ROLE_MAP (PRGM_ID, ROLE_ID, REG_USER_ID, REG_DTM, UPD_USER_ID, UPD_DTM) VALUES ('PVLOGS-02', 'APBCM00008', 'admin', CURRENT_TIMESTAMP, 'admin', CURRENT_TIMESTAMP);
INSERT INTO TB_BCM_PRGM_ROLE_MAP (PRGM_ID, ROLE_ID, REG_USER_ID, REG_DTM, UPD_USER_ID, UPD_DTM) VALUES ('PVLOGS-03', 'APBCM00008', 'admin', CURRENT_TIMESTAMP, 'admin', CURRENT_TIMESTAMP);
INSERT INTO TB_BCM_PRGM_ROLE_MAP (PRGM_ID, ROLE_ID, REG_USER_ID, REG_DTM, UPD_USER_ID, UPD_DTM) VALUES ('PVLOGS-04', 'APBCM00008', 'admin', CURRENT_TIMESTAMP, 'admin', CURRENT_TIMESTAMP);


/* MENU */
INSERT INTO TB_BCM_MENU (MENU_ID, PRGM_ID, MENU_TYP, MENU_NM1, MENU_NM2, MENU_NM3, MENU_DESC, PARENT_MENU_ID, MENU_SORT_SEQ, URL_ADDR, OPEN_TYP, USE_YN, REG_USER_ID, REG_DTM, UPD_USER_ID, UPD_DTM) VALUES ('MBCM000', 'PVNOTI-01', 'PROGRAM', '공지사항', 'Notice', null, '쓰기 : 공지사항 업무권한', 'ROOT_MENU', 1, null, 'C', 'Y', 'admin', CURRENT_TIMESTAMP, 'admin', CURRENT_TIMESTAMP);
INSERT INTO TB_BCM_MENU (MENU_ID, PRGM_ID, MENU_TYP, MENU_NM1, MENU_NM2, MENU_NM3, MENU_DESC, PARENT_MENU_ID, MENU_SORT_SEQ, URL_ADDR, OPEN_TYP, USE_YN, REG_USER_ID, REG_DTM, UPD_USER_ID, UPD_DTM) VALUES ('MBCM005', 'PVFAQ-01', 'PROGRAM', 'FAQ', 'FAQ', null, '쓰기 : 공지사항 업무권한', 'ROOT_MENU', 2, null, 'C', 'Y', 'admin', CURRENT_TIMESTAMP, 'admin', CURRENT_TIMESTAMP);
INSERT INTO TB_BCM_MENU (MENU_ID, PRGM_ID, MENU_TYP, MENU_NM1, MENU_NM2, MENU_NM3, MENU_DESC, PARENT_MENU_ID, MENU_SORT_SEQ, URL_ADDR, OPEN_TYP, USE_YN, REG_USER_ID, REG_DTM, UPD_USER_ID, UPD_DTM) VALUES ('MBCM001', null, 'FOLDER', '업무공통', 'Biz. Common', null, null, 'ROOT_MENU', 3, null, null, 'Y', 'admin', CURRENT_TIMESTAMP, 'admin', CURRENT_TIMESTAMP);
INSERT INTO TB_BCM_MENU (MENU_ID, PRGM_ID, MENU_TYP, MENU_NM1, MENU_NM2, MENU_NM3, MENU_DESC, PARENT_MENU_ID, MENU_SORT_SEQ, URL_ADDR, OPEN_TYP, USE_YN, REG_USER_ID, REG_DTM, UPD_USER_ID, UPD_DTM) VALUES ('MBCM00101', 'PVUSER-01', 'PROGRAM', '사용자관리', 'User Mgmt.', null, null, 'MBCM001', 1, null, 'C', 'Y', 'admin', CURRENT_TIMESTAMP, 'admin', CURRENT_TIMESTAMP);
INSERT INTO TB_BCM_MENU (MENU_ID, PRGM_ID, MENU_TYP, MENU_NM1, MENU_NM2, MENU_NM3, MENU_DESC, PARENT_MENU_ID, MENU_SORT_SEQ, URL_ADDR, OPEN_TYP, USE_YN, REG_USER_ID, REG_DTM, UPD_USER_ID, UPD_DTM) VALUES ('MBCM00102', 'PVUGRP-01', 'PROGRAM', '사용자그룹관리', 'UserGroup Mgmt.', null, null, 'MBCM001', 2, null, 'C', 'Y', 'admin', CURRENT_TIMESTAMP, 'admin', CURRENT_TIMESTAMP);
INSERT INTO TB_BCM_MENU (MENU_ID, PRGM_ID, MENU_TYP, MENU_NM1, MENU_NM2, MENU_NM3, MENU_DESC, PARENT_MENU_ID, MENU_SORT_SEQ, URL_ADDR, OPEN_TYP, USE_YN, REG_USER_ID, REG_DTM, UPD_USER_ID, UPD_DTM) VALUES ('MBCM00103', 'PVPROG-01', 'PROGRAM', '프로그램관리', 'Programs', null, null, 'MBCM001', 3, null, 'C', 'Y', 'admin', CURRENT_TIMESTAMP, 'admin', CURRENT_TIMESTAMP);
INSERT INTO TB_BCM_MENU (MENU_ID, PRGM_ID, MENU_TYP, MENU_NM1, MENU_NM2, MENU_NM3, MENU_DESC, PARENT_MENU_ID, MENU_SORT_SEQ, URL_ADDR, OPEN_TYP, USE_YN, REG_USER_ID, REG_DTM, UPD_USER_ID, UPD_DTM) VALUES ('MBCM00104', 'PVPROE-01', 'PROGRAM', '프로그램요소관리', 'Pgm. Elements', null, null, 'MBCM001', 4, null, 'C', 'Y', 'admin', CURRENT_TIMESTAMP, 'admin', CURRENT_TIMESTAMP);
INSERT INTO TB_BCM_MENU (MENU_ID, PRGM_ID, MENU_TYP, MENU_NM1, MENU_NM2, MENU_NM3, MENU_DESC, PARENT_MENU_ID, MENU_SORT_SEQ, URL_ADDR, OPEN_TYP, USE_YN, REG_USER_ID, REG_DTM, UPD_USER_ID, UPD_DTM) VALUES ('MBCM00105', 'PVMENU-01', 'PROGRAM', '메뉴관리', 'Menus', null, null, 'MBCM001', 5, null, 'C', 'Y', 'admin', CURRENT_TIMESTAMP, 'admin', CURRENT_TIMESTAMP);
INSERT INTO TB_BCM_MENU (MENU_ID, PRGM_ID, MENU_TYP, MENU_NM1, MENU_NM2, MENU_NM3, MENU_DESC, PARENT_MENU_ID, MENU_SORT_SEQ, URL_ADDR, OPEN_TYP, USE_YN, REG_USER_ID, REG_DTM, UPD_USER_ID, UPD_DTM) VALUES ('MBCM00106', 'PVROLE-01', 'PROGRAM', '권한관리', 'Auth. Mgmt', null, null, 'MBCM001', 6, null, 'C', 'Y', 'admin', CURRENT_TIMESTAMP, 'admin', CURRENT_TIMESTAMP);
INSERT INTO TB_BCM_MENU (MENU_ID, PRGM_ID, MENU_TYP, MENU_NM1, MENU_NM2, MENU_NM3, MENU_DESC, PARENT_MENU_ID, MENU_SORT_SEQ, URL_ADDR, OPEN_TYP, USE_YN, REG_USER_ID, REG_DTM, UPD_USER_ID, UPD_DTM) VALUES ('MBCM00107', 'PVCODE-01', 'PROGRAM', '코드관리', 'Code Mgmt', null, null, 'MBCM001', 7, null, 'C', 'Y', 'admin', CURRENT_TIMESTAMP, 'admin', CURRENT_TIMESTAMP);
INSERT INTO TB_BCM_MENU (MENU_ID, PRGM_ID, MENU_TYP, MENU_NM1, MENU_NM2, MENU_NM3, MENU_DESC, PARENT_MENU_ID, MENU_SORT_SEQ, URL_ADDR, OPEN_TYP, USE_YN, REG_USER_ID, REG_DTM, UPD_USER_ID, UPD_DTM) VALUES ('MBCM00108', 'PVMSGS-01', 'PROGRAM', '메세지/다국어/라벨관리', 'Messages/Labels', null, null, 'MBCM001', 8, null, 'C', 'Y', 'admin', CURRENT_TIMESTAMP, 'admin', CURRENT_TIMESTAMP);
INSERT INTO TB_BCM_MENU (MENU_ID, PRGM_ID, MENU_TYP, MENU_NM1, MENU_NM2, MENU_NM3, MENU_DESC, PARENT_MENU_ID, MENU_SORT_SEQ, URL_ADDR, OPEN_TYP, USE_YN, REG_USER_ID, REG_DTM, UPD_USER_ID, UPD_DTM) VALUES ('MBCM002', null, 'FOLDER', '시스템운영', 'Sys. Operation', null, null, 'ROOT_MENU', 4, null, null, 'Y', 'admin', CURRENT_TIMESTAMP, 'admin', CURRENT_TIMESTAMP);
INSERT INTO TB_BCM_MENU (MENU_ID, PRGM_ID, MENU_TYP, MENU_NM1, MENU_NM2, MENU_NM3, MENU_DESC, PARENT_MENU_ID, MENU_SORT_SEQ, URL_ADDR, OPEN_TYP, USE_YN, REG_USER_ID, REG_DTM, UPD_USER_ID, UPD_DTM) VALUES ('MBCM00201', 'PVLOGS-01', 'PROGRAM', '기본로그조회', 'Basic Log', null, null, 'MBCM002', 1, null, 'C', 'Y', 'admin', CURRENT_TIMESTAMP, 'admin', CURRENT_TIMESTAMP);
INSERT INTO TB_BCM_MENU (MENU_ID, PRGM_ID, MENU_TYP, MENU_NM1, MENU_NM2, MENU_NM3, MENU_DESC, PARENT_MENU_ID, MENU_SORT_SEQ, URL_ADDR, OPEN_TYP, USE_YN, REG_USER_ID, REG_DTM, UPD_USER_ID, UPD_DTM) VALUES ('MBCM00202', 'PVLOGS-03', 'PROGRAM', '이벤트로그조회', 'Event Log', null, null, 'MBCM002', 2, null, 'C', 'Y', 'admin', CURRENT_TIMESTAMP, 'admin', CURRENT_TIMESTAMP);
INSERT INTO TB_BCM_MENU (MENU_ID, PRGM_ID, MENU_TYP, MENU_NM1, MENU_NM2, MENU_NM3, MENU_DESC, PARENT_MENU_ID, MENU_SORT_SEQ, URL_ADDR, OPEN_TYP, USE_YN, REG_USER_ID, REG_DTM, UPD_USER_ID, UPD_DTM) VALUES ('MBCM00203', 'PVBOARD-01', 'PROGRAM', '게시판관리', 'Bulletine Mgmt', null, null, 'MBCM002', 3, null, 'C', 'Y', 'admin', CURRENT_TIMESTAMP, 'admin', CURRENT_TIMESTAMP);
INSERT INTO TB_BCM_MENU (MENU_ID, PRGM_ID, MENU_TYP, MENU_NM1, MENU_NM2, MENU_NM3, MENU_DESC, PARENT_MENU_ID, MENU_SORT_SEQ, URL_ADDR, OPEN_TYP, USE_YN, REG_USER_ID, REG_DTM, UPD_USER_ID, UPD_DTM) VALUES ('MBCM003', null, 'FOLDER', '공통기능Sample', 'Sample/Examples', null, null, 'ROOT_MENU', 5, null, null, 'Y', 'admin', CURRENT_TIMESTAMP, 'admin', CURRENT_TIMESTAMP);
INSERT INTO TB_BCM_MENU (MENU_ID, PRGM_ID, MENU_TYP, MENU_NM1, MENU_NM2, MENU_NM3, MENU_DESC, PARENT_MENU_ID, MENU_SORT_SEQ, URL_ADDR, OPEN_TYP, USE_YN, REG_USER_ID, REG_DTM, UPD_USER_ID, UPD_DTM) VALUES ('MBCM00301', 'PVBBS1-01', 'PROGRAM', '자유게시판', 'bbs1', null, '누구나 조회/쓰기 가능한 게시판', 'MBCM003', 1, 'null', 'C', 'Y', 'admin', CURRENT_TIMESTAMP, 'admin', CURRENT_TIMESTAMP);
INSERT INTO TB_BCM_MENU (MENU_ID, PRGM_ID, MENU_TYP, MENU_NM1, MENU_NM2, MENU_NM3, MENU_DESC, PARENT_MENU_ID, MENU_SORT_SEQ, URL_ADDR, OPEN_TYP, USE_YN, REG_USER_ID, REG_DTM, UPD_USER_ID, UPD_DTM) VALUES ('MBCM00302', 'PVBBS2-01', 'PROGRAM', 'OO업무게시판', 'bbs2', null, '특정 권한자만 조회 가능한 게시판', 'MBCM003', 2, 'null', 'C', 'Y', 'admin', CURRENT_TIMESTAMP, 'admin', CURRENT_TIMESTAMP);
INSERT INTO TB_BCM_MENU (MENU_ID, PRGM_ID, MENU_TYP, MENU_NM1, MENU_NM2, MENU_NM3, MENU_DESC, PARENT_MENU_ID, MENU_SORT_SEQ, URL_ADDR, OPEN_TYP, USE_YN, REG_USER_ID, REG_DTM, UPD_USER_ID, UPD_DTM) VALUES ('MBCM00303', null, 'URL', 'I/F전문생성', 'EDI generation', null, null, 'MBCM003', 3, '/view/examp/examp-format', 'C', 'Y', 'admin', CURRENT_TIMESTAMP, 'admin', CURRENT_TIMESTAMP);
INSERT INTO TB_BCM_MENU (MENU_ID, PRGM_ID, MENU_TYP, MENU_NM1, MENU_NM2, MENU_NM3, MENU_DESC, PARENT_MENU_ID, MENU_SORT_SEQ, URL_ADDR, OPEN_TYP, USE_YN, REG_USER_ID, REG_DTM, UPD_USER_ID, UPD_DTM) VALUES ('MBCM00304', null, 'URL', '엑셀 Export', 'Excel Download', null, null, 'MBCM003', 4, '/view/examp/examp-excel-export', 'C', 'Y', 'admin', CURRENT_TIMESTAMP, 'admin', CURRENT_TIMESTAMP);
INSERT INTO TB_BCM_MENU (MENU_ID, PRGM_ID, MENU_TYP, MENU_NM1, MENU_NM2, MENU_NM3, MENU_DESC, PARENT_MENU_ID, MENU_SORT_SEQ, URL_ADDR, OPEN_TYP, USE_YN, REG_USER_ID, REG_DTM, UPD_USER_ID, UPD_DTM) VALUES ('MBCM00305', null, 'URL', 'LOV', 'List of Value API', null, null, 'MBCM003', 5, '/view/examp/examp-lov', 'C', 'Y', 'admin', CURRENT_TIMESTAMP, 'admin', CURRENT_TIMESTAMP);
INSERT INTO TB_BCM_MENU (MENU_ID, PRGM_ID, MENU_TYP, MENU_NM1, MENU_NM2, MENU_NM3, MENU_DESC, PARENT_MENU_ID, MENU_SORT_SEQ, URL_ADDR, OPEN_TYP, USE_YN, REG_USER_ID, REG_DTM, UPD_USER_ID, UPD_DTM) VALUES ('MBCM004', null, 'FOLDER', '개발용', 'Dev', null, null, 'ROOT_MENU', 6, null, null, 'Y', 'admin', CURRENT_TIMESTAMP, 'admin', CURRENT_TIMESTAMP);
INSERT INTO TB_BCM_MENU (MENU_ID, PRGM_ID, MENU_TYP, MENU_NM1, MENU_NM2, MENU_NM3, MENU_DESC, PARENT_MENU_ID, MENU_SORT_SEQ, URL_ADDR, OPEN_TYP, USE_YN, REG_USER_ID, REG_DTM, UPD_USER_ID, UPD_DTM) VALUES ('MBCM00401', null, 'URL', 'Swagger UI', 'Swagger UI', null, null, 'MBCM004', 1, '/swagger-ui.html', 'T', 'Y', 'admin', CURRENT_TIMESTAMP, 'admin', CURRENT_TIMESTAMP);
INSERT INTO TB_BCM_MENU (MENU_ID, PRGM_ID, MENU_TYP, MENU_NM1, MENU_NM2, MENU_NM3, MENU_DESC, PARENT_MENU_ID, MENU_SORT_SEQ, URL_ADDR, OPEN_TYP, USE_YN, REG_USER_ID, REG_DTM, UPD_USER_ID, UPD_DTM) VALUES ('MBCM00402', null, 'URL', 'h2 database', 'h2 database', null, null, 'MBCM004', 2, '/h2-console', 'T', 'Y', 'admin', CURRENT_TIMESTAMP, 'admin', CURRENT_TIMESTAMP);
INSERT INTO TB_BCM_MENU (MENU_ID, PRGM_ID, MENU_TYP, MENU_NM1, MENU_NM2, MENU_NM3, MENU_DESC, PARENT_MENU_ID, MENU_SORT_SEQ, URL_ADDR, OPEN_TYP, USE_YN, REG_USER_ID, REG_DTM, UPD_USER_ID, UPD_DTM) VALUES ('MBCM00403', null, 'URL', 'Login', 'Login', null, null, 'MBCM004', 4, '/view/bcm/login/login-form', 'C', 'Y', 'admin', CURRENT_TIMESTAMP, 'admin', CURRENT_TIMESTAMP);


/* MENU <-> ROLE Mapping */
INSERT INTO TB_BCM_MENU_ROLE_MAP (MENU_ID, ROLE_ID, REG_USER_ID, REG_DTM, UPD_USER_ID, UPD_DTM) VALUES ('MBCM00102', 'AMBCM00002', 'admin', CURRENT_TIMESTAMP, 'admin', CURRENT_TIMESTAMP);
INSERT INTO TB_BCM_MENU_ROLE_MAP (MENU_ID, ROLE_ID, REG_USER_ID, REG_DTM, UPD_USER_ID, UPD_DTM) VALUES ('MBCM00103', 'AMBCM00002', 'admin', CURRENT_TIMESTAMP, 'admin', CURRENT_TIMESTAMP);
INSERT INTO TB_BCM_MENU_ROLE_MAP (MENU_ID, ROLE_ID, REG_USER_ID, REG_DTM, UPD_USER_ID, UPD_DTM) VALUES ('MBCM00104', 'AMBCM00002', 'admin', CURRENT_TIMESTAMP, 'admin', CURRENT_TIMESTAMP);
INSERT INTO TB_BCM_MENU_ROLE_MAP (MENU_ID, ROLE_ID, REG_USER_ID, REG_DTM, UPD_USER_ID, UPD_DTM) VALUES ('MBCM00105', 'AMBCM00002', 'admin', CURRENT_TIMESTAMP, 'admin', CURRENT_TIMESTAMP);
INSERT INTO TB_BCM_MENU_ROLE_MAP (MENU_ID, ROLE_ID, REG_USER_ID, REG_DTM, UPD_USER_ID, UPD_DTM) VALUES ('MBCM00106', 'AMBCM00002', 'admin', CURRENT_TIMESTAMP, 'admin', CURRENT_TIMESTAMP);
INSERT INTO TB_BCM_MENU_ROLE_MAP (MENU_ID, ROLE_ID, REG_USER_ID, REG_DTM, UPD_USER_ID, UPD_DTM) VALUES ('MBCM00107', 'AMBCM00002', 'admin', CURRENT_TIMESTAMP, 'admin', CURRENT_TIMESTAMP);
INSERT INTO TB_BCM_MENU_ROLE_MAP (MENU_ID, ROLE_ID, REG_USER_ID, REG_DTM, UPD_USER_ID, UPD_DTM) VALUES ('MBCM00108', 'AMBCM00002', 'admin', CURRENT_TIMESTAMP, 'admin', CURRENT_TIMESTAMP);
INSERT INTO TB_BCM_MENU_ROLE_MAP (MENU_ID, ROLE_ID, REG_USER_ID, REG_DTM, UPD_USER_ID, UPD_DTM) VALUES ('MBCM00201', 'AMBCM00003', 'admin', CURRENT_TIMESTAMP, 'admin', CURRENT_TIMESTAMP);
INSERT INTO TB_BCM_MENU_ROLE_MAP (MENU_ID, ROLE_ID, REG_USER_ID, REG_DTM, UPD_USER_ID, UPD_DTM) VALUES ('MBCM00202', 'AMBCM00003', 'admin', CURRENT_TIMESTAMP, 'admin', CURRENT_TIMESTAMP);
INSERT INTO TB_BCM_MENU_ROLE_MAP (MENU_ID, ROLE_ID, REG_USER_ID, REG_DTM, UPD_USER_ID, UPD_DTM) VALUES ('MBCM00203', 'AMBCM00004', 'admin', CURRENT_TIMESTAMP, 'admin', CURRENT_TIMESTAMP);
INSERT INTO TB_BCM_MENU_ROLE_MAP (MENU_ID, ROLE_ID, REG_USER_ID, REG_DTM, UPD_USER_ID, UPD_DTM) VALUES ('MBCM00301', 'AMBCM00001', 'admin', CURRENT_TIMESTAMP, 'admin', CURRENT_TIMESTAMP);
INSERT INTO TB_BCM_MENU_ROLE_MAP (MENU_ID, ROLE_ID, REG_USER_ID, REG_DTM, UPD_USER_ID, UPD_DTM) VALUES ('MBCM00302', 'AMBCM00011', 'admin', CURRENT_TIMESTAMP, 'admin', CURRENT_TIMESTAMP);


/* ELEMENT */
INSERT INTO TB_BCM_VIEW_ELEMENT (ELEMENT_SEQ, PRGM_ID, ELEMENT_KEY, ELEMENT_DESC, USE_YN, REG_USER_ID, REG_DTM, UPD_USER_ID, UPD_DTM) VALUES (1,'PVUSER-01', '#userSearchBtn', '사용자검색버튼', 'Y', 'admin', CURRENT_TIMESTAMP, 'admin', CURRENT_TIMESTAMP);
INSERT INTO TB_BCM_VIEW_ELEMENT (ELEMENT_SEQ, PRGM_ID, ELEMENT_KEY, ELEMENT_DESC, USE_YN, REG_USER_ID, REG_DTM, UPD_USER_ID, UPD_DTM) VALUES (2,'PVUSER-01', '#userCreateBtn', '등록버튼', 'Y', 'admin', CURRENT_TIMESTAMP, 'admin', CURRENT_TIMESTAMP);
INSERT INTO TB_BCM_VIEW_ELEMENT (ELEMENT_SEQ, PRGM_ID, ELEMENT_KEY, ELEMENT_DESC, USE_YN, REG_USER_ID, REG_DTM, UPD_USER_ID, UPD_DTM) VALUES (3,'PVUSER-01', '#userEditBtn', '사용자정보 수정', 'Y', 'admin', CURRENT_TIMESTAMP, 'admin', CURRENT_TIMESTAMP);
INSERT INTO TB_BCM_VIEW_ELEMENT (ELEMENT_SEQ, PRGM_ID, ELEMENT_KEY, ELEMENT_DESC, USE_YN, REG_USER_ID, REG_DTM, UPD_USER_ID, UPD_DTM) VALUES (4,'PVUSER-01', '#userGroupMapBtn', '사용자그룹 수정', 'Y', 'admin', CURRENT_TIMESTAMP, 'admin', CURRENT_TIMESTAMP);
INSERT INTO TB_BCM_VIEW_ELEMENT (ELEMENT_SEQ, PRGM_ID, ELEMENT_KEY, ELEMENT_DESC, USE_YN, REG_USER_ID, REG_DTM, UPD_USER_ID, UPD_DTM) VALUES (5,'PVNOTI-01', '#articleCreateBtn', '등록버튼', 'Y', 'admin', CURRENT_TIMESTAMP, 'admin', CURRENT_TIMESTAMP);
INSERT INTO TB_BCM_VIEW_ELEMENT (ELEMENT_SEQ, PRGM_ID, ELEMENT_KEY, ELEMENT_DESC, USE_YN, REG_USER_ID, REG_DTM, UPD_USER_ID, UPD_DTM) VALUES (6,'PVFAQ-01', '#articleCreateBtn', '등록버튼', 'Y', 'admin', CURRENT_TIMESTAMP, 'admin', CURRENT_TIMESTAMP);

/* ELEMENT <-> ROLE Mapping */
INSERT INTO TB_BCM_VIEW_ELEMENT_ROLE_MAP (ELEMENT_SEQ, ROLE_ID, VISIBLE_YN, ENABLE_YN, REG_USER_ID, REG_DTM, UPD_USER_ID, UPD_DTM) VALUES (1,'AEBCM00002', 'N', 'Y', 'admin', CURRENT_TIMESTAMP, 'admin', CURRENT_TIMESTAMP);
INSERT INTO TB_BCM_VIEW_ELEMENT_ROLE_MAP (ELEMENT_SEQ, ROLE_ID, VISIBLE_YN, ENABLE_YN, REG_USER_ID, REG_DTM, UPD_USER_ID, UPD_DTM) VALUES (2,'AEBCM00002', 'Y', 'N', 'admin', CURRENT_TIMESTAMP, 'admin', CURRENT_TIMESTAMP);
INSERT INTO TB_BCM_VIEW_ELEMENT_ROLE_MAP (ELEMENT_SEQ, ROLE_ID, VISIBLE_YN, ENABLE_YN, REG_USER_ID, REG_DTM, UPD_USER_ID, UPD_DTM) VALUES (3,'AEBCM00002', 'Y', 'N', 'admin', CURRENT_TIMESTAMP, 'admin', CURRENT_TIMESTAMP);
INSERT INTO TB_BCM_VIEW_ELEMENT_ROLE_MAP (ELEMENT_SEQ, ROLE_ID, VISIBLE_YN, ENABLE_YN, REG_USER_ID, REG_DTM, UPD_USER_ID, UPD_DTM) VALUES (4,'AEBCM00002', 'Y', 'N', 'admin', CURRENT_TIMESTAMP, 'admin', CURRENT_TIMESTAMP);
INSERT INTO TB_BCM_VIEW_ELEMENT_ROLE_MAP (ELEMENT_SEQ, ROLE_ID, VISIBLE_YN, ENABLE_YN, REG_USER_ID, REG_DTM, UPD_USER_ID, UPD_DTM) VALUES (5,'AEBCM00001', 'Y', 'N', 'admin', CURRENT_TIMESTAMP, 'admin', CURRENT_TIMESTAMP);
INSERT INTO TB_BCM_VIEW_ELEMENT_ROLE_MAP (ELEMENT_SEQ, ROLE_ID, VISIBLE_YN, ENABLE_YN, REG_USER_ID, REG_DTM, UPD_USER_ID, UPD_DTM) VALUES (6,'AEBCM00001', 'Y', 'N', 'admin', CURRENT_TIMESTAMP, 'admin', CURRENT_TIMESTAMP);

/* Board */
INSERT INTO TB_BCM_BOARD (BOARD_ID ,ATTACH_FILE_TYP ,BASE_PATH ,BOARD_DESC ,BOARD_NM ,BOARD_TYP ,COMMENT_USE_YN ,EMGC_USE_YN ,TERM_USE_YN ,USE_YN ,REG_DTM ,REG_USER_ID ,UPD_DTM ,UPD_USER_ID ) VALUES ('notice', 'MULTI' ,'/boards/notice' ,'공지사항 ' ,'공지사항' ,'M' ,'Y' ,'Y' ,'Y',  'Y', CURRENT_TIMESTAMP, 'admin',CURRENT_TIMESTAMP, 'admin');
INSERT INTO TB_BCM_BOARD (BOARD_ID ,ATTACH_FILE_TYP ,BASE_PATH ,BOARD_DESC ,BOARD_NM ,BOARD_TYP ,COMMENT_USE_YN ,EMGC_USE_YN ,TERM_USE_YN ,USE_YN ,REG_DTM ,REG_USER_ID ,UPD_DTM ,UPD_USER_ID ) VALUES ('faq','MULTI' ,'/boards/faq' ,'FAQ' ,'FAQ' ,'M' ,'Y' ,'Y' ,'Y',  'Y', CURRENT_TIMESTAMP, 'admin',CURRENT_TIMESTAMP, 'admin');
INSERT INTO TB_BCM_BOARD (BOARD_ID ,ATTACH_FILE_TYP ,BASE_PATH ,BOARD_DESC ,BOARD_NM ,BOARD_TYP ,COMMENT_USE_YN ,EMGC_USE_YN ,TERM_USE_YN ,USE_YN ,REG_DTM ,REG_USER_ID ,UPD_DTM ,UPD_USER_ID ) VALUES ('bbs1','MULTI' ,'/boards/bbs1' ,'자유게시판' ,'자유게시판' ,'M' ,'Y' ,'Y' ,'Y',  'Y', CURRENT_TIMESTAMP, 'admin',CURRENT_TIMESTAMP, 'admin');
INSERT INTO TB_BCM_BOARD (BOARD_ID ,ATTACH_FILE_TYP ,BASE_PATH ,BOARD_DESC ,BOARD_NM ,BOARD_TYP ,COMMENT_USE_YN ,EMGC_USE_YN ,TERM_USE_YN ,USE_YN ,REG_DTM ,REG_USER_ID ,UPD_DTM ,UPD_USER_ID ) VALUES ('bbs2','MULTI' ,'/boards/bbs2' ,'OO업무 게시판' ,'OO업무 게시판' ,'M' ,'Y' ,'Y' ,'Y',  'Y', CURRENT_TIMESTAMP, 'admin',CURRENT_TIMESTAMP, 'admin');

/* Code Group */
INSERT INTO TB_BCM_CDMST (CD_ID, CD_NM1, CD_NM2, CD_NM3, CD_DESC, USE_YN, REG_DTM, REG_USER_ID, UPD_DTM, UPD_USER_ID) VALUES ('CD0001', '회사코드', '회사코드', '회사코드', '', 'Y', CURRENT_TIMESTAMP, 'admin', CURRENT_TIMESTAMP, 'admin');
INSERT INTO TB_BCM_CDMST (CD_ID, CD_NM1, CD_NM2, CD_NM3, CD_DESC, USE_YN, REG_DTM, REG_USER_ID, UPD_DTM, UPD_USER_ID) VALUES ('CD0002', '국가코드', '국가코드', '국가코드', '', 'Y', CURRENT_TIMESTAMP, 'admin', CURRENT_TIMESTAMP, 'admin');

/* Code */
INSERT INTO TB_BCM_CDDTL (CD_DTL_ID, CD_ID, CD_DTL_NM1, CD_DTL_NM2, CD_DTL_NM3, CD_DTL_DESC, CD_SORT_SEQ, USE_YN, REG_DTM, REG_USER_ID, UPD_DTM, UPD_USER_ID) VALUES ('H10', 'CD0001', 'SK에너지',             'SKE',     'SKE', '', 1, 'Y', CURRENT_TIMESTAMP, 'admin', CURRENT_TIMESTAMP, 'admin');
INSERT INTO TB_BCM_CDDTL (CD_DTL_ID, CD_ID, CD_DTL_NM1, CD_DTL_NM2, CD_DTL_NM3, CD_DTL_DESC, CD_SORT_SEQ, USE_YN, REG_DTM, REG_USER_ID, UPD_DTM, UPD_USER_ID) VALUES ('H13', 'CD0001', 'SK트레이딩인터내셔널', 'SKTI',    'SKTI', '', 2, 'Y', CURRENT_TIMESTAMP, 'admin', CURRENT_TIMESTAMP, 'admin');
INSERT INTO TB_BCM_CDDTL (CD_DTL_ID, CD_ID, CD_DTL_NM1, CD_DTL_NM2, CD_DTL_NM3, CD_DTL_DESC, CD_SORT_SEQ, USE_YN, REG_DTM, REG_USER_ID, UPD_DTM, UPD_USER_ID) VALUES ('H17', 'CD0001', 'SK인천종합화학',       'SKIPC',   'SKIPC', '', 3, 'Y', CURRENT_TIMESTAMP, 'admin', CURRENT_TIMESTAMP, 'admin');
INSERT INTO TB_BCM_CDDTL (CD_DTL_ID, CD_ID, CD_DTL_NM1, CD_DTL_NM2, CD_DTL_NM3, CD_DTL_DESC, CD_SORT_SEQ, USE_YN, REG_DTM, REG_USER_ID, UPD_DTM, UPD_USER_ID) VALUES ('H40', 'CD0001', 'SK루브리컨츠',         'SKL',     'SKL', '', 4, 'Y', CURRENT_TIMESTAMP, 'admin', CURRENT_TIMESTAMP, 'admin');
INSERT INTO TB_BCM_CDDTL (CD_DTL_ID, CD_ID, CD_DTL_NM1, CD_DTL_NM2, CD_DTL_NM3, CD_DTL_DESC, CD_SORT_SEQ, USE_YN, REG_DTM, REG_USER_ID, UPD_DTM, UPD_USER_ID) VALUES ('H50', 'CD0001', 'SK종합화학',           'SKGC',    'SKGC', '', 5, 'Y', CURRENT_TIMESTAMP, 'admin', CURRENT_TIMESTAMP, 'admin');
INSERT INTO TB_BCM_CDDTL (CD_DTL_ID, CD_ID, CD_DTL_NM1, CD_DTL_NM2, CD_DTL_NM3, CD_DTL_DESC, CD_SORT_SEQ, USE_YN, REG_DTM, REG_USER_ID, UPD_DTM, UPD_USER_ID) VALUES ('H60', 'CD0001', 'SK이노베이션',         'SKI',     'SKI', '', 8, 'Y', CURRENT_TIMESTAMP, 'admin', CURRENT_TIMESTAMP, 'admin');
INSERT INTO TB_BCM_CDDTL (CD_DTL_ID, CD_ID, CD_DTL_NM1, CD_DTL_NM2, CD_DTL_NM3, CD_DTL_DESC, CD_SORT_SEQ, USE_YN, REG_DTM, REG_USER_ID, UPD_DTM, UPD_USER_ID) VALUES ('H70', 'CD0001', '기타',                 'etc',     'etc', '', 9, 'Y', CURRENT_TIMESTAMP, 'admin', CURRENT_TIMESTAMP, 'admin');

INSERT INTO TB_BCM_CDDTL (CD_DTL_ID, CD_ID, CD_DTL_NM1, CD_DTL_NM2, CD_DTL_NM3, CD_DTL_DESC, CD_SORT_SEQ, USE_YN, REG_DTM, REG_USER_ID, UPD_DTM, UPD_USER_ID) VALUES ('NL', 'CD0002', '네덜란드', 'Netherlands', '', '', 1, 'Y', CURRENT_TIMESTAMP, 'admin', CURRENT_TIMESTAMP, 'admin');
INSERT INTO TB_BCM_CDDTL (CD_DTL_ID, CD_ID, CD_DTL_NM1, CD_DTL_NM2, CD_DTL_NM3, CD_DTL_DESC, CD_SORT_SEQ, USE_YN, REG_DTM, REG_USER_ID, UPD_DTM, UPD_USER_ID) VALUES ('OM', 'CD0002', '오만', 'Oman', '', '', 2, 'Y', CURRENT_TIMESTAMP, 'admin', CURRENT_TIMESTAMP, 'admin');
INSERT INTO TB_BCM_CDDTL (CD_DTL_ID, CD_ID, CD_DTL_NM1, CD_DTL_NM2, CD_DTL_NM3, CD_DTL_DESC, CD_SORT_SEQ, USE_YN, REG_DTM, REG_USER_ID, UPD_DTM, UPD_USER_ID) VALUES ('NR', 'CD0002', '나우루', 'Nauru', '', '', 3, 'Y', CURRENT_TIMESTAMP, 'admin', CURRENT_TIMESTAMP, 'admin');
INSERT INTO TB_BCM_CDDTL (CD_DTL_ID, CD_ID, CD_DTL_NM1, CD_DTL_NM2, CD_DTL_NM3, CD_DTL_DESC, CD_SORT_SEQ, USE_YN, REG_DTM, REG_USER_ID, UPD_DTM, UPD_USER_ID) VALUES ('MG', 'CD0002', '마다가스카', 'Madagascar', '', '', 4, 'Y', CURRENT_TIMESTAMP, 'admin', CURRENT_TIMESTAMP, 'admin');
INSERT INTO TB_BCM_CDDTL (CD_DTL_ID, CD_ID, CD_DTL_NM1, CD_DTL_NM2, CD_DTL_NM3, CD_DTL_DESC, CD_SORT_SEQ, USE_YN, REG_DTM, REG_USER_ID, UPD_DTM, UPD_USER_ID) VALUES ('MD', 'CD0002', '몰다비아 공화국', 'Moldavia', '', '', 5, 'Y', CURRENT_TIMESTAMP, 'admin', CURRENT_TIMESTAMP, 'admin');
INSERT INTO TB_BCM_CDDTL (CD_DTL_ID, CD_ID, CD_DTL_NM1, CD_DTL_NM2, CD_DTL_NM3, CD_DTL_DESC, CD_SORT_SEQ, USE_YN, REG_DTM, REG_USER_ID, UPD_DTM, UPD_USER_ID) VALUES ('MU', 'CD0002', '모리셔스', 'Mauritius', '', '', 6, 'Y', CURRENT_TIMESTAMP, 'admin', CURRENT_TIMESTAMP, 'admin');
INSERT INTO TB_BCM_CDDTL (CD_DTL_ID, CD_ID, CD_DTL_NM1, CD_DTL_NM2, CD_DTL_NM3, CD_DTL_DESC, CD_SORT_SEQ, USE_YN, REG_DTM, REG_USER_ID, UPD_DTM, UPD_USER_ID) VALUES ('LU', 'CD0002', '룩셈부르크', 'Luxembourg', '', '', 7, 'Y', CURRENT_TIMESTAMP, 'admin', CURRENT_TIMESTAMP, 'admin');
INSERT INTO TB_BCM_CDDTL (CD_DTL_ID, CD_ID, CD_DTL_NM1, CD_DTL_NM2, CD_DTL_NM3, CD_DTL_DESC, CD_SORT_SEQ, USE_YN, REG_DTM, REG_USER_ID, UPD_DTM, UPD_USER_ID) VALUES ('MH', 'CD0002', '마샬제도', 'Marshall Islnds', '', '', 8, 'Y', CURRENT_TIMESTAMP, 'admin', CURRENT_TIMESTAMP, 'admin');
INSERT INTO TB_BCM_CDDTL (CD_DTL_ID, CD_ID, CD_DTL_NM1, CD_DTL_NM2, CD_DTL_NM3, CD_DTL_DESC, CD_SORT_SEQ, USE_YN, REG_DTM, REG_USER_ID, UPD_DTM, UPD_USER_ID) VALUES ('LC', 'CD0002', '세인트루시아', 'St. Lucia', '', '', 9, 'Y', CURRENT_TIMESTAMP, 'admin', CURRENT_TIMESTAMP, 'admin');
INSERT INTO TB_BCM_CDDTL (CD_DTL_ID, CD_ID, CD_DTL_NM1, CD_DTL_NM2, CD_DTL_NM3, CD_DTL_DESC, CD_SORT_SEQ, USE_YN, REG_DTM, REG_USER_ID, UPD_DTM, UPD_USER_ID) VALUES ('LB', 'CD0002', '레바논', 'Lebanon', '', '', 10, 'Y', CURRENT_TIMESTAMP, 'admin', CURRENT_TIMESTAMP, 'admin');
INSERT INTO TB_BCM_CDDTL (CD_DTL_ID, CD_ID, CD_DTL_NM1, CD_DTL_NM2, CD_DTL_NM3, CD_DTL_DESC, CD_SORT_SEQ, USE_YN, REG_DTM, REG_USER_ID, UPD_DTM, UPD_USER_ID) VALUES ('MS', 'CD0002', '몬트세랫', 'Montserrat', '', '', 11, 'Y', CURRENT_TIMESTAMP, 'admin', CURRENT_TIMESTAMP, 'admin');
INSERT INTO TB_BCM_CDDTL (CD_DTL_ID, CD_ID, CD_DTL_NM1, CD_DTL_NM2, CD_DTL_NM3, CD_DTL_DESC, CD_SORT_SEQ, USE_YN, REG_DTM, REG_USER_ID, UPD_DTM, UPD_USER_ID) VALUES ('MT', 'CD0002', '몰타', 'Malta', '', '', 12, 'Y', CURRENT_TIMESTAMP, 'admin', CURRENT_TIMESTAMP, 'admin');
INSERT INTO TB_BCM_CDDTL (CD_DTL_ID, CD_ID, CD_DTL_NM1, CD_DTL_NM2, CD_DTL_NM3, CD_DTL_DESC, CD_SORT_SEQ, USE_YN, REG_DTM, REG_USER_ID, UPD_DTM, UPD_USER_ID) VALUES ('MP', 'CD0002', '마리아나 제도', 'N.Mariana Islnd', '', '', 13, 'Y', CURRENT_TIMESTAMP, 'admin', CURRENT_TIMESTAMP, 'admin');
INSERT INTO TB_BCM_CDDTL (CD_DTL_ID, CD_ID, CD_DTL_NM1, CD_DTL_NM2, CD_DTL_NM3, CD_DTL_DESC, CD_SORT_SEQ, USE_YN, REG_DTM, REG_USER_ID, UPD_DTM, UPD_USER_ID) VALUES ('MO', 'CD0002', '마카오', 'Macau', '', '', 14, 'Y', CURRENT_TIMESTAMP, 'admin', CURRENT_TIMESTAMP, 'admin');
INSERT INTO TB_BCM_CDDTL (CD_DTL_ID, CD_ID, CD_DTL_NM1, CD_DTL_NM2, CD_DTL_NM3, CD_DTL_DESC, CD_SORT_SEQ, USE_YN, REG_DTM, REG_USER_ID, UPD_DTM, UPD_USER_ID) VALUES ('ZW', 'CD0002', '짐바브웨', 'Zimbabwe', '', '', 15, 'Y', CURRENT_TIMESTAMP, 'admin', CURRENT_TIMESTAMP, 'admin');
INSERT INTO TB_BCM_CDDTL (CD_DTL_ID, CD_ID, CD_DTL_NM1, CD_DTL_NM2, CD_DTL_NM3, CD_DTL_DESC, CD_SORT_SEQ, USE_YN, REG_DTM, REG_USER_ID, UPD_DTM, UPD_USER_ID) VALUES ('TW', 'CD0002', '타이완', 'Taiwan', '', '', 16, 'Y', CURRENT_TIMESTAMP, 'admin', CURRENT_TIMESTAMP, 'admin');
INSERT INTO TB_BCM_CDDTL (CD_DTL_ID, CD_ID, CD_DTL_NM1, CD_DTL_NM2, CD_DTL_NM3, CD_DTL_DESC, CD_SORT_SEQ, USE_YN, REG_DTM, REG_USER_ID, UPD_DTM, UPD_USER_ID) VALUES ('TO', 'CD0002', '통가', 'Tonga', '', '', 17, 'Y', CURRENT_TIMESTAMP, 'admin', CURRENT_TIMESTAMP, 'admin');
INSERT INTO TB_BCM_CDDTL (CD_DTL_ID, CD_ID, CD_DTL_NM1, CD_DTL_NM2, CD_DTL_NM3, CD_DTL_DESC, CD_SORT_SEQ, USE_YN, REG_DTM, REG_USER_ID, UPD_DTM, UPD_USER_ID) VALUES ('UM', 'CD0002', '미국령 군소 제도', 'Minor Outl.Ins.', '', '', 18, 'Y', CURRENT_TIMESTAMP, 'admin', CURRENT_TIMESTAMP, 'admin');
INSERT INTO TB_BCM_CDDTL (CD_DTL_ID, CD_ID, CD_DTL_NM1, CD_DTL_NM2, CD_DTL_NM3, CD_DTL_DESC, CD_SORT_SEQ, USE_YN, REG_DTM, REG_USER_ID, UPD_DTM, UPD_USER_ID) VALUES ('VE', 'CD0002', '베네쥬엘라', 'Venezuela', '', '', 19, 'Y', CURRENT_TIMESTAMP, 'admin', CURRENT_TIMESTAMP, 'admin');
INSERT INTO TB_BCM_CDDTL (CD_DTL_ID, CD_ID, CD_DTL_NM1, CD_DTL_NM2, CD_DTL_NM3, CD_DTL_DESC, CD_SORT_SEQ, USE_YN, REG_DTM, REG_USER_ID, UPD_DTM, UPD_USER_ID) VALUES ('VI', 'CD0002', '버진아일랜드', 'Amer.Virgin Is.', '', '', 20, 'Y', CURRENT_TIMESTAMP, 'admin', CURRENT_TIMESTAMP, 'admin');
INSERT INTO TB_BCM_CDDTL (CD_DTL_ID, CD_ID, CD_DTL_NM1, CD_DTL_NM2, CD_DTL_NM3, CD_DTL_DESC, CD_SORT_SEQ, USE_YN, REG_DTM, REG_USER_ID, UPD_DTM, UPD_USER_ID) VALUES ('KE', 'CD0002', '케냐', 'Kenya', '', '', 21, 'Y', CURRENT_TIMESTAMP, 'admin', CURRENT_TIMESTAMP, 'admin');
INSERT INTO TB_BCM_CDDTL (CD_DTL_ID, CD_ID, CD_DTL_NM1, CD_DTL_NM2, CD_DTL_NM3, CD_DTL_DESC, CD_SORT_SEQ, USE_YN, REG_DTM, REG_USER_ID, UPD_DTM, UPD_USER_ID) VALUES ('MV', 'CD0002', '몰디브', 'Maldives', '', '', 22, 'Y', CURRENT_TIMESTAMP, 'admin', CURRENT_TIMESTAMP, 'admin');
INSERT INTO TB_BCM_CDDTL (CD_DTL_ID, CD_ID, CD_DTL_NM1, CD_DTL_NM2, CD_DTL_NM3, CD_DTL_DESC, CD_SORT_SEQ, USE_YN, REG_DTM, REG_USER_ID, UPD_DTM, UPD_USER_ID) VALUES ('NI', 'CD0002', '니카라과', 'Nicaragua', '', '', 23, 'Y', CURRENT_TIMESTAMP, 'admin', CURRENT_TIMESTAMP, 'admin');
INSERT INTO TB_BCM_CDDTL (CD_DTL_ID, CD_ID, CD_DTL_NM1, CD_DTL_NM2, CD_DTL_NM3, CD_DTL_DESC, CD_SORT_SEQ, USE_YN, REG_DTM, REG_USER_ID, UPD_DTM, UPD_USER_ID) VALUES ('NU', 'CD0002', '니우에 제도', 'Niue Islands', '', '', 24, 'Y', CURRENT_TIMESTAMP, 'admin', CURRENT_TIMESTAMP, 'admin');
INSERT INTO TB_BCM_CDDTL (CD_DTL_ID, CD_ID, CD_DTL_NM1, CD_DTL_NM2, CD_DTL_NM3, CD_DTL_DESC, CD_SORT_SEQ, USE_YN, REG_DTM, REG_USER_ID, UPD_DTM, UPD_USER_ID) VALUES ('LS', 'CD0002', '레소토', 'Lesotho', '', '', 25, 'Y', CURRENT_TIMESTAMP, 'admin', CURRENT_TIMESTAMP, 'admin');
INSERT INTO TB_BCM_CDDTL (CD_DTL_ID, CD_ID, CD_DTL_NM1, CD_DTL_NM2, CD_DTL_NM3, CD_DTL_DESC, CD_SORT_SEQ, USE_YN, REG_DTM, REG_USER_ID, UPD_DTM, UPD_USER_ID) VALUES ('LR', 'CD0002', '리베리아', 'Liberia', '', '', 26, 'Y', CURRENT_TIMESTAMP, 'admin', CURRENT_TIMESTAMP, 'admin');
INSERT INTO TB_BCM_CDDTL (CD_DTL_ID, CD_ID, CD_DTL_NM1, CD_DTL_NM2, CD_DTL_NM3, CD_DTL_DESC, CD_SORT_SEQ, USE_YN, REG_DTM, REG_USER_ID, UPD_DTM, UPD_USER_ID) VALUES ('LK', 'CD0002', '스리랑카', 'Sri Lanka', '', '', 27, 'Y', CURRENT_TIMESTAMP, 'admin', CURRENT_TIMESTAMP, 'admin');
INSERT INTO TB_BCM_CDDTL (CD_DTL_ID, CD_ID, CD_DTL_NM1, CD_DTL_NM2, CD_DTL_NM3, CD_DTL_DESC, CD_SORT_SEQ, USE_YN, REG_DTM, REG_USER_ID, UPD_DTM, UPD_USER_ID) VALUES ('KY', 'CD0002', '카이만제도', 'Cayman Islands', '', '', 28, 'Y', CURRENT_TIMESTAMP, 'admin', CURRENT_TIMESTAMP, 'admin');
INSERT INTO TB_BCM_CDDTL (CD_DTL_ID, CD_ID, CD_DTL_NM1, CD_DTL_NM2, CD_DTL_NM3, CD_DTL_DESC, CD_SORT_SEQ, USE_YN, REG_DTM, REG_USER_ID, UPD_DTM, UPD_USER_ID) VALUES ('NZ', 'CD0002', '뉴질랜드', 'New Zealand', '', '', 29, 'Y', CURRENT_TIMESTAMP, 'admin', CURRENT_TIMESTAMP, 'admin');
INSERT INTO TB_BCM_CDDTL (CD_DTL_ID, CD_ID, CD_DTL_NM1, CD_DTL_NM2, CD_DTL_NM3, CD_DTL_DESC, CD_SORT_SEQ, USE_YN, REG_DTM, REG_USER_ID, UPD_DTM, UPD_USER_ID) VALUES ('NP', 'CD0002', '네팔', 'Nepal', '', '', 30, 'Y', CURRENT_TIMESTAMP, 'admin', CURRENT_TIMESTAMP, 'admin');
INSERT INTO TB_BCM_CDDTL (CD_DTL_ID, CD_ID, CD_DTL_NM1, CD_DTL_NM2, CD_DTL_NM3, CD_DTL_DESC, CD_SORT_SEQ, USE_YN, REG_DTM, REG_USER_ID, UPD_DTM, UPD_USER_ID) VALUES ('MZ', 'CD0002', '모잠비크', 'Mozambique', '', '', 31, 'Y', CURRENT_TIMESTAMP, 'admin', CURRENT_TIMESTAMP, 'admin');
INSERT INTO TB_BCM_CDDTL (CD_DTL_ID, CD_ID, CD_DTL_NM1, CD_DTL_NM2, CD_DTL_NM3, CD_DTL_DESC, CD_SORT_SEQ, USE_YN, REG_DTM, REG_USER_ID, UPD_DTM, UPD_USER_ID) VALUES ('MR', 'CD0002', '모리타니아', 'Mauretania', '', '', 32, 'Y', CURRENT_TIMESTAMP, 'admin', CURRENT_TIMESTAMP, 'admin');
INSERT INTO TB_BCM_CDDTL (CD_DTL_ID, CD_ID, CD_DTL_NM1, CD_DTL_NM2, CD_DTL_NM3, CD_DTL_DESC, CD_SORT_SEQ, USE_YN, REG_DTM, REG_USER_ID, UPD_DTM, UPD_USER_ID) VALUES ('MY', 'CD0002', '말레이지아', 'Malaysia', '', '', 33, 'Y', CURRENT_TIMESTAMP, 'admin', CURRENT_TIMESTAMP, 'admin');
INSERT INTO TB_BCM_CDDTL (CD_DTL_ID, CD_ID, CD_DTL_NM1, CD_DTL_NM2, CD_DTL_NM3, CD_DTL_DESC, CD_SORT_SEQ, USE_YN, REG_DTM, REG_USER_ID, UPD_DTM, UPD_USER_ID) VALUES ('NG', 'CD0002', '나이지리아', 'Nigeria', '', '', 34, 'Y', CURRENT_TIMESTAMP, 'admin', CURRENT_TIMESTAMP, 'admin');
INSERT INTO TB_BCM_CDDTL (CD_DTL_ID, CD_ID, CD_DTL_NM1, CD_DTL_NM2, CD_DTL_NM3, CD_DTL_DESC, CD_SORT_SEQ, USE_YN, REG_DTM, REG_USER_ID, UPD_DTM, UPD_USER_ID) VALUES ('NE', 'CD0002', '니제르', 'Niger', '', '', 35, 'Y', CURRENT_TIMESTAMP, 'admin', CURRENT_TIMESTAMP, 'admin');
INSERT INTO TB_BCM_CDDTL (CD_DTL_ID, CD_ID, CD_DTL_NM1, CD_DTL_NM2, CD_DTL_NM3, CD_DTL_DESC, CD_SORT_SEQ, USE_YN, REG_DTM, REG_USER_ID, UPD_DTM, UPD_USER_ID) VALUES ('NF', 'CD0002', '노퍽 제도', 'Norfolk Island', '', '', 36, 'Y', CURRENT_TIMESTAMP, 'admin', CURRENT_TIMESTAMP, 'admin');
INSERT INTO TB_BCM_CDDTL (CD_DTL_ID, CD_ID, CD_DTL_NM1, CD_DTL_NM2, CD_DTL_NM3, CD_DTL_DESC, CD_SORT_SEQ, USE_YN, REG_DTM, REG_USER_ID, UPD_DTM, UPD_USER_ID) VALUES ('GY', 'CD0002', '가이아나', 'Guyana', '', '', 37, 'Y', CURRENT_TIMESTAMP, 'admin', CURRENT_TIMESTAMP, 'admin');
INSERT INTO TB_BCM_CDDTL (CD_DTL_ID, CD_ID, CD_DTL_NM1, CD_DTL_NM2, CD_DTL_NM3, CD_DTL_DESC, CD_SORT_SEQ, USE_YN, REG_DTM, REG_USER_ID, UPD_DTM, UPD_USER_ID) VALUES ('IS', 'CD0002', '아이슬란드', 'Iceland', '', '', 38, 'Y', CURRENT_TIMESTAMP, 'admin', CURRENT_TIMESTAMP, 'admin');
INSERT INTO TB_BCM_CDDTL (CD_DTL_ID, CD_ID, CD_DTL_NM1, CD_DTL_NM2, CD_DTL_NM3, CD_DTL_DESC, CD_SORT_SEQ, USE_YN, REG_DTM, REG_USER_ID, UPD_DTM, UPD_USER_ID) VALUES ('IT', 'CD0002', '이탈리아', 'Italy', '', '', 39, 'Y', CURRENT_TIMESTAMP, 'admin', CURRENT_TIMESTAMP, 'admin');
INSERT INTO TB_BCM_CDDTL (CD_DTL_ID, CD_ID, CD_DTL_NM1, CD_DTL_NM2, CD_DTL_NM3, CD_DTL_DESC, CD_SORT_SEQ, USE_YN, REG_DTM, REG_USER_ID, UPD_DTM, UPD_USER_ID) VALUES ('PR', 'CD0002', '푸에르토리코', 'Puerto Rico', '', '', 40, 'Y', CURRENT_TIMESTAMP, 'admin', CURRENT_TIMESTAMP, 'admin');
INSERT INTO TB_BCM_CDDTL (CD_DTL_ID, CD_ID, CD_DTL_NM1, CD_DTL_NM2, CD_DTL_NM3, CD_DTL_DESC, CD_SORT_SEQ, USE_YN, REG_DTM, REG_USER_ID, UPD_DTM, UPD_USER_ID) VALUES ('PN', 'CD0002', '피트케언 제도', 'Pitcairn Islnds', '', '', 41, 'Y', CURRENT_TIMESTAMP, 'admin', CURRENT_TIMESTAMP, 'admin');
INSERT INTO TB_BCM_CDDTL (CD_DTL_ID, CD_ID, CD_DTL_NM1, CD_DTL_NM2, CD_DTL_NM3, CD_DTL_DESC, CD_SORT_SEQ, USE_YN, REG_DTM, REG_USER_ID, UPD_DTM, UPD_USER_ID) VALUES ('PT', 'CD0002', '포르투갈', 'Portugal', '', '', 42, 'Y', CURRENT_TIMESTAMP, 'admin', CURRENT_TIMESTAMP, 'admin');
INSERT INTO TB_BCM_CDDTL (CD_DTL_ID, CD_ID, CD_DTL_NM1, CD_DTL_NM2, CD_DTL_NM3, CD_DTL_DESC, CD_SORT_SEQ, USE_YN, REG_DTM, REG_USER_ID, UPD_DTM, UPD_USER_ID) VALUES ('PY', 'CD0002', '파라과이', 'Paraguay', '', '', 43, 'Y', CURRENT_TIMESTAMP, 'admin', CURRENT_TIMESTAMP, 'admin');
INSERT INTO TB_BCM_CDDTL (CD_DTL_ID, CD_ID, CD_DTL_NM1, CD_DTL_NM2, CD_DTL_NM3, CD_DTL_DESC, CD_SORT_SEQ, USE_YN, REG_DTM, REG_USER_ID, UPD_DTM, UPD_USER_ID) VALUES ('QA', 'CD0002', '카타르', 'Qatar', '', '', 44, 'Y', CURRENT_TIMESTAMP, 'admin', CURRENT_TIMESTAMP, 'admin');
INSERT INTO TB_BCM_CDDTL (CD_DTL_ID, CD_ID, CD_DTL_NM1, CD_DTL_NM2, CD_DTL_NM3, CD_DTL_DESC, CD_SORT_SEQ, USE_YN, REG_DTM, REG_USER_ID, UPD_DTM, UPD_USER_ID) VALUES ('PW', 'CD0002', '팔라우', 'Palau', '', '', 45, 'Y', CURRENT_TIMESTAMP, 'admin', CURRENT_TIMESTAMP, 'admin');
INSERT INTO TB_BCM_CDDTL (CD_DTL_ID, CD_ID, CD_DTL_NM1, CD_DTL_NM2, CD_DTL_NM3, CD_DTL_DESC, CD_SORT_SEQ, USE_YN, REG_DTM, REG_USER_ID, UPD_DTM, UPD_USER_ID) VALUES ('PF', 'CD0002', '프랑스령 폴리네시아', 'Frenc.Polynesia', '', '', 46, 'Y', CURRENT_TIMESTAMP, 'admin', CURRENT_TIMESTAMP, 'admin');
INSERT INTO TB_BCM_CDDTL (CD_DTL_ID, CD_ID, CD_DTL_NM1, CD_DTL_NM2, CD_DTL_NM3, CD_DTL_DESC, CD_SORT_SEQ, USE_YN, REG_DTM, REG_USER_ID, UPD_DTM, UPD_USER_ID) VALUES ('PG', 'CD0002', '파푸아뉴기니', 'Papua Nw Guinea', '', '', 47, 'Y', CURRENT_TIMESTAMP, 'admin', CURRENT_TIMESTAMP, 'admin');
INSERT INTO TB_BCM_CDDTL (CD_DTL_ID, CD_ID, CD_DTL_NM1, CD_DTL_NM2, CD_DTL_NM3, CD_DTL_DESC, CD_SORT_SEQ, USE_YN, REG_DTM, REG_USER_ID, UPD_DTM, UPD_USER_ID) VALUES ('PK', 'CD0002', '파키스탄', 'Pakistan', '', '', 48, 'Y', CURRENT_TIMESTAMP, 'admin', CURRENT_TIMESTAMP, 'admin');
INSERT INTO TB_BCM_CDDTL (CD_DTL_ID, CD_ID, CD_DTL_NM1, CD_DTL_NM2, CD_DTL_NM3, CD_DTL_DESC, CD_SORT_SEQ, USE_YN, REG_DTM, REG_USER_ID, UPD_DTM, UPD_USER_ID) VALUES ('MX', 'CD0002', '멕시코', 'Mexico', '', '', 49, 'Y', CURRENT_TIMESTAMP, 'admin', CURRENT_TIMESTAMP, 'admin');
INSERT INTO TB_BCM_CDDTL (CD_DTL_ID, CD_ID, CD_DTL_NM1, CD_DTL_NM2, CD_DTL_NM3, CD_DTL_DESC, CD_SORT_SEQ, USE_YN, REG_DTM, REG_USER_ID, UPD_DTM, UPD_USER_ID) VALUES ('MN', 'CD0002', '몽골', 'Mongolia', '', '', 50, 'Y', CURRENT_TIMESTAMP, 'admin', CURRENT_TIMESTAMP, 'admin');
INSERT INTO TB_BCM_CDDTL (CD_DTL_ID, CD_ID, CD_DTL_NM1, CD_DTL_NM2, CD_DTL_NM3, CD_DTL_DESC, CD_SORT_SEQ, USE_YN, REG_DTM, REG_USER_ID, UPD_DTM, UPD_USER_ID) VALUES ('RE', 'CD0002', '레위니옹', 'Reunion', '', '', 51, 'Y', CURRENT_TIMESTAMP, 'admin', CURRENT_TIMESTAMP, 'admin');
INSERT INTO TB_BCM_CDDTL (CD_DTL_ID, CD_ID, CD_DTL_NM1, CD_DTL_NM2, CD_DTL_NM3, CD_DTL_DESC, CD_SORT_SEQ, USE_YN, REG_DTM, REG_USER_ID, UPD_DTM, UPD_USER_ID) VALUES ('UG', 'CD0002', '우간다', 'Uganda', '', '', 52, 'Y', CURRENT_TIMESTAMP, 'admin', CURRENT_TIMESTAMP, 'admin');
INSERT INTO TB_BCM_CDDTL (CD_DTL_ID, CD_ID, CD_DTL_NM1, CD_DTL_NM2, CD_DTL_NM3, CD_DTL_DESC, CD_SORT_SEQ, USE_YN, REG_DTM, REG_USER_ID, UPD_DTM, UPD_USER_ID) VALUES ('TZ', 'CD0002', '탄자니아', 'Tanzania', '', '', 53, 'Y', CURRENT_TIMESTAMP, 'admin', CURRENT_TIMESTAMP, 'admin');
INSERT INTO TB_BCM_CDDTL (CD_DTL_ID, CD_ID, CD_DTL_NM1, CD_DTL_NM2, CD_DTL_NM3, CD_DTL_DESC, CD_SORT_SEQ, USE_YN, REG_DTM, REG_USER_ID, UPD_DTM, UPD_USER_ID) VALUES ('UY', 'CD0002', '우르과이', 'Uruguay', '', '', 54, 'Y', CURRENT_TIMESTAMP, 'admin', CURRENT_TIMESTAMP, 'admin');
INSERT INTO TB_BCM_CDDTL (CD_DTL_ID, CD_ID, CD_DTL_NM1, CD_DTL_NM2, CD_DTL_NM3, CD_DTL_DESC, CD_SORT_SEQ, USE_YN, REG_DTM, REG_USER_ID, UPD_DTM, UPD_USER_ID) VALUES ('US', 'CD0002', '미국', 'USA', '', '', 55, 'Y', CURRENT_TIMESTAMP, 'admin', CURRENT_TIMESTAMP, 'admin');
INSERT INTO TB_BCM_CDDTL (CD_DTL_ID, CD_ID, CD_DTL_NM1, CD_DTL_NM2, CD_DTL_NM3, CD_DTL_DESC, CD_SORT_SEQ, USE_YN, REG_DTM, REG_USER_ID, UPD_DTM, UPD_USER_ID) VALUES ('TR', 'CD0002', '터키', 'Turkey', '', '', 56, 'Y', CURRENT_TIMESTAMP, 'admin', CURRENT_TIMESTAMP, 'admin');
INSERT INTO TB_BCM_CDDTL (CD_DTL_ID, CD_ID, CD_DTL_NM1, CD_DTL_NM2, CD_DTL_NM3, CD_DTL_DESC, CD_SORT_SEQ, USE_YN, REG_DTM, REG_USER_ID, UPD_DTM, UPD_USER_ID) VALUES ('TV', 'CD0002', '투발루', 'Tuvalu', '', '', 57, 'Y', CURRENT_TIMESTAMP, 'admin', CURRENT_TIMESTAMP, 'admin');
INSERT INTO TB_BCM_CDDTL (CD_DTL_ID, CD_ID, CD_DTL_NM1, CD_DTL_NM2, CD_DTL_NM3, CD_DTL_DESC, CD_SORT_SEQ, USE_YN, REG_DTM, REG_USER_ID, UPD_DTM, UPD_USER_ID) VALUES ('TT', 'CD0002', '트리니다드토바고', 'Trinidad,Tobago', '', '', 58, 'Y', CURRENT_TIMESTAMP, 'admin', CURRENT_TIMESTAMP, 'admin');
INSERT INTO TB_BCM_CDDTL (CD_DTL_ID, CD_ID, CD_DTL_NM1, CD_DTL_NM2, CD_DTL_NM3, CD_DTL_DESC, CD_SORT_SEQ, USE_YN, REG_DTM, REG_USER_ID, UPD_DTM, UPD_USER_ID) VALUES ('VA', 'CD0002', '바티칸시티', 'Vatican City', '', '', 59, 'Y', CURRENT_TIMESTAMP, 'admin', CURRENT_TIMESTAMP, 'admin');
INSERT INTO TB_BCM_CDDTL (CD_DTL_ID, CD_ID, CD_DTL_NM1, CD_DTL_NM2, CD_DTL_NM3, CD_DTL_DESC, CD_SORT_SEQ, USE_YN, REG_DTM, REG_USER_ID, UPD_DTM, UPD_USER_ID) VALUES ('YT', 'CD0002', '마요트 제도', 'Mayotte', '', '', 60, 'Y', CURRENT_TIMESTAMP, 'admin', CURRENT_TIMESTAMP, 'admin');
INSERT INTO TB_BCM_CDDTL (CD_DTL_ID, CD_ID, CD_DTL_NM1, CD_DTL_NM2, CD_DTL_NM3, CD_DTL_DESC, CD_SORT_SEQ, USE_YN, REG_DTM, REG_USER_ID, UPD_DTM, UPD_USER_ID) VALUES ('WS', 'CD0002', '서사모아', 'Western Samoa', '', '', 61, 'Y', CURRENT_TIMESTAMP, 'admin', CURRENT_TIMESTAMP, 'admin');
INSERT INTO TB_BCM_CDDTL (CD_DTL_ID, CD_ID, CD_DTL_NM1, CD_DTL_NM2, CD_DTL_NM3, CD_DTL_DESC, CD_SORT_SEQ, USE_YN, REG_DTM, REG_USER_ID, UPD_DTM, UPD_USER_ID) VALUES ('YU', 'CD0002', '유고슬라비아', 'Yugoslavia', '', '', 62, 'Y', CURRENT_TIMESTAMP, 'admin', CURRENT_TIMESTAMP, 'admin');
INSERT INTO TB_BCM_CDDTL (CD_DTL_ID, CD_ID, CD_DTL_NM1, CD_DTL_NM2, CD_DTL_NM3, CD_DTL_DESC, CD_SORT_SEQ, USE_YN, REG_DTM, REG_USER_ID, UPD_DTM, UPD_USER_ID) VALUES ('ZM', 'CD0002', '잠비아', 'Zambia', '', '', 63, 'Y', CURRENT_TIMESTAMP, 'admin', CURRENT_TIMESTAMP, 'admin');
INSERT INTO TB_BCM_CDDTL (CD_DTL_ID, CD_ID, CD_DTL_NM1, CD_DTL_NM2, CD_DTL_NM3, CD_DTL_DESC, CD_SORT_SEQ, USE_YN, REG_DTM, REG_USER_ID, UPD_DTM, UPD_USER_ID) VALUES ('VU', 'CD0002', '바누아투', 'Vanuatu', '', '', 64, 'Y', CURRENT_TIMESTAMP, 'admin', CURRENT_TIMESTAMP, 'admin');
INSERT INTO TB_BCM_CDDTL (CD_DTL_ID, CD_ID, CD_DTL_NM1, CD_DTL_NM2, CD_DTL_NM3, CD_DTL_DESC, CD_SORT_SEQ, USE_YN, REG_DTM, REG_USER_ID, UPD_DTM, UPD_USER_ID) VALUES ('TM', 'CD0002', '투르크메니스탄', 'Turkmenistan', '', '', 65, 'Y', CURRENT_TIMESTAMP, 'admin', CURRENT_TIMESTAMP, 'admin');
INSERT INTO TB_BCM_CDDTL (CD_DTL_ID, CD_ID, CD_DTL_NM1, CD_DTL_NM2, CD_DTL_NM3, CD_DTL_DESC, CD_SORT_SEQ, USE_YN, REG_DTM, REG_USER_ID, UPD_DTM, UPD_USER_ID) VALUES ('SG', 'CD0002', '싱가포르', 'Singapore', '', '', 66, 'Y', CURRENT_TIMESTAMP, 'admin', CURRENT_TIMESTAMP, 'admin');
INSERT INTO TB_BCM_CDDTL (CD_DTL_ID, CD_ID, CD_DTL_NM1, CD_DTL_NM2, CD_DTL_NM3, CD_DTL_DESC, CD_SORT_SEQ, USE_YN, REG_DTM, REG_USER_ID, UPD_DTM, UPD_USER_ID) VALUES ('SE', 'CD0002', '스웨덴', 'Sweden', '', '', 67, 'Y', CURRENT_TIMESTAMP, 'admin', CURRENT_TIMESTAMP, 'admin');
INSERT INTO TB_BCM_CDDTL (CD_DTL_ID, CD_ID, CD_DTL_NM1, CD_DTL_NM2, CD_DTL_NM3, CD_DTL_DESC, CD_SORT_SEQ, USE_YN, REG_DTM, REG_USER_ID, UPD_DTM, UPD_USER_ID) VALUES ('SL', 'CD0002', '시에라리온', 'Sierra Leone', '', '', 68, 'Y', CURRENT_TIMESTAMP, 'admin', CURRENT_TIMESTAMP, 'admin');
INSERT INTO TB_BCM_CDDTL (CD_DTL_ID, CD_ID, CD_DTL_NM1, CD_DTL_NM2, CD_DTL_NM3, CD_DTL_DESC, CD_SORT_SEQ, USE_YN, REG_DTM, REG_USER_ID, UPD_DTM, UPD_USER_ID) VALUES ('SJ', 'CD0002', '스발바르 제도', 'Svalbard', '', '', 69, 'Y', CURRENT_TIMESTAMP, 'admin', CURRENT_TIMESTAMP, 'admin');
INSERT INTO TB_BCM_CDDTL (CD_DTL_ID, CD_ID, CD_DTL_NM1, CD_DTL_NM2, CD_DTL_NM3, CD_DTL_DESC, CD_SORT_SEQ, USE_YN, REG_DTM, REG_USER_ID, UPD_DTM, UPD_USER_ID) VALUES ('RU', 'CD0002', '러시아연합', 'Russian Fed.', '', '', 70, 'Y', CURRENT_TIMESTAMP, 'admin', CURRENT_TIMESTAMP, 'admin');
INSERT INTO TB_BCM_CDDTL (CD_DTL_ID, CD_ID, CD_DTL_NM1, CD_DTL_NM2, CD_DTL_NM3, CD_DTL_DESC, CD_SORT_SEQ, USE_YN, REG_DTM, REG_USER_ID, UPD_DTM, UPD_USER_ID) VALUES ('SD', 'CD0002', '수단', 'Sudan', '', '', 71, 'Y', CURRENT_TIMESTAMP, 'admin', CURRENT_TIMESTAMP, 'admin');
INSERT INTO TB_BCM_CDDTL (CD_DTL_ID, CD_ID, CD_DTL_NM1, CD_DTL_NM2, CD_DTL_NM3, CD_DTL_DESC, CD_SORT_SEQ, USE_YN, REG_DTM, REG_USER_ID, UPD_DTM, UPD_USER_ID) VALUES ('SB', 'CD0002', '솔로몬제도', 'Solomon Islands', '', '', 72, 'Y', CURRENT_TIMESTAMP, 'admin', CURRENT_TIMESTAMP, 'admin');
INSERT INTO TB_BCM_CDDTL (CD_DTL_ID, CD_ID, CD_DTL_NM1, CD_DTL_NM2, CD_DTL_NM3, CD_DTL_DESC, CD_SORT_SEQ, USE_YN, REG_DTM, REG_USER_ID, UPD_DTM, UPD_USER_ID) VALUES ('SM', 'CD0002', '산마리노', 'San Marino', '', '', 73, 'Y', CURRENT_TIMESTAMP, 'admin', CURRENT_TIMESTAMP, 'admin');
INSERT INTO TB_BCM_CDDTL (CD_DTL_ID, CD_ID, CD_DTL_NM1, CD_DTL_NM2, CD_DTL_NM3, CD_DTL_DESC, CD_SORT_SEQ, USE_YN, REG_DTM, REG_USER_ID, UPD_DTM, UPD_USER_ID) VALUES ('TF', 'CD0002', '프랑스령남부', 'French S.Territ', '', '', 74, 'Y', CURRENT_TIMESTAMP, 'admin', CURRENT_TIMESTAMP, 'admin');
INSERT INTO TB_BCM_CDDTL (CD_DTL_ID, CD_ID, CD_DTL_NM1, CD_DTL_NM2, CD_DTL_NM3, CD_DTL_DESC, CD_SORT_SEQ, USE_YN, REG_DTM, REG_USER_ID, UPD_DTM, UPD_USER_ID) VALUES ('TD', 'CD0002', '차드', 'Chad', '', '', 75, 'Y', CURRENT_TIMESTAMP, 'admin', CURRENT_TIMESTAMP, 'admin');
INSERT INTO TB_BCM_CDDTL (CD_DTL_ID, CD_ID, CD_DTL_NM1, CD_DTL_NM2, CD_DTL_NM3, CD_DTL_DESC, CD_SORT_SEQ, USE_YN, REG_DTM, REG_USER_ID, UPD_DTM, UPD_USER_ID) VALUES ('TC', 'CD0002', '터크스케이커스제도', 'Turksh Caicosin', '', '', 76, 'Y', CURRENT_TIMESTAMP, 'admin', CURRENT_TIMESTAMP, 'admin');
INSERT INTO TB_BCM_CDDTL (CD_DTL_ID, CD_ID, CD_DTL_NM1, CD_DTL_NM2, CD_DTL_NM3, CD_DTL_DESC, CD_SORT_SEQ, USE_YN, REG_DTM, REG_USER_ID, UPD_DTM, UPD_USER_ID) VALUES ('TG', 'CD0002', '토고', 'Togo', '', '', 77, 'Y', CURRENT_TIMESTAMP, 'admin', CURRENT_TIMESTAMP, 'admin');
INSERT INTO TB_BCM_CDDTL (CD_DTL_ID, CD_ID, CD_DTL_NM1, CD_DTL_NM2, CD_DTL_NM3, CD_DTL_DESC, CD_SORT_SEQ, USE_YN, REG_DTM, REG_USER_ID, UPD_DTM, UPD_USER_ID) VALUES ('TK', 'CD0002', '토켈라우', 'Tokelau Islands', '', '', 78, 'Y', CURRENT_TIMESTAMP, 'admin', CURRENT_TIMESTAMP, 'admin');
INSERT INTO TB_BCM_CDDTL (CD_DTL_ID, CD_ID, CD_DTL_NM1, CD_DTL_NM2, CD_DTL_NM3, CD_DTL_DESC, CD_SORT_SEQ, USE_YN, REG_DTM, REG_USER_ID, UPD_DTM, UPD_USER_ID) VALUES ('TJ', 'CD0002', '타지스탄', 'Tajikstan', '', '', 79, 'Y', CURRENT_TIMESTAMP, 'admin', CURRENT_TIMESTAMP, 'admin');
INSERT INTO TB_BCM_CDDTL (CD_DTL_ID, CD_ID, CD_DTL_NM1, CD_DTL_NM2, CD_DTL_NM3, CD_DTL_DESC, CD_SORT_SEQ, USE_YN, REG_DTM, REG_USER_ID, UPD_DTM, UPD_USER_ID) VALUES ('SR', 'CD0002', '수리남', 'Suriname', '', '', 80, 'Y', CURRENT_TIMESTAMP, 'admin', CURRENT_TIMESTAMP, 'admin');
INSERT INTO TB_BCM_CDDTL (CD_DTL_ID, CD_ID, CD_DTL_NM1, CD_DTL_NM2, CD_DTL_NM3, CD_DTL_DESC, CD_SORT_SEQ, USE_YN, REG_DTM, REG_USER_ID, UPD_DTM, UPD_USER_ID) VALUES ('SN', 'CD0002', '세네갈', 'Senegal', '', '', 81, 'Y', CURRENT_TIMESTAMP, 'admin', CURRENT_TIMESTAMP, 'admin');
INSERT INTO TB_BCM_CDDTL (CD_DTL_ID, CD_ID, CD_DTL_NM1, CD_DTL_NM2, CD_DTL_NM3, CD_DTL_DESC, CD_SORT_SEQ, USE_YN, REG_DTM, REG_USER_ID, UPD_DTM, UPD_USER_ID) VALUES ('SZ', 'CD0002', '스와질랜드', 'Swaziland', '', '', 82, 'Y', CURRENT_TIMESTAMP, 'admin', CURRENT_TIMESTAMP, 'admin');
INSERT INTO TB_BCM_CDDTL (CD_DTL_ID, CD_ID, CD_DTL_NM1, CD_DTL_NM2, CD_DTL_NM3, CD_DTL_DESC, CD_SORT_SEQ, USE_YN, REG_DTM, REG_USER_ID, UPD_DTM, UPD_USER_ID) VALUES ('SY', 'CD0002', '시리아', 'Syria', '', '', 83, 'Y', CURRENT_TIMESTAMP, 'admin', CURRENT_TIMESTAMP, 'admin');
INSERT INTO TB_BCM_CDDTL (CD_DTL_ID, CD_ID, CD_DTL_NM1, CD_DTL_NM2, CD_DTL_NM3, CD_DTL_DESC, CD_SORT_SEQ, USE_YN, REG_DTM, REG_USER_ID, UPD_DTM, UPD_USER_ID) VALUES ('SV', 'CD0002', '엘살바도르', 'El Salvador', '', '', 84, 'Y', CURRENT_TIMESTAMP, 'admin', CURRENT_TIMESTAMP, 'admin');
INSERT INTO TB_BCM_CDDTL (CD_DTL_ID, CD_ID, CD_DTL_NM1, CD_DTL_NM2, CD_DTL_NM3, CD_DTL_DESC, CD_SORT_SEQ, USE_YN, REG_DTM, REG_USER_ID, UPD_DTM, UPD_USER_ID) VALUES ('CF', 'CD0002', '중앙아프리카공화국', 'Central Afr.Rep', '', '', 85, 'Y', CURRENT_TIMESTAMP, 'admin', CURRENT_TIMESTAMP, 'admin');
INSERT INTO TB_BCM_CDDTL (CD_DTL_ID, CD_ID, CD_DTL_NM1, CD_DTL_NM2, CD_DTL_NM3, CD_DTL_DESC, CD_SORT_SEQ, USE_YN, REG_DTM, REG_USER_ID, UPD_DTM, UPD_USER_ID) VALUES ('CL', 'CD0002', '칠레', 'Chile', '', '', 86, 'Y', CURRENT_TIMESTAMP, 'admin', CURRENT_TIMESTAMP, 'admin');
INSERT INTO TB_BCM_CDDTL (CD_DTL_ID, CD_ID, CD_DTL_NM1, CD_DTL_NM2, CD_DTL_NM3, CD_DTL_DESC, CD_SORT_SEQ, USE_YN, REG_DTM, REG_USER_ID, UPD_DTM, UPD_USER_ID) VALUES ('CH', 'CD0002', '스위스', 'Switzerland', '', '', 87, 'Y', CURRENT_TIMESTAMP, 'admin', CURRENT_TIMESTAMP, 'admin');
INSERT INTO TB_BCM_CDDTL (CD_DTL_ID, CD_ID, CD_DTL_NM1, CD_DTL_NM2, CD_DTL_NM3, CD_DTL_DESC, CD_SORT_SEQ, USE_YN, REG_DTM, REG_USER_ID, UPD_DTM, UPD_USER_ID) VALUES ('CI', 'CD0002', '코트디부아르', 'Ivory Coast', '', '', 88, 'Y', CURRENT_TIMESTAMP, 'admin', CURRENT_TIMESTAMP, 'admin');
INSERT INTO TB_BCM_CDDTL (CD_DTL_ID, CD_ID, CD_DTL_NM1, CD_DTL_NM2, CD_DTL_NM3, CD_DTL_DESC, CD_SORT_SEQ, USE_YN, REG_DTM, REG_USER_ID, UPD_DTM, UPD_USER_ID) VALUES ('CK', 'CD0002', '쿡 제도', 'Cook Islands', '', '', 89, 'Y', CURRENT_TIMESTAMP, 'admin', CURRENT_TIMESTAMP, 'admin');
INSERT INTO TB_BCM_CDDTL (CD_DTL_ID, CD_ID, CD_DTL_NM1, CD_DTL_NM2, CD_DTL_NM3, CD_DTL_DESC, CD_SORT_SEQ, USE_YN, REG_DTM, REG_USER_ID, UPD_DTM, UPD_USER_ID) VALUES ('BV', 'CD0002', '부베 제도', 'Bouvet Island', '', '', 90, 'Y', CURRENT_TIMESTAMP, 'admin', CURRENT_TIMESTAMP, 'admin');
INSERT INTO TB_BCM_CDDTL (CD_DTL_ID, CD_ID, CD_DTL_NM1, CD_DTL_NM2, CD_DTL_NM3, CD_DTL_DESC, CD_SORT_SEQ, USE_YN, REG_DTM, REG_USER_ID, UPD_DTM, UPD_USER_ID) VALUES ('BT', 'CD0002', '부탄', 'Bhutan', '', '', 91, 'Y', CURRENT_TIMESTAMP, 'admin', CURRENT_TIMESTAMP, 'admin');
INSERT INTO TB_BCM_CDDTL (CD_DTL_ID, CD_ID, CD_DTL_NM1, CD_DTL_NM2, CD_DTL_NM3, CD_DTL_DESC, CD_SORT_SEQ, USE_YN, REG_DTM, REG_USER_ID, UPD_DTM, UPD_USER_ID) VALUES ('BY', 'CD0002', '백러시아(벨로루시공화국)', 'White Russia', '', '', 92, 'Y', CURRENT_TIMESTAMP, 'admin', CURRENT_TIMESTAMP, 'admin');
INSERT INTO TB_BCM_CDDTL (CD_DTL_ID, CD_ID, CD_DTL_NM1, CD_DTL_NM2, CD_DTL_NM3, CD_DTL_DESC, CD_SORT_SEQ, USE_YN, REG_DTM, REG_USER_ID, UPD_DTM, UPD_USER_ID) VALUES ('CA', 'CD0002', '캐나다', 'Canada', '', '', 93, 'Y', CURRENT_TIMESTAMP, 'admin', CURRENT_TIMESTAMP, 'admin');
INSERT INTO TB_BCM_CDDTL (CD_DTL_ID, CD_ID, CD_DTL_NM1, CD_DTL_NM2, CD_DTL_NM3, CD_DTL_DESC, CD_SORT_SEQ, USE_YN, REG_DTM, REG_USER_ID, UPD_DTM, UPD_USER_ID) VALUES ('DJ', 'CD0002', '지부티', 'Djibouti', '', '', 94, 'Y', CURRENT_TIMESTAMP, 'admin', CURRENT_TIMESTAMP, 'admin');
INSERT INTO TB_BCM_CDDTL (CD_DTL_ID, CD_ID, CD_DTL_NM1, CD_DTL_NM2, CD_DTL_NM3, CD_DTL_DESC, CD_SORT_SEQ, USE_YN, REG_DTM, REG_USER_ID, UPD_DTM, UPD_USER_ID) VALUES ('CZ', 'CD0002', '체코공화국', 'Czech Republic', '', '', 95, 'Y', CURRENT_TIMESTAMP, 'admin', CURRENT_TIMESTAMP, 'admin');
INSERT INTO TB_BCM_CDDTL (CD_DTL_ID, CD_ID, CD_DTL_NM1, CD_DTL_NM2, CD_DTL_NM3, CD_DTL_DESC, CD_SORT_SEQ, USE_YN, REG_DTM, REG_USER_ID, UPD_DTM, UPD_USER_ID) VALUES ('DZ', 'CD0002', '알제리아', 'Algeria', '', '', 96, 'Y', CURRENT_TIMESTAMP, 'admin', CURRENT_TIMESTAMP, 'admin');
INSERT INTO TB_BCM_CDDTL (CD_DTL_ID, CD_ID, CD_DTL_NM1, CD_DTL_NM2, CD_DTL_NM3, CD_DTL_DESC, CD_SORT_SEQ, USE_YN, REG_DTM, REG_USER_ID, UPD_DTM, UPD_USER_ID) VALUES ('DO', 'CD0002', '도미니카 공화국', 'Dominican Rep.', '', '', 97, 'Y', CURRENT_TIMESTAMP, 'admin', CURRENT_TIMESTAMP, 'admin');
INSERT INTO TB_BCM_CDDTL (CD_DTL_ID, CD_ID, CD_DTL_NM1, CD_DTL_NM2, CD_DTL_NM3, CD_DTL_DESC, CD_SORT_SEQ, USE_YN, REG_DTM, REG_USER_ID, UPD_DTM, UPD_USER_ID) VALUES ('DM', 'CD0002', '도미니카', 'Dominica', '', '', 98, 'Y', CURRENT_TIMESTAMP, 'admin', CURRENT_TIMESTAMP, 'admin');
INSERT INTO TB_BCM_CDDTL (CD_DTL_ID, CD_ID, CD_DTL_NM1, CD_DTL_NM2, CD_DTL_NM3, CD_DTL_DESC, CD_SORT_SEQ, USE_YN, REG_DTM, REG_USER_ID, UPD_DTM, UPD_USER_ID) VALUES ('CR', 'CD0002', '코스타리카', 'Costa Rica', '', '', 99, 'Y', CURRENT_TIMESTAMP, 'admin', CURRENT_TIMESTAMP, 'admin');
INSERT INTO TB_BCM_CDDTL (CD_DTL_ID, CD_ID, CD_DTL_NM1, CD_DTL_NM2, CD_DTL_NM3, CD_DTL_DESC, CD_SORT_SEQ, USE_YN, REG_DTM, REG_USER_ID, UPD_DTM, UPD_USER_ID) VALUES ('CO', 'CD0002', '콜롬비아', 'Colombia', '', '', 100, 'Y', CURRENT_TIMESTAMP, 'admin', CURRENT_TIMESTAMP, 'admin');
INSERT INTO TB_BCM_CDDTL (CD_DTL_ID, CD_ID, CD_DTL_NM1, CD_DTL_NM2, CD_DTL_NM3, CD_DTL_DESC, CD_SORT_SEQ, USE_YN, REG_DTM, REG_USER_ID, UPD_DTM, UPD_USER_ID) VALUES ('CU', 'CD0002', '쿠바', 'Cuba', '', '', 101, 'Y', CURRENT_TIMESTAMP, 'admin', CURRENT_TIMESTAMP, 'admin');
INSERT INTO TB_BCM_CDDTL (CD_DTL_ID, CD_ID, CD_DTL_NM1, CD_DTL_NM2, CD_DTL_NM3, CD_DTL_DESC, CD_SORT_SEQ, USE_YN, REG_DTM, REG_USER_ID, UPD_DTM, UPD_USER_ID) VALUES ('CV', 'CD0002', '카보베르데', 'Cape Verde', '', '', 102, 'Y', CURRENT_TIMESTAMP, 'admin', CURRENT_TIMESTAMP, 'admin');
INSERT INTO TB_BCM_CDDTL (CD_DTL_ID, CD_ID, CD_DTL_NM1, CD_DTL_NM2, CD_DTL_NM3, CD_DTL_DESC, CD_SORT_SEQ, USE_YN, REG_DTM, REG_USER_ID, UPD_DTM, UPD_USER_ID) VALUES ('BS', 'CD0002', '바하마', 'Bahamas', '', '', 103, 'Y', CURRENT_TIMESTAMP, 'admin', CURRENT_TIMESTAMP, 'admin');
INSERT INTO TB_BCM_CDDTL (CD_DTL_ID, CD_ID, CD_DTL_NM1, CD_DTL_NM2, CD_DTL_NM3, CD_DTL_DESC, CD_SORT_SEQ, USE_YN, REG_DTM, REG_USER_ID, UPD_DTM, UPD_USER_ID) VALUES ('AQ', 'CD0002', '남극', 'Antarctica', '', '', 104, 'Y', CURRENT_TIMESTAMP, 'admin', CURRENT_TIMESTAMP, 'admin');
INSERT INTO TB_BCM_CDDTL (CD_DTL_ID, CD_ID, CD_DTL_NM1, CD_DTL_NM2, CD_DTL_NM3, CD_DTL_DESC, CD_SORT_SEQ, USE_YN, REG_DTM, REG_USER_ID, UPD_DTM, UPD_USER_ID) VALUES ('AO', 'CD0002', '앙골라', 'Angola', '', '', 105, 'Y', CURRENT_TIMESTAMP, 'admin', CURRENT_TIMESTAMP, 'admin');
INSERT INTO TB_BCM_CDDTL (CD_DTL_ID, CD_ID, CD_DTL_NM1, CD_DTL_NM2, CD_DTL_NM3, CD_DTL_DESC, CD_SORT_SEQ, USE_YN, REG_DTM, REG_USER_ID, UPD_DTM, UPD_USER_ID) VALUES ('AR', 'CD0002', '아르헨티나', 'Argentina', '', '', 106, 'Y', CURRENT_TIMESTAMP, 'admin', CURRENT_TIMESTAMP, 'admin');
INSERT INTO TB_BCM_CDDTL (CD_DTL_ID, CD_ID, CD_DTL_NM1, CD_DTL_NM2, CD_DTL_NM3, CD_DTL_DESC, CD_SORT_SEQ, USE_YN, REG_DTM, REG_USER_ID, UPD_DTM, UPD_USER_ID) VALUES ('AU', 'CD0002', '호주', 'Australia', '', '', 107, 'Y', CURRENT_TIMESTAMP, 'admin', CURRENT_TIMESTAMP, 'admin');
INSERT INTO TB_BCM_CDDTL (CD_DTL_ID, CD_ID, CD_DTL_NM1, CD_DTL_NM2, CD_DTL_NM3, CD_DTL_DESC, CD_SORT_SEQ, USE_YN, REG_DTM, REG_USER_ID, UPD_DTM, UPD_USER_ID) VALUES ('AE', 'CD0002', '아랍에미레이트', 'Utd.Arab Emir.', '', '', 108, 'Y', CURRENT_TIMESTAMP, 'admin', CURRENT_TIMESTAMP, 'admin');
INSERT INTO TB_BCM_CDDTL (CD_DTL_ID, CD_ID, CD_DTL_NM1, CD_DTL_NM2, CD_DTL_NM3, CD_DTL_DESC, CD_SORT_SEQ, USE_YN, REG_DTM, REG_USER_ID, UPD_DTM, UPD_USER_ID) VALUES ('AD', 'CD0002', '인도라', 'Andorra', '', '', 109, 'Y', CURRENT_TIMESTAMP, 'admin', CURRENT_TIMESTAMP, 'admin');
INSERT INTO TB_BCM_CDDTL (CD_DTL_ID, CD_ID, CD_DTL_NM1, CD_DTL_NM2, CD_DTL_NM3, CD_DTL_DESC, CD_SORT_SEQ, USE_YN, REG_DTM, REG_USER_ID, UPD_DTM, UPD_USER_ID) VALUES ('AG', 'CD0002', '안티가바부다', 'Antigua/Barbuda', '', '', 110, 'Y', CURRENT_TIMESTAMP, 'admin', CURRENT_TIMESTAMP, 'admin');
INSERT INTO TB_BCM_CDDTL (CD_DTL_ID, CD_ID, CD_DTL_NM1, CD_DTL_NM2, CD_DTL_NM3, CD_DTL_DESC, CD_SORT_SEQ, USE_YN, REG_DTM, REG_USER_ID, UPD_DTM, UPD_USER_ID) VALUES ('AL', 'CD0002', '알바니아', 'Albania', '', '', 111, 'Y', CURRENT_TIMESTAMP, 'admin', CURRENT_TIMESTAMP, 'admin');
INSERT INTO TB_BCM_CDDTL (CD_DTL_ID, CD_ID, CD_DTL_NM1, CD_DTL_NM2, CD_DTL_NM3, CD_DTL_DESC, CD_SORT_SEQ, USE_YN, REG_DTM, REG_USER_ID, UPD_DTM, UPD_USER_ID) VALUES ('BJ', 'CD0002', '베냉', 'Benin', '', '', 112, 'Y', CURRENT_TIMESTAMP, 'admin', CURRENT_TIMESTAMP, 'admin');
INSERT INTO TB_BCM_CDDTL (CD_DTL_ID, CD_ID, CD_DTL_NM1, CD_DTL_NM2, CD_DTL_NM3, CD_DTL_DESC, CD_SORT_SEQ, USE_YN, REG_DTM, REG_USER_ID, UPD_DTM, UPD_USER_ID) VALUES ('AI', 'CD0002', '앙귈라', 'Anguilla', '', '', 113, 'Y', CURRENT_TIMESTAMP, 'admin', CURRENT_TIMESTAMP, 'admin');
INSERT INTO TB_BCM_CDDTL (CD_DTL_ID, CD_ID, CD_DTL_NM1, CD_DTL_NM2, CD_DTL_NM3, CD_DTL_DESC, CD_SORT_SEQ, USE_YN, REG_DTM, REG_USER_ID, UPD_DTM, UPD_USER_ID) VALUES ('BR', 'CD0002', '브라질', 'Brazil', '', '', 114, 'Y', CURRENT_TIMESTAMP, 'admin', CURRENT_TIMESTAMP, 'admin');
INSERT INTO TB_BCM_CDDTL (CD_DTL_ID, CD_ID, CD_DTL_NM1, CD_DTL_NM2, CD_DTL_NM3, CD_DTL_DESC, CD_SORT_SEQ, USE_YN, REG_DTM, REG_USER_ID, UPD_DTM, UPD_USER_ID) VALUES ('BM', 'CD0002', '버뮤다', 'Bermuda', '', '', 115, 'Y', CURRENT_TIMESTAMP, 'admin', CURRENT_TIMESTAMP, 'admin');
INSERT INTO TB_BCM_CDDTL (CD_DTL_ID, CD_ID, CD_DTL_NM1, CD_DTL_NM2, CD_DTL_NM3, CD_DTL_DESC, CD_SORT_SEQ, USE_YN, REG_DTM, REG_USER_ID, UPD_DTM, UPD_USER_ID) VALUES ('BA', 'CD0002', '보스니아', 'Bosnia-Herz.', '', '', 116, 'Y', CURRENT_TIMESTAMP, 'admin', CURRENT_TIMESTAMP, 'admin');
INSERT INTO TB_BCM_CDDTL (CD_DTL_ID, CD_ID, CD_DTL_NM1, CD_DTL_NM2, CD_DTL_NM3, CD_DTL_DESC, CD_SORT_SEQ, USE_YN, REG_DTM, REG_USER_ID, UPD_DTM, UPD_USER_ID) VALUES ('BO', 'CD0002', '볼리비아', 'Bolivia', '', '', 117, 'Y', CURRENT_TIMESTAMP, 'admin', CURRENT_TIMESTAMP, 'admin');
INSERT INTO TB_BCM_CDDTL (CD_DTL_ID, CD_ID, CD_DTL_NM1, CD_DTL_NM2, CD_DTL_NM3, CD_DTL_DESC, CD_SORT_SEQ, USE_YN, REG_DTM, REG_USER_ID, UPD_DTM, UPD_USER_ID) VALUES ('GA', 'CD0002', '가봉', 'Gabon', '', '', 118, 'Y', CURRENT_TIMESTAMP, 'admin', CURRENT_TIMESTAMP, 'admin');
INSERT INTO TB_BCM_CDDTL (CD_DTL_ID, CD_ID, CD_DTL_NM1, CD_DTL_NM2, CD_DTL_NM3, CD_DTL_DESC, CD_SORT_SEQ, USE_YN, REG_DTM, REG_USER_ID, UPD_DTM, UPD_USER_ID) VALUES ('GE', 'CD0002', '그루지아', 'Georgia', '', '', 119, 'Y', CURRENT_TIMESTAMP, 'admin', CURRENT_TIMESTAMP, 'admin');
INSERT INTO TB_BCM_CDDTL (CD_DTL_ID, CD_ID, CD_DTL_NM1, CD_DTL_NM2, CD_DTL_NM3, CD_DTL_DESC, CD_SORT_SEQ, USE_YN, REG_DTM, REG_USER_ID, UPD_DTM, UPD_USER_ID) VALUES ('FK', 'CD0002', '포클랜드', 'Falkland Islnds', '', '', 120, 'Y', CURRENT_TIMESTAMP, 'admin', CURRENT_TIMESTAMP, 'admin');
INSERT INTO TB_BCM_CDDTL (CD_DTL_ID, CD_ID, CD_DTL_NM1, CD_DTL_NM2, CD_DTL_NM3, CD_DTL_DESC, CD_SORT_SEQ, USE_YN, REG_DTM, REG_USER_ID, UPD_DTM, UPD_USER_ID) VALUES ('FR', 'CD0002', '프랑스', 'France', '', '', 121, 'Y', CURRENT_TIMESTAMP, 'admin', CURRENT_TIMESTAMP, 'admin');
INSERT INTO TB_BCM_CDDTL (CD_DTL_ID, CD_ID, CD_DTL_NM1, CD_DTL_NM2, CD_DTL_NM3, CD_DTL_DESC, CD_SORT_SEQ, USE_YN, REG_DTM, REG_USER_ID, UPD_DTM, UPD_USER_ID) VALUES ('GQ', 'CD0002', '적도기니', 'Equatorial Gui.', '', '', 122, 'Y', CURRENT_TIMESTAMP, 'admin', CURRENT_TIMESTAMP, 'admin');
INSERT INTO TB_BCM_CDDTL (CD_DTL_ID, CD_ID, CD_DTL_NM1, CD_DTL_NM2, CD_DTL_NM3, CD_DTL_DESC, CD_SORT_SEQ, USE_YN, REG_DTM, REG_USER_ID, UPD_DTM, UPD_USER_ID) VALUES ('GR', 'CD0002', '그리스', 'Greece', '', '', 123, 'Y', CURRENT_TIMESTAMP, 'admin', CURRENT_TIMESTAMP, 'admin');
INSERT INTO TB_BCM_CDDTL (CD_DTL_ID, CD_ID, CD_DTL_NM1, CD_DTL_NM2, CD_DTL_NM3, CD_DTL_DESC, CD_SORT_SEQ, USE_YN, REG_DTM, REG_USER_ID, UPD_DTM, UPD_USER_ID) VALUES ('GS', 'CD0002', '사우스샌드위치 제도', 'S. Sandwich Ins', '', '', 124, 'Y', CURRENT_TIMESTAMP, 'admin', CURRENT_TIMESTAMP, 'admin');
INSERT INTO TB_BCM_CDDTL (CD_DTL_ID, CD_ID, CD_DTL_NM1, CD_DTL_NM2, CD_DTL_NM3, CD_DTL_DESC, CD_SORT_SEQ, USE_YN, REG_DTM, REG_USER_ID, UPD_DTM, UPD_USER_ID) VALUES ('GI', 'CD0002', '지브랄타', 'Gibraltar', '', '', 125, 'Y', CURRENT_TIMESTAMP, 'admin', CURRENT_TIMESTAMP, 'admin');
INSERT INTO TB_BCM_CDDTL (CD_DTL_ID, CD_ID, CD_DTL_NM1, CD_DTL_NM2, CD_DTL_NM3, CD_DTL_DESC, CD_SORT_SEQ, USE_YN, REG_DTM, REG_USER_ID, UPD_DTM, UPD_USER_ID) VALUES ('GM', 'CD0002', '감비아', 'Gambia', '', '', 126, 'Y', CURRENT_TIMESTAMP, 'admin', CURRENT_TIMESTAMP, 'admin');
INSERT INTO TB_BCM_CDDTL (CD_DTL_ID, CD_ID, CD_DTL_NM1, CD_DTL_NM2, CD_DTL_NM3, CD_DTL_DESC, CD_SORT_SEQ, USE_YN, REG_DTM, REG_USER_ID, UPD_DTM, UPD_USER_ID) VALUES ('BB', 'CD0002', '바베이도스', 'Barbados', '', '', 127, 'Y', CURRENT_TIMESTAMP, 'admin', CURRENT_TIMESTAMP, 'admin');
INSERT INTO TB_BCM_CDDTL (CD_DTL_ID, CD_ID, CD_DTL_NM1, CD_DTL_NM2, CD_DTL_NM3, CD_DTL_DESC, CD_SORT_SEQ, USE_YN, REG_DTM, REG_USER_ID, UPD_DTM, UPD_USER_ID) VALUES ('BN', 'CD0002', '브루나이', 'Brunei Dar-es-S', '', '', 128, 'Y', CURRENT_TIMESTAMP, 'admin', CURRENT_TIMESTAMP, 'admin');
INSERT INTO TB_BCM_CDDTL (CD_DTL_ID, CD_ID, CD_DTL_NM1, CD_DTL_NM2, CD_DTL_NM3, CD_DTL_DESC, CD_SORT_SEQ, USE_YN, REG_DTM, REG_USER_ID, UPD_DTM, UPD_USER_ID) VALUES ('AZ', 'CD0002', '아제르바이젠', 'Azerbaijan', '', '', 129, 'Y', CURRENT_TIMESTAMP, 'admin', CURRENT_TIMESTAMP, 'admin');
INSERT INTO TB_BCM_CDDTL (CD_DTL_ID, CD_ID, CD_DTL_NM1, CD_DTL_NM2, CD_DTL_NM3, CD_DTL_DESC, CD_SORT_SEQ, USE_YN, REG_DTM, REG_USER_ID, UPD_DTM, UPD_USER_ID) VALUES ('BD', 'CD0002', '방글라데시', 'Bangladesh', '', '', 130, 'Y', CURRENT_TIMESTAMP, 'admin', CURRENT_TIMESTAMP, 'admin');
INSERT INTO TB_BCM_CDDTL (CD_DTL_ID, CD_ID, CD_DTL_NM1, CD_DTL_NM2, CD_DTL_NM3, CD_DTL_DESC, CD_SORT_SEQ, USE_YN, REG_DTM, REG_USER_ID, UPD_DTM, UPD_USER_ID) VALUES ('ET', 'CD0002', '이디오피아', 'Ethiopia', '', '', 131, 'Y', CURRENT_TIMESTAMP, 'admin', CURRENT_TIMESTAMP, 'admin');
INSERT INTO TB_BCM_CDDTL (CD_DTL_ID, CD_ID, CD_DTL_NM1, CD_DTL_NM2, CD_DTL_NM3, CD_DTL_DESC, CD_SORT_SEQ, USE_YN, REG_DTM, REG_USER_ID, UPD_DTM, UPD_USER_ID) VALUES ('BG', 'CD0002', '불가리아', 'Bulgaria', '', '', 132, 'Y', CURRENT_TIMESTAMP, 'admin', CURRENT_TIMESTAMP, 'admin');
INSERT INTO TB_BCM_CDDTL (CD_DTL_ID, CD_ID, CD_DTL_NM1, CD_DTL_NM2, CD_DTL_NM3, CD_DTL_DESC, CD_SORT_SEQ, USE_YN, REG_DTM, REG_USER_ID, UPD_DTM, UPD_USER_ID) VALUES ('BF', 'CD0002', '부르키나파소', 'Burkina-Faso', '', '', 133, 'Y', CURRENT_TIMESTAMP, 'admin', CURRENT_TIMESTAMP, 'admin');
INSERT INTO TB_BCM_CDDTL (CD_DTL_ID, CD_ID, CD_DTL_NM1, CD_DTL_NM2, CD_DTL_NM3, CD_DTL_DESC, CD_SORT_SEQ, USE_YN, REG_DTM, REG_USER_ID, UPD_DTM, UPD_USER_ID) VALUES ('BE', 'CD0002', '벨기에', 'Belgium', '', '', 134, 'Y', CURRENT_TIMESTAMP, 'admin', CURRENT_TIMESTAMP, 'admin');
INSERT INTO TB_BCM_CDDTL (CD_DTL_ID, CD_ID, CD_DTL_NM1, CD_DTL_NM2, CD_DTL_NM3, CD_DTL_DESC, CD_SORT_SEQ, USE_YN, REG_DTM, REG_USER_ID, UPD_DTM, UPD_USER_ID) VALUES ('EC', 'CD0002', '에쿠아도르', 'Ecuador', '', '', 135, 'Y', CURRENT_TIMESTAMP, 'admin', CURRENT_TIMESTAMP, 'admin');
INSERT INTO TB_BCM_CDDTL (CD_DTL_ID, CD_ID, CD_DTL_NM1, CD_DTL_NM2, CD_DTL_NM3, CD_DTL_DESC, CD_SORT_SEQ, USE_YN, REG_DTM, REG_USER_ID, UPD_DTM, UPD_USER_ID) VALUES ('IN', 'CD0002', '인도', 'India', '', '', 136, 'Y', CURRENT_TIMESTAMP, 'admin', CURRENT_TIMESTAMP, 'admin');
INSERT INTO TB_BCM_CDDTL (CD_DTL_ID, CD_ID, CD_DTL_NM1, CD_DTL_NM2, CD_DTL_NM3, CD_DTL_DESC, CD_SORT_SEQ, USE_YN, REG_DTM, REG_USER_ID, UPD_DTM, UPD_USER_ID) VALUES ('IL', 'CD0002', '이스라엘', 'Israel', '', '', 137, 'Y', CURRENT_TIMESTAMP, 'admin', CURRENT_TIMESTAMP, 'admin');
INSERT INTO TB_BCM_CDDTL (CD_DTL_ID, CD_ID, CD_DTL_NM1, CD_DTL_NM2, CD_DTL_NM3, CD_DTL_DESC, CD_SORT_SEQ, USE_YN, REG_DTM, REG_USER_ID, UPD_DTM, UPD_USER_ID) VALUES ('IE', 'CD0002', '아일랜드', 'Ireland', '', '', 138, 'Y', CURRENT_TIMESTAMP, 'admin', CURRENT_TIMESTAMP, 'admin');
INSERT INTO TB_BCM_CDDTL (CD_DTL_ID, CD_ID, CD_DTL_NM1, CD_DTL_NM2, CD_DTL_NM3, CD_DTL_DESC, CD_SORT_SEQ, USE_YN, REG_DTM, REG_USER_ID, UPD_DTM, UPD_USER_ID) VALUES ('IO', 'CD0002', '영국령 인도양 식민지', 'Brit.Ind.Oc.Ter', '', '', 139, 'Y', CURRENT_TIMESTAMP, 'admin', CURRENT_TIMESTAMP, 'admin');
INSERT INTO TB_BCM_CDDTL (CD_DTL_ID, CD_ID, CD_DTL_NM1, CD_DTL_NM2, CD_DTL_NM3, CD_DTL_DESC, CD_SORT_SEQ, USE_YN, REG_DTM, REG_USER_ID, UPD_DTM, UPD_USER_ID) VALUES ('IQ', 'CD0002', '이라크', 'Iraq', '', '', 140, 'Y', CURRENT_TIMESTAMP, 'admin', CURRENT_TIMESTAMP, 'admin');
INSERT INTO TB_BCM_CDDTL (CD_DTL_ID, CD_ID, CD_DTL_NM1, CD_DTL_NM2, CD_DTL_NM3, CD_DTL_DESC, CD_SORT_SEQ, USE_YN, REG_DTM, REG_USER_ID, UPD_DTM, UPD_USER_ID) VALUES ('IR', 'CD0002', '이란', 'Iran', '', '', 141, 'Y', CURRENT_TIMESTAMP, 'admin', CURRENT_TIMESTAMP, 'admin');
INSERT INTO TB_BCM_CDDTL (CD_DTL_ID, CD_ID, CD_DTL_NM1, CD_DTL_NM2, CD_DTL_NM3, CD_DTL_DESC, CD_SORT_SEQ, USE_YN, REG_DTM, REG_USER_ID, UPD_DTM, UPD_USER_ID) VALUES ('HN', 'CD0002', '온두라스', 'Honduras', '', '', 142, 'Y', CURRENT_TIMESTAMP, 'admin', CURRENT_TIMESTAMP, 'admin');
INSERT INTO TB_BCM_CDDTL (CD_DTL_ID, CD_ID, CD_DTL_NM1, CD_DTL_NM2, CD_DTL_NM3, CD_DTL_DESC, CD_SORT_SEQ, USE_YN, REG_DTM, REG_USER_ID, UPD_DTM, UPD_USER_ID) VALUES ('HM', 'CD0002', '허드맥도널드제도', 'Heard/McDon.Isl', '', '', 143, 'Y', CURRENT_TIMESTAMP, 'admin', CURRENT_TIMESTAMP, 'admin');
INSERT INTO TB_BCM_CDDTL (CD_DTL_ID, CD_ID, CD_DTL_NM1, CD_DTL_NM2, CD_DTL_NM3, CD_DTL_DESC, CD_SORT_SEQ, USE_YN, REG_DTM, REG_USER_ID, UPD_DTM, UPD_USER_ID) VALUES ('HK', 'CD0002', '홍콩', 'Hong Kong', '', '', 144, 'Y', CURRENT_TIMESTAMP, 'admin', CURRENT_TIMESTAMP, 'admin');
INSERT INTO TB_BCM_CDDTL (CD_DTL_ID, CD_ID, CD_DTL_NM1, CD_DTL_NM2, CD_DTL_NM3, CD_DTL_DESC, CD_SORT_SEQ, USE_YN, REG_DTM, REG_USER_ID, UPD_DTM, UPD_USER_ID) VALUES ('HR', 'CD0002', '크로아티아', 'Croatia', '', '', 145, 'Y', CURRENT_TIMESTAMP, 'admin', CURRENT_TIMESTAMP, 'admin');
INSERT INTO TB_BCM_CDDTL (CD_DTL_ID, CD_ID, CD_DTL_NM1, CD_DTL_NM2, CD_DTL_NM3, CD_DTL_DESC, CD_SORT_SEQ, USE_YN, REG_DTM, REG_USER_ID, UPD_DTM, UPD_USER_ID) VALUES ('ID', 'CD0002', '인도네시아', 'Indonesia', '', '', 146, 'Y', CURRENT_TIMESTAMP, 'admin', CURRENT_TIMESTAMP, 'admin');
INSERT INTO TB_BCM_CDDTL (CD_DTL_ID, CD_ID, CD_DTL_NM1, CD_DTL_NM2, CD_DTL_NM3, CD_DTL_DESC, CD_SORT_SEQ, USE_YN, REG_DTM, REG_USER_ID, UPD_DTM, UPD_USER_ID) VALUES ('HU', 'CD0002', '헝가리', 'Hungary', '', '', 147, 'Y', CURRENT_TIMESTAMP, 'admin', CURRENT_TIMESTAMP, 'admin');
INSERT INTO TB_BCM_CDDTL (CD_DTL_ID, CD_ID, CD_DTL_NM1, CD_DTL_NM2, CD_DTL_NM3, CD_DTL_DESC, CD_SORT_SEQ, USE_YN, REG_DTM, REG_USER_ID, UPD_DTM, UPD_USER_ID) VALUES ('HT', 'CD0002', '아이티', 'Haiti', '', '', 148, 'Y', CURRENT_TIMESTAMP, 'admin', CURRENT_TIMESTAMP, 'admin');
INSERT INTO TB_BCM_CDDTL (CD_DTL_ID, CD_ID, CD_DTL_NM1, CD_DTL_NM2, CD_DTL_NM3, CD_DTL_DESC, CD_SORT_SEQ, USE_YN, REG_DTM, REG_USER_ID, UPD_DTM, UPD_USER_ID) VALUES ('KP', 'CD0002', '북한', 'North Korea', '', '', 149, 'Y', CURRENT_TIMESTAMP, 'admin', CURRENT_TIMESTAMP, 'admin');
INSERT INTO TB_BCM_CDDTL (CD_DTL_ID, CD_ID, CD_DTL_NM1, CD_DTL_NM2, CD_DTL_NM3, CD_DTL_DESC, CD_SORT_SEQ, USE_YN, REG_DTM, REG_USER_ID, UPD_DTM, UPD_USER_ID) VALUES ('KN', 'CD0002', '세인트크리스토퍼스네비스', 'St Kitts&Nevis', '', '', 150, 'Y', CURRENT_TIMESTAMP, 'admin', CURRENT_TIMESTAMP, 'admin');
INSERT INTO TB_BCM_CDDTL (CD_DTL_ID, CD_ID, CD_DTL_NM1, CD_DTL_NM2, CD_DTL_NM3, CD_DTL_DESC, CD_SORT_SEQ, USE_YN, REG_DTM, REG_USER_ID, UPD_DTM, UPD_USER_ID) VALUES ('KM', 'CD0002', '코모로', 'Comoros', '', '', 151, 'Y', CURRENT_TIMESTAMP, 'admin', CURRENT_TIMESTAMP, 'admin');
INSERT INTO TB_BCM_CDDTL (CD_DTL_ID, CD_ID, CD_DTL_NM1, CD_DTL_NM2, CD_DTL_NM3, CD_DTL_DESC, CD_SORT_SEQ, USE_YN, REG_DTM, REG_USER_ID, UPD_DTM, UPD_USER_ID) VALUES ('KR', 'CD0002', '한국', 'South Korea', '', '', 152, 'Y', CURRENT_TIMESTAMP, 'admin', CURRENT_TIMESTAMP, 'admin');
INSERT INTO TB_BCM_CDDTL (CD_DTL_ID, CD_ID, CD_DTL_NM1, CD_DTL_NM2, CD_DTL_NM3, CD_DTL_DESC, CD_SORT_SEQ, USE_YN, REG_DTM, REG_USER_ID, UPD_DTM, UPD_USER_ID) VALUES ('KZ', 'CD0002', '카자흐스탄', 'Kazakhstan', '', '', 153, 'Y', CURRENT_TIMESTAMP, 'admin', CURRENT_TIMESTAMP, 'admin');
INSERT INTO TB_BCM_CDDTL (CD_DTL_ID, CD_ID, CD_DTL_NM1, CD_DTL_NM2, CD_DTL_NM3, CD_DTL_DESC, CD_SORT_SEQ, USE_YN, REG_DTM, REG_USER_ID, UPD_DTM, UPD_USER_ID) VALUES ('KW', 'CD0002', '쿠웨이트', 'Kuwait', '', '', 154, 'Y', CURRENT_TIMESTAMP, 'admin', CURRENT_TIMESTAMP, 'admin');
INSERT INTO TB_BCM_CDDTL (CD_DTL_ID, CD_ID, CD_DTL_NM1, CD_DTL_NM2, CD_DTL_NM3, CD_DTL_DESC, CD_SORT_SEQ, USE_YN, REG_DTM, REG_USER_ID, UPD_DTM, UPD_USER_ID) VALUES ('JP', 'CD0002', '일본', 'Japan', '', '', 155, 'Y', CURRENT_TIMESTAMP, 'admin', CURRENT_TIMESTAMP, 'admin');
INSERT INTO TB_BCM_CDDTL (CD_DTL_ID, CD_ID, CD_DTL_NM1, CD_DTL_NM2, CD_DTL_NM3, CD_DTL_DESC, CD_SORT_SEQ, USE_YN, REG_DTM, REG_USER_ID, UPD_DTM, UPD_USER_ID) VALUES ('JO', 'CD0002', '요르단', 'Jordan', '', '', 156, 'Y', CURRENT_TIMESTAMP, 'admin', CURRENT_TIMESTAMP, 'admin');
INSERT INTO TB_BCM_CDDTL (CD_DTL_ID, CD_ID, CD_DTL_NM1, CD_DTL_NM2, CD_DTL_NM3, CD_DTL_DESC, CD_SORT_SEQ, USE_YN, REG_DTM, REG_USER_ID, UPD_DTM, UPD_USER_ID) VALUES ('JM', 'CD0002', '자메이카', 'Jamaica', '', '', 157, 'Y', CURRENT_TIMESTAMP, 'admin', CURRENT_TIMESTAMP, 'admin');
INSERT INTO TB_BCM_CDDTL (CD_DTL_ID, CD_ID, CD_DTL_NM1, CD_DTL_NM2, CD_DTL_NM3, CD_DTL_DESC, CD_SORT_SEQ, USE_YN, REG_DTM, REG_USER_ID, UPD_DTM, UPD_USER_ID) VALUES ('KI', 'CD0002', '키리바시', 'Kiribati', '', '', 158, 'Y', CURRENT_TIMESTAMP, 'admin', CURRENT_TIMESTAMP, 'admin');
INSERT INTO TB_BCM_CDDTL (CD_DTL_ID, CD_ID, CD_DTL_NM1, CD_DTL_NM2, CD_DTL_NM3, CD_DTL_DESC, CD_SORT_SEQ, USE_YN, REG_DTM, REG_USER_ID, UPD_DTM, UPD_USER_ID) VALUES ('KH', 'CD0002', '캄보디아', 'Cambodia', '', '', 159, 'Y', CURRENT_TIMESTAMP, 'admin', CURRENT_TIMESTAMP, 'admin');
INSERT INTO TB_BCM_CDDTL (CD_DTL_ID, CD_ID, CD_DTL_NM1, CD_DTL_NM2, CD_DTL_NM3, CD_DTL_DESC, CD_SORT_SEQ, USE_YN, REG_DTM, REG_USER_ID, UPD_DTM, UPD_USER_ID) VALUES ('KG', 'CD0002', '키르키즈스탄', 'Kyrgyzstan', '', '', 160, 'Y', CURRENT_TIMESTAMP, 'admin', CURRENT_TIMESTAMP, 'admin');
INSERT INTO TB_BCM_CDDTL (CD_DTL_ID, CD_ID, CD_DTL_NM1, CD_DTL_NM2, CD_DTL_NM3, CD_DTL_DESC, CD_SORT_SEQ, USE_YN, REG_DTM, REG_USER_ID, UPD_DTM, UPD_USER_ID) VALUES ('FM', 'CD0002', '미크로네시아', 'Micronesia', '', '', 161, 'Y', CURRENT_TIMESTAMP, 'admin', CURRENT_TIMESTAMP, 'admin');
INSERT INTO TB_BCM_CDDTL (CD_DTL_ID, CD_ID, CD_DTL_NM1, CD_DTL_NM2, CD_DTL_NM3, CD_DTL_DESC, CD_SORT_SEQ, USE_YN, REG_DTM, REG_USER_ID, UPD_DTM, UPD_USER_ID) VALUES ('FO', 'CD0002', '패로제도', 'Faroe Islands', '', '', 162, 'Y', CURRENT_TIMESTAMP, 'admin', CURRENT_TIMESTAMP, 'admin');
INSERT INTO TB_BCM_CDDTL (CD_DTL_ID, CD_ID, CD_DTL_NM1, CD_DTL_NM2, CD_DTL_NM3, CD_DTL_DESC, CD_SORT_SEQ, USE_YN, REG_DTM, REG_USER_ID, UPD_DTM, UPD_USER_ID) VALUES ('FJ', 'CD0002', '피지', 'Fiji', '', '', 163, 'Y', CURRENT_TIMESTAMP, 'admin', CURRENT_TIMESTAMP, 'admin');
INSERT INTO TB_BCM_CDDTL (CD_DTL_ID, CD_ID, CD_DTL_NM1, CD_DTL_NM2, CD_DTL_NM3, CD_DTL_DESC, CD_SORT_SEQ, USE_YN, REG_DTM, REG_USER_ID, UPD_DTM, UPD_USER_ID) VALUES ('EH', 'CD0002', '서사하라', 'West Sahara', '', '', 164, 'Y', CURRENT_TIMESTAMP, 'admin', CURRENT_TIMESTAMP, 'admin');
INSERT INTO TB_BCM_CDDTL (CD_DTL_ID, CD_ID, CD_DTL_NM1, CD_DTL_NM2, CD_DTL_NM3, CD_DTL_DESC, CD_SORT_SEQ, USE_YN, REG_DTM, REG_USER_ID, UPD_DTM, UPD_USER_ID) VALUES ('EG', 'CD0002', '이집트', 'Egypt', '', '', 165, 'Y', CURRENT_TIMESTAMP, 'admin', CURRENT_TIMESTAMP, 'admin');
INSERT INTO TB_BCM_CDDTL (CD_DTL_ID, CD_ID, CD_DTL_NM1, CD_DTL_NM2, CD_DTL_NM3, CD_DTL_DESC, CD_SORT_SEQ, USE_YN, REG_DTM, REG_USER_ID, UPD_DTM, UPD_USER_ID) VALUES ('ER', 'CD0002', '에리트레아', 'Eritrea', '', '', 166, 'Y', CURRENT_TIMESTAMP, 'admin', CURRENT_TIMESTAMP, 'admin');
INSERT INTO TB_BCM_CDDTL (CD_DTL_ID, CD_ID, CD_DTL_NM1, CD_DTL_NM2, CD_DTL_NM3, CD_DTL_DESC, CD_SORT_SEQ, USE_YN, REG_DTM, REG_USER_ID, UPD_DTM, UPD_USER_ID) VALUES ('FI', 'CD0002', '핀란드', 'Finland', '', '', 167, 'Y', CURRENT_TIMESTAMP, 'admin', CURRENT_TIMESTAMP, 'admin');
INSERT INTO TB_BCM_CDDTL (CD_DTL_ID, CD_ID, CD_DTL_NM1, CD_DTL_NM2, CD_DTL_NM3, CD_DTL_DESC, CD_SORT_SEQ, USE_YN, REG_DTM, REG_USER_ID, UPD_DTM, UPD_USER_ID) VALUES ('GW', 'CD0002', '기니비사우', 'Guinea-Bissau', '', '', 168, 'Y', CURRENT_TIMESTAMP, 'admin', CURRENT_TIMESTAMP, 'admin');
INSERT INTO TB_BCM_CDDTL (CD_DTL_ID, CD_ID, CD_DTL_NM1, CD_DTL_NM2, CD_DTL_NM3, CD_DTL_DESC, CD_SORT_SEQ, USE_YN, REG_DTM, REG_USER_ID, UPD_DTM, UPD_USER_ID) VALUES ('GT', 'CD0002', '과테말라', 'Guatemala', '', '', 169, 'Y', CURRENT_TIMESTAMP, 'admin', CURRENT_TIMESTAMP, 'admin');
INSERT INTO TB_BCM_CDDTL (CD_DTL_ID, CD_ID, CD_DTL_NM1, CD_DTL_NM2, CD_DTL_NM3, CD_DTL_DESC, CD_SORT_SEQ, USE_YN, REG_DTM, REG_USER_ID, UPD_DTM, UPD_USER_ID) VALUES ('GF', 'CD0002', '프랑스령 기아나', 'French Guayana', '', '', 170, 'Y', CURRENT_TIMESTAMP, 'admin', CURRENT_TIMESTAMP, 'admin');
INSERT INTO TB_BCM_CDDTL (CD_DTL_ID, CD_ID, CD_DTL_NM1, CD_DTL_NM2, CD_DTL_NM3, CD_DTL_DESC, CD_SORT_SEQ, USE_YN, REG_DTM, REG_USER_ID, UPD_DTM, UPD_USER_ID) VALUES ('GN', 'CD0002', '기니아', 'Guinea', '', '', 171, 'Y', CURRENT_TIMESTAMP, 'admin', CURRENT_TIMESTAMP, 'admin');
INSERT INTO TB_BCM_CDDTL (CD_DTL_ID, CD_ID, CD_DTL_NM1, CD_DTL_NM2, CD_DTL_NM3, CD_DTL_DESC, CD_SORT_SEQ, USE_YN, REG_DTM, REG_USER_ID, UPD_DTM, UPD_USER_ID) VALUES ('GL', 'CD0002', '그린란드', 'Greenland', '', '', 172, 'Y', CURRENT_TIMESTAMP, 'admin', CURRENT_TIMESTAMP, 'admin');
INSERT INTO TB_BCM_CDDTL (CD_DTL_ID, CD_ID, CD_DTL_NM1, CD_DTL_NM2, CD_DTL_NM3, CD_DTL_DESC, CD_SORT_SEQ, USE_YN, REG_DTM, REG_USER_ID, UPD_DTM, UPD_USER_ID) VALUES ('GB', 'CD0002', '영국', 'United Kingdom', '', '', 173, 'Y', CURRENT_TIMESTAMP, 'admin', CURRENT_TIMESTAMP, 'admin');
INSERT INTO TB_BCM_CDDTL (CD_DTL_ID, CD_ID, CD_DTL_NM1, CD_DTL_NM2, CD_DTL_NM3, CD_DTL_DESC, CD_SORT_SEQ, USE_YN, REG_DTM, REG_USER_ID, UPD_DTM, UPD_USER_ID) VALUES ('EE', 'CD0002', '에스토니아', 'Estonia', '', '', 174, 'Y', CURRENT_TIMESTAMP, 'admin', CURRENT_TIMESTAMP, 'admin');
INSERT INTO TB_BCM_CDDTL (CD_DTL_ID, CD_ID, CD_DTL_NM1, CD_DTL_NM2, CD_DTL_NM3, CD_DTL_DESC, CD_SORT_SEQ, USE_YN, REG_DTM, REG_USER_ID, UPD_DTM, UPD_USER_ID) VALUES ('ES', 'CD0002', '스페인', 'Spain', '', '', 175, 'Y', CURRENT_TIMESTAMP, 'admin', CURRENT_TIMESTAMP, 'admin');
INSERT INTO TB_BCM_CDDTL (CD_DTL_ID, CD_ID, CD_DTL_NM1, CD_DTL_NM2, CD_DTL_NM3, CD_DTL_DESC, CD_SORT_SEQ, USE_YN, REG_DTM, REG_USER_ID, UPD_DTM, UPD_USER_ID) VALUES ('GD', 'CD0002', '그레나다', 'Grenada', '', '', 176, 'Y', CURRENT_TIMESTAMP, 'admin', CURRENT_TIMESTAMP, 'admin');
INSERT INTO TB_BCM_CDDTL (CD_DTL_ID, CD_ID, CD_DTL_NM1, CD_DTL_NM2, CD_DTL_NM3, CD_DTL_DESC, CD_SORT_SEQ, USE_YN, REG_DTM, REG_USER_ID, UPD_DTM, UPD_USER_ID) VALUES ('GP', 'CD0002', '과들로프', 'Guadeloupe', '', '', 177, 'Y', CURRENT_TIMESTAMP, 'admin', CURRENT_TIMESTAMP, 'admin');
INSERT INTO TB_BCM_CDDTL (CD_DTL_ID, CD_ID, CD_DTL_NM1, CD_DTL_NM2, CD_DTL_NM3, CD_DTL_DESC, CD_SORT_SEQ, USE_YN, REG_DTM, REG_USER_ID, UPD_DTM, UPD_USER_ID) VALUES ('GU', 'CD0002', '괌', 'Guam', '', '', 178, 'Y', CURRENT_TIMESTAMP, 'admin', CURRENT_TIMESTAMP, 'admin');
INSERT INTO TB_BCM_CDDTL (CD_DTL_ID, CD_ID, CD_DTL_NM1, CD_DTL_NM2, CD_DTL_NM3, CD_DTL_DESC, CD_SORT_SEQ, USE_YN, REG_DTM, REG_USER_ID, UPD_DTM, UPD_USER_ID) VALUES ('GH', 'CD0002', '가나', 'Ghana', '', '', 179, 'Y', CURRENT_TIMESTAMP, 'admin', CURRENT_TIMESTAMP, 'admin');
INSERT INTO TB_BCM_CDDTL (CD_DTL_ID, CD_ID, CD_DTL_NM1, CD_DTL_NM2, CD_DTL_NM3, CD_DTL_DESC, CD_SORT_SEQ, USE_YN, REG_DTM, REG_USER_ID, UPD_DTM, UPD_USER_ID) VALUES ('CN', 'CD0002', '중국', 'China', '', '', 180, 'Y', CURRENT_TIMESTAMP, 'admin', CURRENT_TIMESTAMP, 'admin');
INSERT INTO TB_BCM_CDDTL (CD_DTL_ID, CD_ID, CD_DTL_NM1, CD_DTL_NM2, CD_DTL_NM3, CD_DTL_DESC, CD_SORT_SEQ, USE_YN, REG_DTM, REG_USER_ID, UPD_DTM, UPD_USER_ID) VALUES ('DE', 'CD0002', '독일', 'Germany', '', '', 181, 'Y', CURRENT_TIMESTAMP, 'admin', CURRENT_TIMESTAMP, 'admin');
INSERT INTO TB_BCM_CDDTL (CD_DTL_ID, CD_ID, CD_DTL_NM1, CD_DTL_NM2, CD_DTL_NM3, CD_DTL_DESC, CD_SORT_SEQ, USE_YN, REG_DTM, REG_USER_ID, UPD_DTM, UPD_USER_ID) VALUES ('DK', 'CD0002', '덴마크', 'Denmark', '', '', 182, 'Y', CURRENT_TIMESTAMP, 'admin', CURRENT_TIMESTAMP, 'admin');
INSERT INTO TB_BCM_CDDTL (CD_DTL_ID, CD_ID, CD_DTL_NM1, CD_DTL_NM2, CD_DTL_NM3, CD_DTL_DESC, CD_SORT_SEQ, USE_YN, REG_DTM, REG_USER_ID, UPD_DTM, UPD_USER_ID) VALUES ('CY', 'CD0002', '사이프러스', 'Cyprus', '', '', 183, 'Y', CURRENT_TIMESTAMP, 'admin', CURRENT_TIMESTAMP, 'admin');
INSERT INTO TB_BCM_CDDTL (CD_DTL_ID, CD_ID, CD_DTL_NM1, CD_DTL_NM2, CD_DTL_NM3, CD_DTL_DESC, CD_SORT_SEQ, USE_YN, REG_DTM, REG_USER_ID, UPD_DTM, UPD_USER_ID) VALUES ('CX', 'CD0002', '크리스마스 제도', 'Christmas Islnd', '', '', 184, 'Y', CURRENT_TIMESTAMP, 'admin', CURRENT_TIMESTAMP, 'admin');
INSERT INTO TB_BCM_CDDTL (CD_DTL_ID, CD_ID, CD_DTL_NM1, CD_DTL_NM2, CD_DTL_NM3, CD_DTL_DESC, CD_SORT_SEQ, USE_YN, REG_DTM, REG_USER_ID, UPD_DTM, UPD_USER_ID) VALUES ('AN', 'CD0002', '더치앤틸리스', 'Dutch Antilles', '', '', 185, 'Y', CURRENT_TIMESTAMP, 'admin', CURRENT_TIMESTAMP, 'admin');
INSERT INTO TB_BCM_CDDTL (CD_DTL_ID, CD_ID, CD_DTL_NM1, CD_DTL_NM2, CD_DTL_NM3, CD_DTL_DESC, CD_SORT_SEQ, USE_YN, REG_DTM, REG_USER_ID, UPD_DTM, UPD_USER_ID) VALUES ('AT', 'CD0002', '오스트리아', 'Austria', '', '', 186, 'Y', CURRENT_TIMESTAMP, 'admin', CURRENT_TIMESTAMP, 'admin');
INSERT INTO TB_BCM_CDDTL (CD_DTL_ID, CD_ID, CD_DTL_NM1, CD_DTL_NM2, CD_DTL_NM3, CD_DTL_DESC, CD_SORT_SEQ, USE_YN, REG_DTM, REG_USER_ID, UPD_DTM, UPD_USER_ID) VALUES ('AS', 'CD0002', '미국령 사모아', 'Samoa, American', '', '', 187, 'Y', CURRENT_TIMESTAMP, 'admin', CURRENT_TIMESTAMP, 'admin');
INSERT INTO TB_BCM_CDDTL (CD_DTL_ID, CD_ID, CD_DTL_NM1, CD_DTL_NM2, CD_DTL_NM3, CD_DTL_DESC, CD_SORT_SEQ, USE_YN, REG_DTM, REG_USER_ID, UPD_DTM, UPD_USER_ID) VALUES ('NO', 'CD0002', '노르웨이', 'Norway', '', '', 188, 'Y', CURRENT_TIMESTAMP, 'admin', CURRENT_TIMESTAMP, 'admin');
INSERT INTO TB_BCM_CDDTL (CD_DTL_ID, CD_ID, CD_DTL_NM1, CD_DTL_NM2, CD_DTL_NM3, CD_DTL_DESC, CD_SORT_SEQ, USE_YN, REG_DTM, REG_USER_ID, UPD_DTM, UPD_USER_ID) VALUES ('CG', 'CD0002', '콩고', 'Congo', '', '', 189, 'Y', CURRENT_TIMESTAMP, 'admin', CURRENT_TIMESTAMP, 'admin');
INSERT INTO TB_BCM_CDDTL (CD_DTL_ID, CD_ID, CD_DTL_NM1, CD_DTL_NM2, CD_DTL_NM3, CD_DTL_DESC, CD_SORT_SEQ, USE_YN, REG_DTM, REG_USER_ID, UPD_DTM, UPD_USER_ID) VALUES ('PM', 'CD0002', '미구엘 만', 'St.Pier,Miquel.', '', '', 190, 'Y', CURRENT_TIMESTAMP, 'admin', CURRENT_TIMESTAMP, 'admin');
INSERT INTO TB_BCM_CDDTL (CD_DTL_ID, CD_ID, CD_DTL_NM1, CD_DTL_NM2, CD_DTL_NM3, CD_DTL_DESC, CD_SORT_SEQ, USE_YN, REG_DTM, REG_USER_ID, UPD_DTM, UPD_USER_ID) VALUES ('SO', 'CD0002', '소말리아', 'Somalia', '', '', 191, 'Y', CURRENT_TIMESTAMP, 'admin', CURRENT_TIMESTAMP, 'admin');
INSERT INTO TB_BCM_CDDTL (CD_DTL_ID, CD_ID, CD_DTL_NM1, CD_DTL_NM2, CD_DTL_NM3, CD_DTL_DESC, CD_SORT_SEQ, USE_YN, REG_DTM, REG_USER_ID, UPD_DTM, UPD_USER_ID) VALUES ('PE', 'CD0002', '페루', 'Peru', '', '', 192, 'Y', CURRENT_TIMESTAMP, 'admin', CURRENT_TIMESTAMP, 'admin');
INSERT INTO TB_BCM_CDDTL (CD_DTL_ID, CD_ID, CD_DTL_NM1, CD_DTL_NM2, CD_DTL_NM3, CD_DTL_DESC, CD_SORT_SEQ, USE_YN, REG_DTM, REG_USER_ID, UPD_DTM, UPD_USER_ID) VALUES ('SH', 'CD0002', '세인트헬레나', 'St. Helena', '', '', 193, 'Y', CURRENT_TIMESTAMP, 'admin', CURRENT_TIMESTAMP, 'admin');
INSERT INTO TB_BCM_CDDTL (CD_DTL_ID, CD_ID, CD_DTL_NM1, CD_DTL_NM2, CD_DTL_NM3, CD_DTL_DESC, CD_SORT_SEQ, USE_YN, REG_DTM, REG_USER_ID, UPD_DTM, UPD_USER_ID) VALUES ('PH', 'CD0002', '필리핀', 'Philippines', '', '', 194, 'Y', CURRENT_TIMESTAMP, 'admin', CURRENT_TIMESTAMP, 'admin');
INSERT INTO TB_BCM_CDDTL (CD_DTL_ID, CD_ID, CD_DTL_NM1, CD_DTL_NM2, CD_DTL_NM3, CD_DTL_DESC, CD_SORT_SEQ, USE_YN, REG_DTM, REG_USER_ID, UPD_DTM, UPD_USER_ID) VALUES ('PL', 'CD0002', '폴란드', 'Poland', '', '', 195, 'Y', CURRENT_TIMESTAMP, 'admin', CURRENT_TIMESTAMP, 'admin');
INSERT INTO TB_BCM_CDDTL (CD_DTL_ID, CD_ID, CD_DTL_NM1, CD_DTL_NM2, CD_DTL_NM3, CD_DTL_DESC, CD_SORT_SEQ, USE_YN, REG_DTM, REG_USER_ID, UPD_DTM, UPD_USER_ID) VALUES ('PA', 'CD0002', '파나마', 'Panama', '', '', 196, 'Y', CURRENT_TIMESTAMP, 'admin', CURRENT_TIMESTAMP, 'admin');
INSERT INTO TB_BCM_CDDTL (CD_DTL_ID, CD_ID, CD_DTL_NM1, CD_DTL_NM2, CD_DTL_NM3, CD_DTL_DESC, CD_SORT_SEQ, USE_YN, REG_DTM, REG_USER_ID, UPD_DTM, UPD_USER_ID) VALUES ('LV', 'CD0002', '라트비아', 'Latvia', '', '', 197, 'Y', CURRENT_TIMESTAMP, 'admin', CURRENT_TIMESTAMP, 'admin');
INSERT INTO TB_BCM_CDDTL (CD_DTL_ID, CD_ID, CD_DTL_NM1, CD_DTL_NM2, CD_DTL_NM3, CD_DTL_DESC, CD_SORT_SEQ, USE_YN, REG_DTM, REG_USER_ID, UPD_DTM, UPD_USER_ID) VALUES ('AF', 'CD0002', '아프가니스탄', 'Afghanistan', '', '', 198, 'Y', CURRENT_TIMESTAMP, 'admin', CURRENT_TIMESTAMP, 'admin');
INSERT INTO TB_BCM_CDDTL (CD_DTL_ID, CD_ID, CD_DTL_NM1, CD_DTL_NM2, CD_DTL_NM3, CD_DTL_DESC, CD_SORT_SEQ, USE_YN, REG_DTM, REG_USER_ID, UPD_DTM, UPD_USER_ID) VALUES ('AM', 'CD0002', '아르메니아', 'Armenia', '', '', 199, 'Y', CURRENT_TIMESTAMP, 'admin', CURRENT_TIMESTAMP, 'admin');
INSERT INTO TB_BCM_CDDTL (CD_DTL_ID, CD_ID, CD_DTL_NM1, CD_DTL_NM2, CD_DTL_NM3, CD_DTL_DESC, CD_SORT_SEQ, USE_YN, REG_DTM, REG_USER_ID, UPD_DTM, UPD_USER_ID) VALUES ('AW', 'CD0002', '아루바', 'Aruba', '', '', 200, 'Y', CURRENT_TIMESTAMP, 'admin', CURRENT_TIMESTAMP, 'admin');
INSERT INTO TB_BCM_CDDTL (CD_DTL_ID, CD_ID, CD_DTL_NM1, CD_DTL_NM2, CD_DTL_NM3, CD_DTL_DESC, CD_SORT_SEQ, USE_YN, REG_DTM, REG_USER_ID, UPD_DTM, UPD_USER_ID) VALUES ('CC', 'CD0002', '코코넛섬', 'Coconut Islands', '', '', 201, 'Y', CURRENT_TIMESTAMP, 'admin', CURRENT_TIMESTAMP, 'admin');
INSERT INTO TB_BCM_CDDTL (CD_DTL_ID, CD_ID, CD_DTL_NM1, CD_DTL_NM2, CD_DTL_NM3, CD_DTL_DESC, CD_SORT_SEQ, USE_YN, REG_DTM, REG_USER_ID, UPD_DTM, UPD_USER_ID) VALUES ('BW', 'CD0002', '보츠와나', 'Botswana', '', '', 202, 'Y', CURRENT_TIMESTAMP, 'admin', CURRENT_TIMESTAMP, 'admin');
INSERT INTO TB_BCM_CDDTL (CD_DTL_ID, CD_ID, CD_DTL_NM1, CD_DTL_NM2, CD_DTL_NM3, CD_DTL_DESC, CD_SORT_SEQ, USE_YN, REG_DTM, REG_USER_ID, UPD_DTM, UPD_USER_ID) VALUES ('BZ', 'CD0002', '벨리즈', 'Belize', '', '', 203, 'Y', CURRENT_TIMESTAMP, 'admin', CURRENT_TIMESTAMP, 'admin');
INSERT INTO TB_BCM_CDDTL (CD_DTL_ID, CD_ID, CD_DTL_NM1, CD_DTL_NM2, CD_DTL_NM3, CD_DTL_DESC, CD_SORT_SEQ, USE_YN, REG_DTM, REG_USER_ID, UPD_DTM, UPD_USER_ID) VALUES ('CM', 'CD0002', '카메룬', 'Cameroon', '', '', 204, 'Y', CURRENT_TIMESTAMP, 'admin', CURRENT_TIMESTAMP, 'admin');
INSERT INTO TB_BCM_CDDTL (CD_DTL_ID, CD_ID, CD_DTL_NM1, CD_DTL_NM2, CD_DTL_NM3, CD_DTL_DESC, CD_SORT_SEQ, USE_YN, REG_DTM, REG_USER_ID, UPD_DTM, UPD_USER_ID) VALUES ('BI', 'CD0002', '브룬디', 'Burundi', '', '', 205, 'Y', CURRENT_TIMESTAMP, 'admin', CURRENT_TIMESTAMP, 'admin');
INSERT INTO TB_BCM_CDDTL (CD_DTL_ID, CD_ID, CD_DTL_NM1, CD_DTL_NM2, CD_DTL_NM3, CD_DTL_DESC, CD_SORT_SEQ, USE_YN, REG_DTM, REG_USER_ID, UPD_DTM, UPD_USER_ID) VALUES ('BH', 'CD0002', '바레인', 'Bahrain', '', '', 206, 'Y', CURRENT_TIMESTAMP, 'admin', CURRENT_TIMESTAMP, 'admin');
INSERT INTO TB_BCM_CDDTL (CD_DTL_ID, CD_ID, CD_DTL_NM1, CD_DTL_NM2, CD_DTL_NM3, CD_DTL_DESC, CD_SORT_SEQ, USE_YN, REG_DTM, REG_USER_ID, UPD_DTM, UPD_USER_ID) VALUES ('TH', 'CD0002', '태국', 'Thailand', '', '', 207, 'Y', CURRENT_TIMESTAMP, 'admin', CURRENT_TIMESTAMP, 'admin');
INSERT INTO TB_BCM_CDDTL (CD_DTL_ID, CD_ID, CD_DTL_NM1, CD_DTL_NM2, CD_DTL_NM3, CD_DTL_DESC, CD_SORT_SEQ, USE_YN, REG_DTM, REG_USER_ID, UPD_DTM, UPD_USER_ID) VALUES ('RW', 'CD0002', '르완다', 'Ruanda', '', '', 208, 'Y', CURRENT_TIMESTAMP, 'admin', CURRENT_TIMESTAMP, 'admin');
INSERT INTO TB_BCM_CDDTL (CD_DTL_ID, CD_ID, CD_DTL_NM1, CD_DTL_NM2, CD_DTL_NM3, CD_DTL_DESC, CD_SORT_SEQ, USE_YN, REG_DTM, REG_USER_ID, UPD_DTM, UPD_USER_ID) VALUES ('SK', 'CD0002', '슬로바키아', 'Slovakia', '', '', 209, 'Y', CURRENT_TIMESTAMP, 'admin', CURRENT_TIMESTAMP, 'admin');
INSERT INTO TB_BCM_CDDTL (CD_DTL_ID, CD_ID, CD_DTL_NM1, CD_DTL_NM2, CD_DTL_NM3, CD_DTL_DESC, CD_SORT_SEQ, USE_YN, REG_DTM, REG_USER_ID, UPD_DTM, UPD_USER_ID) VALUES ('ST', 'CD0002', '상투에프린시페', 'S.Tome,Principe', '', '', 210, 'Y', CURRENT_TIMESTAMP, 'admin', CURRENT_TIMESTAMP, 'admin');
INSERT INTO TB_BCM_CDDTL (CD_DTL_ID, CD_ID, CD_DTL_NM1, CD_DTL_NM2, CD_DTL_NM3, CD_DTL_DESC, CD_SORT_SEQ, USE_YN, REG_DTM, REG_USER_ID, UPD_DTM, UPD_USER_ID) VALUES ('CD', 'CD0002', '콩고', 'Congo', '', '', 211, 'Y', CURRENT_TIMESTAMP, 'admin', CURRENT_TIMESTAMP, 'admin');
INSERT INTO TB_BCM_CDDTL (CD_DTL_ID, CD_ID, CD_DTL_NM1, CD_DTL_NM2, CD_DTL_NM3, CD_DTL_DESC, CD_SORT_SEQ, USE_YN, REG_DTM, REG_USER_ID, UPD_DTM, UPD_USER_ID) VALUES ('SA', 'CD0002', '사우디아라비아', 'Saudi Arabia', '', '', 212, 'Y', CURRENT_TIMESTAMP, 'admin', CURRENT_TIMESTAMP, 'admin');
INSERT INTO TB_BCM_CDDTL (CD_DTL_ID, CD_ID, CD_DTL_NM1, CD_DTL_NM2, CD_DTL_NM3, CD_DTL_DESC, CD_SORT_SEQ, USE_YN, REG_DTM, REG_USER_ID, UPD_DTM, UPD_USER_ID) VALUES ('SI', 'CD0002', '슬로베니아', 'Slovenia', '', '', 213, 'Y', CURRENT_TIMESTAMP, 'admin', CURRENT_TIMESTAMP, 'admin');
INSERT INTO TB_BCM_CDDTL (CD_DTL_ID, CD_ID, CD_DTL_NM1, CD_DTL_NM2, CD_DTL_NM3, CD_DTL_DESC, CD_SORT_SEQ, USE_YN, REG_DTM, REG_USER_ID, UPD_DTM, UPD_USER_ID) VALUES ('LT', 'CD0002', '리투아니아', 'Lithuania', '', '', 214, 'Y', CURRENT_TIMESTAMP, 'admin', CURRENT_TIMESTAMP, 'admin');
INSERT INTO TB_BCM_CDDTL (CD_DTL_ID, CD_ID, CD_DTL_NM1, CD_DTL_NM2, CD_DTL_NM3, CD_DTL_DESC, CD_SORT_SEQ, USE_YN, REG_DTM, REG_USER_ID, UPD_DTM, UPD_USER_ID) VALUES ('RO', 'CD0002', '루마니아', 'Romania', '', '', 215, 'Y', CURRENT_TIMESTAMP, 'admin', CURRENT_TIMESTAMP, 'admin');
INSERT INTO TB_BCM_CDDTL (CD_DTL_ID, CD_ID, CD_DTL_NM1, CD_DTL_NM2, CD_DTL_NM3, CD_DTL_DESC, CD_SORT_SEQ, USE_YN, REG_DTM, REG_USER_ID, UPD_DTM, UPD_USER_ID) VALUES ('YE', 'CD0002', '예멘', 'Yemen', '', '', 216, 'Y', CURRENT_TIMESTAMP, 'admin', CURRENT_TIMESTAMP, 'admin');
INSERT INTO TB_BCM_CDDTL (CD_DTL_ID, CD_ID, CD_DTL_NM1, CD_DTL_NM2, CD_DTL_NM3, CD_DTL_DESC, CD_SORT_SEQ, USE_YN, REG_DTM, REG_USER_ID, UPD_DTM, UPD_USER_ID) VALUES ('UA', 'CD0002', '우크라이나', 'Ukraine', '', '', 217, 'Y', CURRENT_TIMESTAMP, 'admin', CURRENT_TIMESTAMP, 'admin');
INSERT INTO TB_BCM_CDDTL (CD_DTL_ID, CD_ID, CD_DTL_NM1, CD_DTL_NM2, CD_DTL_NM3, CD_DTL_DESC, CD_SORT_SEQ, USE_YN, REG_DTM, REG_USER_ID, UPD_DTM, UPD_USER_ID) VALUES ('SC', 'CD0002', '세이셸 제도', 'Seychelles', '', '', 218, 'Y', CURRENT_TIMESTAMP, 'admin', CURRENT_TIMESTAMP, 'admin');
INSERT INTO TB_BCM_CDDTL (CD_DTL_ID, CD_ID, CD_DTL_NM1, CD_DTL_NM2, CD_DTL_NM3, CD_DTL_DESC, CD_SORT_SEQ, USE_YN, REG_DTM, REG_USER_ID, UPD_DTM, UPD_USER_ID) VALUES ('ZA', 'CD0002', '남아프리카공화국', 'South Africa', '', '', 219, 'Y', CURRENT_TIMESTAMP, 'admin', CURRENT_TIMESTAMP, 'admin');
INSERT INTO TB_BCM_CDDTL (CD_DTL_ID, CD_ID, CD_DTL_NM1, CD_DTL_NM2, CD_DTL_NM3, CD_DTL_DESC, CD_SORT_SEQ, USE_YN, REG_DTM, REG_USER_ID, UPD_DTM, UPD_USER_ID) VALUES ('VG', 'CD0002', '영국령 버진 아일랜드', 'Brit.Virgin Is.', '', '', 220, 'Y', CURRENT_TIMESTAMP, 'admin', CURRENT_TIMESTAMP, 'admin');
INSERT INTO TB_BCM_CDDTL (CD_DTL_ID, CD_ID, CD_DTL_NM1, CD_DTL_NM2, CD_DTL_NM3, CD_DTL_DESC, CD_SORT_SEQ, USE_YN, REG_DTM, REG_USER_ID, UPD_DTM, UPD_USER_ID) VALUES ('VC', 'CD0002', '세인트빈센트', 'St. Vincent', '', '', 221, 'Y', CURRENT_TIMESTAMP, 'admin', CURRENT_TIMESTAMP, 'admin');
INSERT INTO TB_BCM_CDDTL (CD_DTL_ID, CD_ID, CD_DTL_NM1, CD_DTL_NM2, CD_DTL_NM3, CD_DTL_DESC, CD_SORT_SEQ, USE_YN, REG_DTM, REG_USER_ID, UPD_DTM, UPD_USER_ID) VALUES ('WF', 'CD0002', '월리스푸투나 제도', 'Wallis,Futuna', '', '', 222, 'Y', CURRENT_TIMESTAMP, 'admin', CURRENT_TIMESTAMP, 'admin');
INSERT INTO TB_BCM_CDDTL (CD_DTL_ID, CD_ID, CD_DTL_NM1, CD_DTL_NM2, CD_DTL_NM3, CD_DTL_DESC, CD_SORT_SEQ, USE_YN, REG_DTM, REG_USER_ID, UPD_DTM, UPD_USER_ID) VALUES ('VN', 'CD0002', '베트남', 'Vietnam', '', '', 223, 'Y', CURRENT_TIMESTAMP, 'admin', CURRENT_TIMESTAMP, 'admin');
INSERT INTO TB_BCM_CDDTL (CD_DTL_ID, CD_ID, CD_DTL_NM1, CD_DTL_NM2, CD_DTL_NM3, CD_DTL_DESC, CD_SORT_SEQ, USE_YN, REG_DTM, REG_USER_ID, UPD_DTM, UPD_USER_ID) VALUES ('UZ', 'CD0002', '우즈베키스탄', 'Uzbekistan', '', '', 224, 'Y', CURRENT_TIMESTAMP, 'admin', CURRENT_TIMESTAMP, 'admin');
INSERT INTO TB_BCM_CDDTL (CD_DTL_ID, CD_ID, CD_DTL_NM1, CD_DTL_NM2, CD_DTL_NM3, CD_DTL_DESC, CD_SORT_SEQ, USE_YN, REG_DTM, REG_USER_ID, UPD_DTM, UPD_USER_ID) VALUES ('TN', 'CD0002', '튀니지아', 'Tunisia', '', '', 225, 'Y', CURRENT_TIMESTAMP, 'admin', CURRENT_TIMESTAMP, 'admin');
INSERT INTO TB_BCM_CDDTL (CD_DTL_ID, CD_ID, CD_DTL_NM1, CD_DTL_NM2, CD_DTL_NM3, CD_DTL_DESC, CD_SORT_SEQ, USE_YN, REG_DTM, REG_USER_ID, UPD_DTM, UPD_USER_ID) VALUES ('TP', 'CD0002', '동티모르', 'East Timor', '', '', 226, 'Y', CURRENT_TIMESTAMP, 'admin', CURRENT_TIMESTAMP, 'admin');
INSERT INTO TB_BCM_CDDTL (CD_DTL_ID, CD_ID, CD_DTL_NM1, CD_DTL_NM2, CD_DTL_NM3, CD_DTL_DESC, CD_SORT_SEQ, USE_YN, REG_DTM, REG_USER_ID, UPD_DTM, UPD_USER_ID) VALUES ('NA', 'CD0002', '남미비아', 'Namibia', '', '', 227, 'Y', CURRENT_TIMESTAMP, 'admin', CURRENT_TIMESTAMP, 'admin');
INSERT INTO TB_BCM_CDDTL (CD_DTL_ID, CD_ID, CD_DTL_NM1, CD_DTL_NM2, CD_DTL_NM3, CD_DTL_DESC, CD_SORT_SEQ, USE_YN, REG_DTM, REG_USER_ID, UPD_DTM, UPD_USER_ID) VALUES ('LY', 'CD0002', '리베리아', 'Libya', '', '', 228, 'Y', CURRENT_TIMESTAMP, 'admin', CURRENT_TIMESTAMP, 'admin');
INSERT INTO TB_BCM_CDDTL (CD_DTL_ID, CD_ID, CD_DTL_NM1, CD_DTL_NM2, CD_DTL_NM3, CD_DTL_DESC, CD_SORT_SEQ, USE_YN, REG_DTM, REG_USER_ID, UPD_DTM, UPD_USER_ID) VALUES ('NC', 'CD0002', '뉴칼레도니아', 'New Caledonia', '', '', 229, 'Y', CURRENT_TIMESTAMP, 'admin', CURRENT_TIMESTAMP, 'admin');
INSERT INTO TB_BCM_CDDTL (CD_DTL_ID, CD_ID, CD_DTL_NM1, CD_DTL_NM2, CD_DTL_NM3, CD_DTL_DESC, CD_SORT_SEQ, USE_YN, REG_DTM, REG_USER_ID, UPD_DTM, UPD_USER_ID) VALUES ('MC', 'CD0002', '모나코', 'Monaco', '', '', 230, 'Y', CURRENT_TIMESTAMP, 'admin', CURRENT_TIMESTAMP, 'admin');
INSERT INTO TB_BCM_CDDTL (CD_DTL_ID, CD_ID, CD_DTL_NM1, CD_DTL_NM2, CD_DTL_NM3, CD_DTL_DESC, CD_SORT_SEQ, USE_YN, REG_DTM, REG_USER_ID, UPD_DTM, UPD_USER_ID) VALUES ('MA', 'CD0002', '모로코', 'Morocco', '', '', 231, 'Y', CURRENT_TIMESTAMP, 'admin', CURRENT_TIMESTAMP, 'admin');
INSERT INTO TB_BCM_CDDTL (CD_DTL_ID, CD_ID, CD_DTL_NM1, CD_DTL_NM2, CD_DTL_NM3, CD_DTL_DESC, CD_SORT_SEQ, USE_YN, REG_DTM, REG_USER_ID, UPD_DTM, UPD_USER_ID) VALUES ('LA', 'CD0002', '라오스', 'Laos', '', '', 232, 'Y', CURRENT_TIMESTAMP, 'admin', CURRENT_TIMESTAMP, 'admin');
INSERT INTO TB_BCM_CDDTL (CD_DTL_ID, CD_ID, CD_DTL_NM1, CD_DTL_NM2, CD_DTL_NM3, CD_DTL_DESC, CD_SORT_SEQ, USE_YN, REG_DTM, REG_USER_ID, UPD_DTM, UPD_USER_ID) VALUES ('LI', 'CD0002', '리히텐슈타인', 'Liechtenstein', '', '', 233, 'Y', CURRENT_TIMESTAMP, 'admin', CURRENT_TIMESTAMP, 'admin');
INSERT INTO TB_BCM_CDDTL (CD_DTL_ID, CD_ID, CD_DTL_NM1, CD_DTL_NM2, CD_DTL_NM3, CD_DTL_DESC, CD_SORT_SEQ, USE_YN, REG_DTM, REG_USER_ID, UPD_DTM, UPD_USER_ID) VALUES ('MQ', 'CD0002', '마르트니크', 'Martinique', '', '', 234, 'Y', CURRENT_TIMESTAMP, 'admin', CURRENT_TIMESTAMP, 'admin');
INSERT INTO TB_BCM_CDDTL (CD_DTL_ID, CD_ID, CD_DTL_NM1, CD_DTL_NM2, CD_DTL_NM3, CD_DTL_DESC, CD_SORT_SEQ, USE_YN, REG_DTM, REG_USER_ID, UPD_DTM, UPD_USER_ID) VALUES ('MW', 'CD0002', '말라위', 'Malawi', '', '', 235, 'Y', CURRENT_TIMESTAMP, 'admin', CURRENT_TIMESTAMP, 'admin');
INSERT INTO TB_BCM_CDDTL (CD_DTL_ID, CD_ID, CD_DTL_NM1, CD_DTL_NM2, CD_DTL_NM3, CD_DTL_DESC, CD_SORT_SEQ, USE_YN, REG_DTM, REG_USER_ID, UPD_DTM, UPD_USER_ID) VALUES ('ML', 'CD0002', '말리', 'Mali', '', '', 236, 'Y', CURRENT_TIMESTAMP, 'admin', CURRENT_TIMESTAMP, 'admin');
INSERT INTO TB_BCM_CDDTL (CD_DTL_ID, CD_ID, CD_DTL_NM1, CD_DTL_NM2, CD_DTL_NM3, CD_DTL_DESC, CD_SORT_SEQ, USE_YN, REG_DTM, REG_USER_ID, UPD_DTM, UPD_USER_ID) VALUES ('MK', 'CD0002', '마케도니아', 'Macedonia', '', '', 237, 'Y', CURRENT_TIMESTAMP, 'admin', CURRENT_TIMESTAMP, 'admin');
INSERT INTO TB_BCM_CDDTL (CD_DTL_ID, CD_ID, CD_DTL_NM1, CD_DTL_NM2, CD_DTL_NM3, CD_DTL_DESC, CD_SORT_SEQ, USE_YN, REG_DTM, REG_USER_ID, UPD_DTM, UPD_USER_ID) VALUES ('MM', 'CD0002', '미얀마', 'Myanmar', '', '', 238, 'Y', CURRENT_TIMESTAMP, 'admin', CURRENT_TIMESTAMP, 'admin');
