/* USER */
INSERT INTO TB_BCM_USER (USER_ID, LOGIN_ID, USER_NM, COMP_CD, PWD, TEL_NO, MOBILE_NO, EMAIL_ADDR, FIRST_LOGIN_YN, REGULAR_YN, SSO_YN, GW_IF_YN, DEPT_NM, POSITION_NM, LOGIN_FAIL_CNT, LAST_PWD_CHG_DTM, USE_YN, REG_USER_ID, REG_DTM, UPD_USER_ID, UPD_DTM) VALUES ('skiaf_first_user-cuid', 'skiaf_first_user', ' 최초 사용 유저', 'H60', '$2a$10$JivqDxIzZBdGn2dBp.PbQuXegtr.EryT74SHofPC9z4/m/fxcc0zu', '', '', 'skiaf_first_user@sample.test', 'N', 'Y', 'N', 'N', '', '**', '0', CURRENT_TIMESTAMP, 'Y', 'admin', CURRENT_TIMESTAMP, 'admin', CURRENT_TIMESTAMP);
INSERT INTO TB_BCM_USER (USER_ID, LOGIN_ID, USER_NM, COMP_CD, PWD, TEL_NO, MOBILE_NO, EMAIL_ADDR, FIRST_LOGIN_YN, REGULAR_YN, SSO_YN, GW_IF_YN, DEPT_NM, POSITION_NM, LOGIN_FAIL_CNT, LAST_PWD_CHG_DTM, USE_YN, REG_USER_ID, REG_DTM, UPD_USER_ID, UPD_DTM) VALUES ('skiaf_not_use_user-cuid', 'skiaf_not_use_user', ' 미사용 유저', 'H60', '$2a$10$0QB3WGoeu2NDY3r42XGPmuo3iYEOdgZPl/zFvbpsF1G9DUCVbLwAK', '', '', 'skiaf_not_use_user@sample.test', 'Y', 'Y', 'N', 'N', '', '**', '0', CURRENT_TIMESTAMP, 'N', 'admin', CURRENT_TIMESTAMP, 'admin', CURRENT_TIMESTAMP);
INSERT INTO TB_BCM_USER (USER_ID, LOGIN_ID, USER_NM, COMP_CD, PWD, TEL_NO, MOBILE_NO, EMAIL_ADDR, FIRST_LOGIN_YN, REGULAR_YN, SSO_YN, GW_IF_YN, DEPT_NM, POSITION_NM, LOGIN_FAIL_CNT, LAST_PWD_CHG_DTM, USE_YN, REG_USER_ID, REG_DTM, UPD_USER_ID, UPD_DTM) VALUES ('skiaf_pw_change_user-cuid', 'skiaf_pw_change_user', ' 패스워드 변경 유저', 'H60', '$2a$10$KjHl4ImMPp/EJrLQumOEtOltIDxweNCAitJg.cbjUaejUFpPGBqgW', '', '', 'skiaf_pw_change_user@sample.test', 'Y', 'Y', 'N', 'N', '', '**', '0', '2017-09-12 09:00:13.082', 'Y', 'admin', CURRENT_TIMESTAMP, 'admin', CURRENT_TIMESTAMP);

INSERT INTO TB_BCM_USER (USER_ID, LOGIN_ID, USER_NM, COMP_CD, PWD, TEL_NO, MOBILE_NO, EMAIL_ADDR, FIRST_LOGIN_YN, REGULAR_YN, SSO_YN, GW_IF_YN, DEPT_NM, POSITION_NM, LOGIN_FAIL_CNT, LAST_PWD_CHG_DTM, USE_YN, REG_USER_ID, REG_DTM, UPD_USER_ID, UPD_DTM) VALUES ('ia01362-cuid', 'ia01362', '조은숙', 'H60', '$2a$10$b0QTJEojMhJ2sY7/tOYs/eMFQd5Zoo2N7zRGBUE8FYgMAh5fl/ihK', '', '010-9091-9157', 'ski.ia01362@partner.sk.com', 'Y', 'Y', 'Y', 'N', '', '수석', '0', CURRENT_TIMESTAMP, 'Y', 'admin', CURRENT_TIMESTAMP, 'admin', CURRENT_TIMESTAMP);
INSERT INTO TB_BCM_USER (USER_ID, LOGIN_ID, USER_NM, COMP_CD, PWD, TEL_NO, MOBILE_NO, EMAIL_ADDR, FIRST_LOGIN_YN, REGULAR_YN, SSO_YN, GW_IF_YN, DEPT_NM, POSITION_NM, LOGIN_FAIL_CNT, LAST_PWD_CHG_DTM, USE_YN, REG_USER_ID, REG_DTM, UPD_USER_ID, UPD_DTM) VALUES ('in01865-cuid', 'in01865', '최봉산', 'H60', '2a$10$uWMA/y199VzzDMFq3grMoeSVLXKoTp9/8TrH27clKU/Aw6hG8cZGi', '', '010-4507-2511', 'ski.in01865@partner.sk.com', 'Y', 'Y', 'Y', 'N', '', '사장/대표이사', '0', CURRENT_TIMESTAMP, 'Y', 'admin', CURRENT_TIMESTAMP, 'admin', CURRENT_TIMESTAMP);
INSERT INTO TB_BCM_USER (USER_ID, LOGIN_ID, USER_NM, COMP_CD, PWD, TEL_NO, MOBILE_NO, EMAIL_ADDR, FIRST_LOGIN_YN, REGULAR_YN, SSO_YN, GW_IF_YN, DEPT_NM, POSITION_NM, LOGIN_FAIL_CNT, LAST_PWD_CHG_DTM, USE_YN, REG_USER_ID, REG_DTM, UPD_USER_ID, UPD_DTM) VALUES ('in01866-cuid', 'in01866', '최민식', 'H60', '$2a$10$eOd2cEppGCG27K4uR6G9u.57iLsa3za6ye/h/k3IaO9Xs/kZ288/.', '', '010-4522-3316', 'ski.in01866@partner.sk.com', 'Y', 'Y', 'Y', 'N', '', '대리', '0', CURRENT_TIMESTAMP, 'Y', 'admin', CURRENT_TIMESTAMP, 'admin', CURRENT_TIMESTAMP);
INSERT INTO TB_BCM_USER (USER_ID, LOGIN_ID, USER_NM, COMP_CD, PWD, TEL_NO, MOBILE_NO, EMAIL_ADDR, FIRST_LOGIN_YN, REGULAR_YN, SSO_YN, GW_IF_YN, DEPT_NM, POSITION_NM, LOGIN_FAIL_CNT, LAST_PWD_CHG_DTM, USE_YN, REG_USER_ID, REG_DTM, UPD_USER_ID, UPD_DTM) VALUES ('in01868-cuid', 'in01868', '박재하', 'H60', '$2a$10$pD71js1d4cpqbK2O2bmLpuM9vxhgwQrqud1lyxGQwSunRURyhpjZe', '', '010-7352-2016', 'ski.in01868@partner.sk.com', 'Y', 'Y', 'Y', 'N', '', '대리', '0', CURRENT_TIMESTAMP, 'Y', 'admin', CURRENT_TIMESTAMP, 'admin', CURRENT_TIMESTAMP);
INSERT INTO TB_BCM_USER (USER_ID, LOGIN_ID, USER_NM, COMP_CD, PWD, TEL_NO, MOBILE_NO, EMAIL_ADDR, FIRST_LOGIN_YN, REGULAR_YN, SSO_YN, GW_IF_YN, DEPT_NM, POSITION_NM, LOGIN_FAIL_CNT, LAST_PWD_CHG_DTM, USE_YN, REG_USER_ID, REG_DTM, UPD_USER_ID, UPD_DTM) VALUES ('in01869-cuid', 'in01869', '손현지', 'H60', '$2a$10$4FWtUkJ8cD3vL3eRq3ZtxOkC.ylGKQ2luUyd1h.lq4i0PIXsxJvqe', '', '010-7582-0601', 'ski.in01869@partner.sk.com', 'Y', 'Y', 'Y', 'N', '', '주임', '0', CURRENT_TIMESTAMP, 'Y', 'admin', CURRENT_TIMESTAMP, 'admin', CURRENT_TIMESTAMP);
INSERT INTO TB_BCM_USER (USER_ID, LOGIN_ID, USER_NM, COMP_CD, PWD, TEL_NO, MOBILE_NO, EMAIL_ADDR, FIRST_LOGIN_YN, REGULAR_YN, SSO_YN, GW_IF_YN, DEPT_NM, POSITION_NM, LOGIN_FAIL_CNT, LAST_PWD_CHG_DTM, USE_YN, REG_USER_ID, REG_DTM, UPD_USER_ID, UPD_DTM) VALUES ('in01871-cuid', 'in01871', '임승현', 'H60', '$2a$10$QVPS9E9CMeFQ9HI/B4..Ne1XHDQptjRAPPTvHMOsJIgEsDmu9zmXW', '', '010-8868-6003', 'ski.in01871@partner.sk.com', 'Y', 'Y', 'Y', 'N', '', '주임', '0', CURRENT_TIMESTAMP, 'Y', 'admin', CURRENT_TIMESTAMP, 'admin', CURRENT_TIMESTAMP);
INSERT INTO TB_BCM_USER (USER_ID, LOGIN_ID, USER_NM, COMP_CD, PWD, TEL_NO, MOBILE_NO, EMAIL_ADDR, FIRST_LOGIN_YN, REGULAR_YN, SSO_YN, GW_IF_YN, DEPT_NM, POSITION_NM, LOGIN_FAIL_CNT, LAST_PWD_CHG_DTM, USE_YN, REG_USER_ID, REG_DTM, UPD_USER_ID, UPD_DTM) VALUES ('in01876-cuid', 'in01876', '김성남', 'H60', '$2a$10$B9aw7s5ve2WdOPPq3U1LvuNJcj.kwDElxBGIlnNKxFU7r7dYufek6', '', '010-9905-0358', 'ski.in01876@partner.sk.com', 'Y', 'Y', 'Y', 'N', '', '과장', '0', CURRENT_TIMESTAMP, 'Y', 'admin', CURRENT_TIMESTAMP, 'admin', CURRENT_TIMESTAMP);
INSERT INTO TB_BCM_USER (USER_ID, LOGIN_ID, USER_NM, COMP_CD, PWD, TEL_NO, MOBILE_NO, EMAIL_ADDR, FIRST_LOGIN_YN, REGULAR_YN, SSO_YN, GW_IF_YN, DEPT_NM, POSITION_NM, LOGIN_FAIL_CNT, LAST_PWD_CHG_DTM, USE_YN, REG_USER_ID, REG_DTM, UPD_USER_ID, UPD_DTM) VALUES ('in01943-cuid', 'in01943', '정재호', 'H60', '$2a$10$lIE7/pUKv0YH2mVCp1hmzOE25dQbvN6bfl/tSaDe.r1ZGJcA4Bfh.', '', '010-9000-3520', 'ski.in01943@partner.sk.com', 'Y', 'Y', 'Y', 'N', '', '부장', '0', CURRENT_TIMESTAMP, 'Y', 'admin', CURRENT_TIMESTAMP, 'admin', CURRENT_TIMESTAMP);
INSERT INTO TB_BCM_USER (USER_ID, LOGIN_ID, USER_NM, COMP_CD, PWD, TEL_NO, MOBILE_NO, EMAIL_ADDR, FIRST_LOGIN_YN, REGULAR_YN, SSO_YN, GW_IF_YN, DEPT_NM, POSITION_NM, LOGIN_FAIL_CNT, LAST_PWD_CHG_DTM, USE_YN, REG_USER_ID, REG_DTM, UPD_USER_ID, UPD_DTM) VALUES ('in01976-cuid', 'in01976', '윤수경', 'H60', '$2a$10$WuzpXJ2EMccdfn9jRfwS6.4Fssbt5kE8qUHOAg2KeFUaohWmSt7ri', '', '010-3103-2656', 'ski.in01976@partner.sk.com', 'Y', 'Y', 'Y', 'N', '', '대리', '0', CURRENT_TIMESTAMP, 'Y', 'admin', CURRENT_TIMESTAMP, 'admin', CURRENT_TIMESTAMP);
INSERT INTO TB_BCM_USER (USER_ID, LOGIN_ID, USER_NM, COMP_CD, PWD, TEL_NO, MOBILE_NO, EMAIL_ADDR, FIRST_LOGIN_YN, REGULAR_YN, SSO_YN, GW_IF_YN, DEPT_NM, POSITION_NM, LOGIN_FAIL_CNT, LAST_PWD_CHG_DTM, USE_YN, REG_USER_ID, REG_DTM, UPD_USER_ID, UPD_DTM) VALUES ('ia01536-cuid', 'ia01536', '차일환', 'H60', '$2a$10$yAO/Zjbz62UI6aJJ3ejb9OfGlzIXzjydtSpVfYtj1/Ab3H8r6nHfm', '', '010-3132-1388', 'ski.ia01536@partner.sk.com', 'Y', 'Y', 'Y', 'N', '', '수석', '0', CURRENT_TIMESTAMP, 'Y', 'admin', CURRENT_TIMESTAMP, 'admin', CURRENT_TIMESTAMP);
INSERT INTO TB_BCM_USER (USER_ID, LOGIN_ID, USER_NM, COMP_CD, PWD, TEL_NO, MOBILE_NO, EMAIL_ADDR, FIRST_LOGIN_YN, REGULAR_YN, SSO_YN, GW_IF_YN, DEPT_NM, POSITION_NM, LOGIN_FAIL_CNT, LAST_PWD_CHG_DTM, USE_YN, REG_USER_ID, REG_DTM, UPD_USER_ID, UPD_DTM) VALUES ('in01944-cuid', 'in01944', '민윤미', 'H60', '$2a$10$4cgGZJsE34PDkkhF/Dhu5.5cwoCixo4IZEO4BelAIrmHku7RWq6we', '', '010-9388-4865', 'ski.in01944@partner.sk.com', 'Y', 'Y', 'Y', 'N', '', '과장', '0', CURRENT_TIMESTAMP, 'Y', 'admin', CURRENT_TIMESTAMP, 'admin', CURRENT_TIMESTAMP);
/*INSERT INTO TB_BCM_USER (USER_ID, LOGIN_ID, USER_NM, COMP_CD, PWD, TEL_NO, MOBILE_NO, EMAIL_ADDR, FIRST_LOGIN_YN, REGULAR_YN, SSO_YN, GW_IF_YN, DEPT_NM, POSITION_NM, LOGIN_FAIL_CNT, LAST_PWD_CHG_DTM, USE_YN, REG_USER_ID, REG_DTM, UPD_USER_ID, UPD_DTM) VALUES ('in01945-cuid', 'in01945', '최연선', 'H60', '$2a$10$w5rv11B28ZxI22cB4z/yyOat/w5TaSSayFrS4Y/Yq3Mjg1LswVzB6', '', '010-3260-1624', 'ski.in01945@partner.sk.com', 'Y', 'Y', 'Y', 'N', '', '팀장', '0', CURRENT_TIMESTAMP, 'Y', 'admin', CURRENT_TIMESTAMP, 'admin', CURRENT_TIMESTAMP);*/

/* USER_GROUP <-> USER Mapping */
INSERT INTO TB_BCM_USER_GRP_USER_MAP (USER_ID, USER_GRP_ID, USE_YN, REG_USER_ID, REG_DTM, UPD_USER_ID, UPD_DTM) VALUES ('ia01362-cuid', 'GRPS_BASE', 'Y', 'admin', CURRENT_TIMESTAMP, 'admin', CURRENT_TIMESTAMP);
INSERT INTO TB_BCM_USER_GRP_USER_MAP (USER_ID, USER_GRP_ID, USE_YN, REG_USER_ID, REG_DTM, UPD_USER_ID, UPD_DTM) VALUES ('ia01362-cuid', 'GRPS_DEV', 'Y', 'admin', CURRENT_TIMESTAMP, 'admin', CURRENT_TIMESTAMP);
INSERT INTO TB_BCM_USER_GRP_USER_MAP (USER_ID, USER_GRP_ID, USE_YN, REG_USER_ID, REG_DTM, UPD_USER_ID, UPD_DTM) VALUES ('ia01362-cuid', 'GRPS_COM', 'Y', 'admin', CURRENT_TIMESTAMP, 'admin', CURRENT_TIMESTAMP);
INSERT INTO TB_BCM_USER_GRP_USER_MAP (USER_ID, USER_GRP_ID, USE_YN, REG_USER_ID, REG_DTM, UPD_USER_ID, UPD_DTM) VALUES ('in01865-cuid', 'GRPS_BASE', 'Y', 'admin', CURRENT_TIMESTAMP, 'admin', CURRENT_TIMESTAMP);
INSERT INTO TB_BCM_USER_GRP_USER_MAP (USER_ID, USER_GRP_ID, USE_YN, REG_USER_ID, REG_DTM, UPD_USER_ID, UPD_DTM) VALUES ('in01865-cuid', 'GRPS_DEV', 'Y', 'admin', CURRENT_TIMESTAMP, 'admin', CURRENT_TIMESTAMP);
INSERT INTO TB_BCM_USER_GRP_USER_MAP (USER_ID, USER_GRP_ID, USE_YN, REG_USER_ID, REG_DTM, UPD_USER_ID, UPD_DTM) VALUES ('in01865-cuid', 'GRPS_COM', 'Y', 'admin', CURRENT_TIMESTAMP, 'admin', CURRENT_TIMESTAMP);
INSERT INTO TB_BCM_USER_GRP_USER_MAP (USER_ID, USER_GRP_ID, USE_YN, REG_USER_ID, REG_DTM, UPD_USER_ID, UPD_DTM) VALUES ('in01866-cuid', 'GRPS_BASE', 'Y', 'admin', CURRENT_TIMESTAMP, 'admin', CURRENT_TIMESTAMP);
INSERT INTO TB_BCM_USER_GRP_USER_MAP (USER_ID, USER_GRP_ID, USE_YN, REG_USER_ID, REG_DTM, UPD_USER_ID, UPD_DTM) VALUES ('in01868-cuid', 'GRPS_BASE', 'Y', 'admin', CURRENT_TIMESTAMP, 'admin', CURRENT_TIMESTAMP);
INSERT INTO TB_BCM_USER_GRP_USER_MAP (USER_ID, USER_GRP_ID, USE_YN, REG_USER_ID, REG_DTM, UPD_USER_ID, UPD_DTM) VALUES ('in01869-cuid', 'GRPS_BASE', 'Y', 'admin', CURRENT_TIMESTAMP, 'admin', CURRENT_TIMESTAMP);
INSERT INTO TB_BCM_USER_GRP_USER_MAP (USER_ID, USER_GRP_ID, USE_YN, REG_USER_ID, REG_DTM, UPD_USER_ID, UPD_DTM) VALUES ('in01871-cuid', 'GRPS_BASE', 'Y', 'admin', CURRENT_TIMESTAMP, 'admin', CURRENT_TIMESTAMP);
INSERT INTO TB_BCM_USER_GRP_USER_MAP (USER_ID, USER_GRP_ID, USE_YN, REG_USER_ID, REG_DTM, UPD_USER_ID, UPD_DTM) VALUES ('in01876-cuid', 'GRPS_BASE', 'Y', 'admin', CURRENT_TIMESTAMP, 'admin', CURRENT_TIMESTAMP);
INSERT INTO TB_BCM_USER_GRP_USER_MAP (USER_ID, USER_GRP_ID, USE_YN, REG_USER_ID, REG_DTM, UPD_USER_ID, UPD_DTM) VALUES ('in01876-cuid', 'GRPS_DEV', 'Y', 'admin', CURRENT_TIMESTAMP, 'admin', CURRENT_TIMESTAMP);
INSERT INTO TB_BCM_USER_GRP_USER_MAP (USER_ID, USER_GRP_ID, USE_YN, REG_USER_ID, REG_DTM, UPD_USER_ID, UPD_DTM) VALUES ('in01876-cuid', 'GRPS_COM', 'Y', 'admin', CURRENT_TIMESTAMP, 'admin', CURRENT_TIMESTAMP);
INSERT INTO TB_BCM_USER_GRP_USER_MAP (USER_ID, USER_GRP_ID, USE_YN, REG_USER_ID, REG_DTM, UPD_USER_ID, UPD_DTM) VALUES ('in01943-cuid', 'GRPS_BASE', 'Y', 'admin', CURRENT_TIMESTAMP, 'admin', CURRENT_TIMESTAMP);
INSERT INTO TB_BCM_USER_GRP_USER_MAP (USER_ID, USER_GRP_ID, USE_YN, REG_USER_ID, REG_DTM, UPD_USER_ID, UPD_DTM) VALUES ('in01943-cuid', 'GRPS_DEV', 'Y', 'admin', CURRENT_TIMESTAMP, 'admin', CURRENT_TIMESTAMP);
INSERT INTO TB_BCM_USER_GRP_USER_MAP (USER_ID, USER_GRP_ID, USE_YN, REG_USER_ID, REG_DTM, UPD_USER_ID, UPD_DTM) VALUES ('in01943-cuid', 'GRPS_COM', 'Y', 'admin', CURRENT_TIMESTAMP, 'admin', CURRENT_TIMESTAMP);
INSERT INTO TB_BCM_USER_GRP_USER_MAP (USER_ID, USER_GRP_ID, USE_YN, REG_USER_ID, REG_DTM, UPD_USER_ID, UPD_DTM) VALUES ('in01976-cuid', 'GRPS_BASE', 'Y', 'admin', CURRENT_TIMESTAMP, 'admin', CURRENT_TIMESTAMP);
INSERT INTO TB_BCM_USER_GRP_USER_MAP (USER_ID, USER_GRP_ID, USE_YN, REG_USER_ID, REG_DTM, UPD_USER_ID, UPD_DTM) VALUES ('ia01536-cuid', 'GRPS_BASE', 'Y', 'admin', CURRENT_TIMESTAMP, 'admin', CURRENT_TIMESTAMP);
INSERT INTO TB_BCM_USER_GRP_USER_MAP (USER_ID, USER_GRP_ID, USE_YN, REG_USER_ID, REG_DTM, UPD_USER_ID, UPD_DTM) VALUES ('in01944-cuid', 'GRPS_BASE', 'Y', 'admin', CURRENT_TIMESTAMP, 'admin', CURRENT_TIMESTAMP);
/*INSERT INTO TB_BCM_USER_GRP_USER_MAP (USER_ID, USER_GRP_ID, USE_YN, REG_USER_ID, REG_DTM, UPD_USER_ID, UPD_DTM) VALUES ('in01945-cuid', 'GRPS_BASE', 'Y', 'admin', CURRENT_TIMESTAMP, 'admin', CURRENT_TIMESTAMP);*/

/* Article */
SET IDENTITY_INSERT TB_BCM_ARTICLE ON;

INSERT INTO TB_BCM_ARTICLE  (BOARD_ID, ARTICLE_ID ,ARTICLE_TITLE ,ARTICLE_TYP ,EMGC_YN ,HIT_CNT ,ARTICLE_CTNT ,ARTICLE_BEGIN_DT ,ARTICLE_END_DT ,USE_YN ,REG_DTM ,REG_USER_ID ,UPD_DTM ,UPD_USER_ID ) VALUES ('bbs1', 1 ,'게시글 1 1'  ,'HTML' ,'N' ,11 ,'게시글 내용 1 1' ,'20180901','99991231', 'Y', CURRENT_TIMESTAMP, 'admin',CURRENT_TIMESTAMP, 'admin');
INSERT INTO TB_BCM_ARTICLE  (BOARD_ID, ARTICLE_ID ,ARTICLE_TITLE ,ARTICLE_TYP ,EMGC_YN ,HIT_CNT ,ARTICLE_CTNT ,ARTICLE_BEGIN_DT ,ARTICLE_END_DT ,USE_YN ,REG_DTM ,REG_USER_ID ,UPD_DTM ,UPD_USER_ID ) VALUES ('bbs1', 2 ,'게시글 1 2'  ,'TEXT' ,'N' ,12 ,'게시글 내용 1 2' ,'20180901','99991231', 'Y', CURRENT_TIMESTAMP, 'admin',CURRENT_TIMESTAMP, 'admin');
INSERT INTO TB_BCM_ARTICLE  (BOARD_ID, ARTICLE_ID ,ARTICLE_TITLE ,ARTICLE_TYP ,EMGC_YN ,HIT_CNT ,ARTICLE_CTNT ,ARTICLE_BEGIN_DT ,ARTICLE_END_DT ,USE_YN ,REG_DTM ,REG_USER_ID ,UPD_DTM ,UPD_USER_ID ) VALUES ('bbs1', 3 ,'게시글 1 3'  ,'HTML' ,'Y' ,13 ,'게시글 내용 1 3' ,'20180901','99991231', 'Y', CURRENT_TIMESTAMP, 'admin',CURRENT_TIMESTAMP, 'admin');
INSERT INTO TB_BCM_ARTICLE  (BOARD_ID, ARTICLE_ID ,ARTICLE_TITLE ,ARTICLE_TYP ,EMGC_YN ,HIT_CNT ,ARTICLE_CTNT ,ARTICLE_BEGIN_DT ,ARTICLE_END_DT ,USE_YN ,REG_DTM ,REG_USER_ID ,UPD_DTM ,UPD_USER_ID ) VALUES ('bbs1', 4 ,'게시글 1 4'  ,'TEXT' ,'N' ,14 ,'게시글 내용 1 4' ,'20180901','99991231', 'Y', CURRENT_TIMESTAMP, 'admin',CURRENT_TIMESTAMP, 'admin');
INSERT INTO TB_BCM_ARTICLE  (BOARD_ID, ARTICLE_ID ,ARTICLE_TITLE ,ARTICLE_TYP ,EMGC_YN ,HIT_CNT ,ARTICLE_CTNT ,ARTICLE_BEGIN_DT ,ARTICLE_END_DT ,USE_YN ,REG_DTM ,REG_USER_ID ,UPD_DTM ,UPD_USER_ID ) VALUES ('bbs1', 5 ,'게시글 1 5'  ,'HTML' ,'N' ,15 ,'게시글 내용 1 5' ,'20180901','99991231', 'Y', CURRENT_TIMESTAMP, 'admin',CURRENT_TIMESTAMP, 'admin');
INSERT INTO TB_BCM_ARTICLE  (BOARD_ID, ARTICLE_ID ,ARTICLE_TITLE ,ARTICLE_TYP ,EMGC_YN ,HIT_CNT ,ARTICLE_CTNT ,ARTICLE_BEGIN_DT ,ARTICLE_END_DT ,USE_YN ,REG_DTM ,REG_USER_ID ,UPD_DTM ,UPD_USER_ID ) VALUES ('bbs1', 6 ,'게시글 1 6'  ,'TEXT' ,'N' ,16 ,'게시글 내용 1 6' ,'20180901','99991231', 'Y', CURRENT_TIMESTAMP, 'admin',CURRENT_TIMESTAMP, 'admin');
INSERT INTO TB_BCM_ARTICLE  (BOARD_ID, ARTICLE_ID ,ARTICLE_TITLE ,ARTICLE_TYP ,EMGC_YN ,HIT_CNT ,ARTICLE_CTNT ,ARTICLE_BEGIN_DT ,ARTICLE_END_DT ,USE_YN ,REG_DTM ,REG_USER_ID ,UPD_DTM ,UPD_USER_ID ) VALUES ('bbs1', 7 ,'게시글 1 7'  ,'HTML' ,'N' ,17 ,'게시글 내용 1 7' ,'20180901','99991231', 'Y', CURRENT_TIMESTAMP, 'admin',CURRENT_TIMESTAMP, 'admin');
INSERT INTO TB_BCM_ARTICLE  (BOARD_ID, ARTICLE_ID ,ARTICLE_TITLE ,ARTICLE_TYP ,EMGC_YN ,HIT_CNT ,ARTICLE_CTNT ,ARTICLE_BEGIN_DT ,ARTICLE_END_DT ,USE_YN ,REG_DTM ,REG_USER_ID ,UPD_DTM ,UPD_USER_ID ) VALUES ('bbs1', 8 ,'게시글 1 8'  ,'TEXT' ,'N' ,18 ,'게시글 내용 1 8' ,'20180901','99991231', 'Y', CURRENT_TIMESTAMP, 'admin',CURRENT_TIMESTAMP, 'admin');
INSERT INTO TB_BCM_ARTICLE  (BOARD_ID, ARTICLE_ID ,ARTICLE_TITLE ,ARTICLE_TYP ,EMGC_YN ,HIT_CNT ,ARTICLE_CTNT ,ARTICLE_BEGIN_DT ,ARTICLE_END_DT ,USE_YN ,REG_DTM ,REG_USER_ID ,UPD_DTM ,UPD_USER_ID ) VALUES ('bbs1', 9 ,'게시글 1 9'  ,'HTML' ,'N' ,19 ,'게시글 내용 1 9' ,'20180901','99991231', 'Y', CURRENT_TIMESTAMP, 'admin',CURRENT_TIMESTAMP, 'admin');
INSERT INTO TB_BCM_ARTICLE  (BOARD_ID, ARTICLE_ID ,ARTICLE_TITLE ,ARTICLE_TYP ,EMGC_YN ,HIT_CNT ,ARTICLE_CTNT ,ARTICLE_BEGIN_DT ,ARTICLE_END_DT ,USE_YN ,REG_DTM ,REG_USER_ID ,UPD_DTM ,UPD_USER_ID ) VALUES ('bbs1', 10,'게시글 1 10' ,'TEXT' ,'N' ,110,'게시글 내용 1 10','20180901','99991231', 'Y', CURRENT_TIMESTAMP, 'admin',CURRENT_TIMESTAMP, 'admin');
INSERT INTO TB_BCM_ARTICLE  (BOARD_ID, ARTICLE_ID ,ARTICLE_TITLE ,ARTICLE_TYP ,EMGC_YN ,HIT_CNT ,ARTICLE_CTNT ,ARTICLE_BEGIN_DT ,ARTICLE_END_DT ,USE_YN ,REG_DTM ,REG_USER_ID ,UPD_DTM ,UPD_USER_ID ) VALUES ('bbs1', 11,'게시글 1 11' ,'HTML' ,'N' ,111,'게시글 내용 1 11','20180901','99991231', 'Y', CURRENT_TIMESTAMP, 'admin',CURRENT_TIMESTAMP, 'admin');
INSERT INTO TB_BCM_ARTICLE  (BOARD_ID, ARTICLE_ID ,ARTICLE_TITLE ,ARTICLE_TYP ,EMGC_YN ,HIT_CNT ,ARTICLE_CTNT ,ARTICLE_BEGIN_DT ,ARTICLE_END_DT ,USE_YN ,REG_DTM ,REG_USER_ID ,UPD_DTM ,UPD_USER_ID ) VALUES ('bbs1', 12,'게시글 1 12' ,'TEXT' ,'N' ,112,'게시글 내용 1 12','20180901','99991231', 'Y', CURRENT_TIMESTAMP, 'admin',CURRENT_TIMESTAMP, 'admin');
INSERT INTO TB_BCM_ARTICLE  (BOARD_ID, ARTICLE_ID ,ARTICLE_TITLE ,ARTICLE_TYP ,EMGC_YN ,HIT_CNT ,ARTICLE_CTNT ,ARTICLE_BEGIN_DT ,ARTICLE_END_DT ,USE_YN ,REG_DTM ,REG_USER_ID ,UPD_DTM ,UPD_USER_ID ) VALUES ('bbs1', 13,'게시글 1 13' ,'HTML' ,'N' ,113,'게시글 내용 1 13','20180901','99991231', 'Y', CURRENT_TIMESTAMP, 'admin',CURRENT_TIMESTAMP, 'admin');
INSERT INTO TB_BCM_ARTICLE  (BOARD_ID, ARTICLE_ID ,ARTICLE_TITLE ,ARTICLE_TYP ,EMGC_YN ,HIT_CNT ,ARTICLE_CTNT ,ARTICLE_BEGIN_DT ,ARTICLE_END_DT ,USE_YN ,REG_DTM ,REG_USER_ID ,UPD_DTM ,UPD_USER_ID ) VALUES ('bbs1', 14,'게시글 1 14' ,'TEXT' ,'N' ,114,'게시글 내용 1 14','20180901','99991231', 'Y', CURRENT_TIMESTAMP, 'admin',CURRENT_TIMESTAMP, 'admin');
INSERT INTO TB_BCM_ARTICLE  (BOARD_ID, ARTICLE_ID ,ARTICLE_TITLE ,ARTICLE_TYP ,EMGC_YN ,HIT_CNT ,ARTICLE_CTNT ,ARTICLE_BEGIN_DT ,ARTICLE_END_DT ,USE_YN ,REG_DTM ,REG_USER_ID ,UPD_DTM ,UPD_USER_ID ) VALUES ('bbs1', 15,'게시글 1 15' ,'HTML' ,'N' ,115,'게시글 내용 1 15','20180901','99991231', 'Y', CURRENT_TIMESTAMP, 'admin',CURRENT_TIMESTAMP, 'admin');
INSERT INTO TB_BCM_ARTICLE  (BOARD_ID, ARTICLE_ID ,ARTICLE_TITLE ,ARTICLE_TYP ,EMGC_YN ,HIT_CNT ,ARTICLE_CTNT ,ARTICLE_BEGIN_DT ,ARTICLE_END_DT ,USE_YN ,REG_DTM ,REG_USER_ID ,UPD_DTM ,UPD_USER_ID ) VALUES ('bbs1', 16,'게시글 1 16' ,'TEXT' ,'N' ,116,'게시글 내용 1 16','20180901','99991231', 'Y', CURRENT_TIMESTAMP, 'admin',CURRENT_TIMESTAMP, 'admin');
INSERT INTO TB_BCM_ARTICLE  (BOARD_ID, ARTICLE_ID ,ARTICLE_TITLE ,ARTICLE_TYP ,EMGC_YN ,HIT_CNT ,ARTICLE_CTNT ,ARTICLE_BEGIN_DT ,ARTICLE_END_DT ,USE_YN ,REG_DTM ,REG_USER_ID ,UPD_DTM ,UPD_USER_ID ) VALUES ('bbs1', 17,'게시글 1 17' ,'HTML' ,'Y' ,117,'게시글 내용 1 17','20180901','99991231', 'Y', CURRENT_TIMESTAMP, 'admin',CURRENT_TIMESTAMP, 'admin');
INSERT INTO TB_BCM_ARTICLE  (BOARD_ID, ARTICLE_ID ,ARTICLE_TITLE ,ARTICLE_TYP ,EMGC_YN ,HIT_CNT ,ARTICLE_CTNT ,ARTICLE_BEGIN_DT ,ARTICLE_END_DT ,USE_YN ,REG_DTM ,REG_USER_ID ,UPD_DTM ,UPD_USER_ID ) VALUES ('bbs1', 18,'게시글 1 18' ,'TEXT' ,'Y' ,118,'게시글 내용 1 18','20180901','99991231', 'Y', CURRENT_TIMESTAMP, 'admin',CURRENT_TIMESTAMP, 'admin');

INSERT INTO TB_BCM_ARTICLE  (BOARD_ID, ARTICLE_ID ,ARTICLE_TITLE ,ARTICLE_TYP ,EMGC_YN ,HIT_CNT ,ARTICLE_CTNT ,ARTICLE_BEGIN_DT ,ARTICLE_END_DT ,USE_YN ,REG_DTM ,REG_USER_ID ,UPD_DTM ,UPD_USER_ID ) VALUES ('bbs2', 21 ,'게시글 2 1'  ,'HTML' ,'N' ,11 ,'게시글 내용 2 1' ,'20180901','99991231', 'Y', CURRENT_TIMESTAMP, 'admin',CURRENT_TIMESTAMP, 'admin');
INSERT INTO TB_BCM_ARTICLE  (BOARD_ID, ARTICLE_ID ,ARTICLE_TITLE ,ARTICLE_TYP ,EMGC_YN ,HIT_CNT ,ARTICLE_CTNT ,ARTICLE_BEGIN_DT ,ARTICLE_END_DT ,USE_YN ,REG_DTM ,REG_USER_ID ,UPD_DTM ,UPD_USER_ID ) VALUES ('bbs2', 22 ,'게시글 2 2'  ,'TEXT' ,'N' ,12 ,'게시글 내용 2 2' ,'20180901','99991231', 'Y', CURRENT_TIMESTAMP, 'admin',CURRENT_TIMESTAMP, 'admin');
INSERT INTO TB_BCM_ARTICLE  (BOARD_ID, ARTICLE_ID ,ARTICLE_TITLE ,ARTICLE_TYP ,EMGC_YN ,HIT_CNT ,ARTICLE_CTNT ,ARTICLE_BEGIN_DT ,ARTICLE_END_DT ,USE_YN ,REG_DTM ,REG_USER_ID ,UPD_DTM ,UPD_USER_ID ) VALUES ('bbs2', 23 ,'게시글 2 3'  ,'HTML' ,'Y' ,13 ,'게시글 내용 2 3' ,'20180901','99991231', 'Y', CURRENT_TIMESTAMP, 'admin',CURRENT_TIMESTAMP, 'admin');
INSERT INTO TB_BCM_ARTICLE  (BOARD_ID, ARTICLE_ID ,ARTICLE_TITLE ,ARTICLE_TYP ,EMGC_YN ,HIT_CNT ,ARTICLE_CTNT ,ARTICLE_BEGIN_DT ,ARTICLE_END_DT ,USE_YN ,REG_DTM ,REG_USER_ID ,UPD_DTM ,UPD_USER_ID ) VALUES ('bbs2', 24 ,'게시글 2 4'  ,'TEXT' ,'N' ,14 ,'게시글 내용 2 4' ,'20180901','99991231', 'Y', CURRENT_TIMESTAMP, 'admin',CURRENT_TIMESTAMP, 'admin');
INSERT INTO TB_BCM_ARTICLE  (BOARD_ID, ARTICLE_ID ,ARTICLE_TITLE ,ARTICLE_TYP ,EMGC_YN ,HIT_CNT ,ARTICLE_CTNT ,ARTICLE_BEGIN_DT ,ARTICLE_END_DT ,USE_YN ,REG_DTM ,REG_USER_ID ,UPD_DTM ,UPD_USER_ID ) VALUES ('bbs2', 25 ,'게시글 2 5'  ,'HTML' ,'N' ,15 ,'게시글 내용 2 5' ,'20180901','99991231', 'Y', CURRENT_TIMESTAMP, 'admin',CURRENT_TIMESTAMP, 'admin');
INSERT INTO TB_BCM_ARTICLE  (BOARD_ID, ARTICLE_ID ,ARTICLE_TITLE ,ARTICLE_TYP ,EMGC_YN ,HIT_CNT ,ARTICLE_CTNT ,ARTICLE_BEGIN_DT ,ARTICLE_END_DT ,USE_YN ,REG_DTM ,REG_USER_ID ,UPD_DTM ,UPD_USER_ID ) VALUES ('bbs2', 26 ,'게시글 2 6'  ,'TEXT' ,'N' ,16 ,'게시글 내용 2 6' ,'20180901','99991231', 'Y', CURRENT_TIMESTAMP, 'admin',CURRENT_TIMESTAMP, 'admin');
INSERT INTO TB_BCM_ARTICLE  (BOARD_ID, ARTICLE_ID ,ARTICLE_TITLE ,ARTICLE_TYP ,EMGC_YN ,HIT_CNT ,ARTICLE_CTNT ,ARTICLE_BEGIN_DT ,ARTICLE_END_DT ,USE_YN ,REG_DTM ,REG_USER_ID ,UPD_DTM ,UPD_USER_ID ) VALUES ('bbs2', 27 ,'게시글 2 7'  ,'HTML' ,'N' ,17 ,'게시글 내용 2 7' ,'20180901','99991231', 'Y', CURRENT_TIMESTAMP, 'admin',CURRENT_TIMESTAMP, 'admin');
INSERT INTO TB_BCM_ARTICLE  (BOARD_ID, ARTICLE_ID ,ARTICLE_TITLE ,ARTICLE_TYP ,EMGC_YN ,HIT_CNT ,ARTICLE_CTNT ,ARTICLE_BEGIN_DT ,ARTICLE_END_DT ,USE_YN ,REG_DTM ,REG_USER_ID ,UPD_DTM ,UPD_USER_ID ) VALUES ('bbs2', 28 ,'게시글 2 8'  ,'TEXT' ,'N' ,18 ,'게시글 내용 2 8' ,'20180901','99991231', 'Y', CURRENT_TIMESTAMP, 'admin',CURRENT_TIMESTAMP, 'admin');
INSERT INTO TB_BCM_ARTICLE  (BOARD_ID, ARTICLE_ID ,ARTICLE_TITLE ,ARTICLE_TYP ,EMGC_YN ,HIT_CNT ,ARTICLE_CTNT ,ARTICLE_BEGIN_DT ,ARTICLE_END_DT ,USE_YN ,REG_DTM ,REG_USER_ID ,UPD_DTM ,UPD_USER_ID ) VALUES ('bbs2', 29 ,'게시글 2 9'  ,'HTML' ,'N' ,19 ,'게시글 내용 2 9' ,'20180901','99991231', 'Y', CURRENT_TIMESTAMP, 'admin',CURRENT_TIMESTAMP, 'admin');
INSERT INTO TB_BCM_ARTICLE  (BOARD_ID, ARTICLE_ID ,ARTICLE_TITLE ,ARTICLE_TYP ,EMGC_YN ,HIT_CNT ,ARTICLE_CTNT ,ARTICLE_BEGIN_DT ,ARTICLE_END_DT ,USE_YN ,REG_DTM ,REG_USER_ID ,UPD_DTM ,UPD_USER_ID ) VALUES ('bbs2', 30 ,'게시글 2 10' ,'TEXT' ,'N' ,110,'게시글 내용 2 10','20180901','99991231', 'Y', CURRENT_TIMESTAMP, 'admin',CURRENT_TIMESTAMP, 'admin');
INSERT INTO TB_BCM_ARTICLE  (BOARD_ID, ARTICLE_ID ,ARTICLE_TITLE ,ARTICLE_TYP ,EMGC_YN ,HIT_CNT ,ARTICLE_CTNT ,ARTICLE_BEGIN_DT ,ARTICLE_END_DT ,USE_YN ,REG_DTM ,REG_USER_ID ,UPD_DTM ,UPD_USER_ID ) VALUES ('bbs2', 31 ,'게시글 2 11' ,'HTML' ,'N' ,111,'게시글 내용 2 11','20180901','99991231', 'Y', CURRENT_TIMESTAMP, 'admin',CURRENT_TIMESTAMP, 'admin');
INSERT INTO TB_BCM_ARTICLE  (BOARD_ID, ARTICLE_ID ,ARTICLE_TITLE ,ARTICLE_TYP ,EMGC_YN ,HIT_CNT ,ARTICLE_CTNT ,ARTICLE_BEGIN_DT ,ARTICLE_END_DT ,USE_YN ,REG_DTM ,REG_USER_ID ,UPD_DTM ,UPD_USER_ID ) VALUES ('bbs2', 32 ,'게시글 2 12' ,'TEXT' ,'N' ,112,'게시글 내용 2 12','20180901','99991231', 'Y', CURRENT_TIMESTAMP, 'admin',CURRENT_TIMESTAMP, 'admin');
INSERT INTO TB_BCM_ARTICLE  (BOARD_ID, ARTICLE_ID ,ARTICLE_TITLE ,ARTICLE_TYP ,EMGC_YN ,HIT_CNT ,ARTICLE_CTNT ,ARTICLE_BEGIN_DT ,ARTICLE_END_DT ,USE_YN ,REG_DTM ,REG_USER_ID ,UPD_DTM ,UPD_USER_ID ) VALUES ('bbs2', 33 ,'게시글 2 13' ,'HTML' ,'N' ,113,'게시글 내용 2 13','20180901','99991231', 'Y', CURRENT_TIMESTAMP, 'admin',CURRENT_TIMESTAMP, 'admin');
INSERT INTO TB_BCM_ARTICLE  (BOARD_ID, ARTICLE_ID ,ARTICLE_TITLE ,ARTICLE_TYP ,EMGC_YN ,HIT_CNT ,ARTICLE_CTNT ,ARTICLE_BEGIN_DT ,ARTICLE_END_DT ,USE_YN ,REG_DTM ,REG_USER_ID ,UPD_DTM ,UPD_USER_ID ) VALUES ('bbs2', 34 ,'게시글 2 14' ,'TEXT' ,'N' ,114,'게시글 내용 2 14','20180901','99991231', 'Y', CURRENT_TIMESTAMP, 'admin',CURRENT_TIMESTAMP, 'admin');
INSERT INTO TB_BCM_ARTICLE  (BOARD_ID, ARTICLE_ID ,ARTICLE_TITLE ,ARTICLE_TYP ,EMGC_YN ,HIT_CNT ,ARTICLE_CTNT ,ARTICLE_BEGIN_DT ,ARTICLE_END_DT ,USE_YN ,REG_DTM ,REG_USER_ID ,UPD_DTM ,UPD_USER_ID ) VALUES ('bbs2', 35 ,'게시글 2 15' ,'HTML' ,'N' ,115,'게시글 내용 2 15','20180901','99991231', 'Y', CURRENT_TIMESTAMP, 'admin',CURRENT_TIMESTAMP, 'admin');
INSERT INTO TB_BCM_ARTICLE  (BOARD_ID, ARTICLE_ID ,ARTICLE_TITLE ,ARTICLE_TYP ,EMGC_YN ,HIT_CNT ,ARTICLE_CTNT ,ARTICLE_BEGIN_DT ,ARTICLE_END_DT ,USE_YN ,REG_DTM ,REG_USER_ID ,UPD_DTM ,UPD_USER_ID ) VALUES ('bbs2', 36 ,'게시글 2 16' ,'TEXT' ,'N' ,116,'게시글 내용 2 16','20180901','99991231', 'Y', CURRENT_TIMESTAMP, 'admin',CURRENT_TIMESTAMP, 'admin');
INSERT INTO TB_BCM_ARTICLE  (BOARD_ID, ARTICLE_ID ,ARTICLE_TITLE ,ARTICLE_TYP ,EMGC_YN ,HIT_CNT ,ARTICLE_CTNT ,ARTICLE_BEGIN_DT ,ARTICLE_END_DT ,USE_YN ,REG_DTM ,REG_USER_ID ,UPD_DTM ,UPD_USER_ID ) VALUES ('bbs2', 37 ,'게시글 2 17' ,'HTML' ,'Y' ,117,'게시글 내용 2 17','20180901','99991231', 'Y', CURRENT_TIMESTAMP, 'admin',CURRENT_TIMESTAMP, 'admin');
INSERT INTO TB_BCM_ARTICLE  (BOARD_ID, ARTICLE_ID ,ARTICLE_TITLE ,ARTICLE_TYP ,EMGC_YN ,HIT_CNT ,ARTICLE_CTNT ,ARTICLE_BEGIN_DT ,ARTICLE_END_DT ,USE_YN ,REG_DTM ,REG_USER_ID ,UPD_DTM ,UPD_USER_ID ) VALUES ('bbs2', 38 ,'게시글 2 18' ,'TEXT' ,'Y' ,118,'게시글 내용 2 18','20180901','99991231', 'Y', CURRENT_TIMESTAMP, 'admin',CURRENT_TIMESTAMP, 'admin');

SET IDENTITY_INSERT TB_BCM_ARTICLE OFF;

/* COMMENT */
SET IDENTITY_INSERT TB_BCM_COMMENT ON;

INSERT INTO TB_BCM_COMMENT  (COMMENT_ID ,ARTICLE_ID ,COMMENT_CTNT ,USE_YN ,REG_DTM ,REG_USER_ID ,UPD_DTM ,UPD_USER_ID) VALUES (1,18,'COMMENT_CTNT 18 1','Y' ,CURRENT_TIMESTAMP, 'admin',CURRENT_TIMESTAMP, 'admin');
INSERT INTO TB_BCM_COMMENT  (COMMENT_ID ,ARTICLE_ID ,COMMENT_CTNT ,USE_YN ,REG_DTM ,REG_USER_ID ,UPD_DTM ,UPD_USER_ID) VALUES (2,18,'COMMENT_CTNT 18 2','Y' ,CURRENT_TIMESTAMP, 'admin',CURRENT_TIMESTAMP, 'admin');
INSERT INTO TB_BCM_COMMENT  (COMMENT_ID ,ARTICLE_ID ,COMMENT_CTNT ,USE_YN ,REG_DTM ,REG_USER_ID ,UPD_DTM ,UPD_USER_ID) VALUES (3,18,'COMMENT_CTNT 18 3','Y' ,CURRENT_TIMESTAMP, 'admin',CURRENT_TIMESTAMP, 'admin');
INSERT INTO TB_BCM_COMMENT  (COMMENT_ID ,ARTICLE_ID ,COMMENT_CTNT ,USE_YN ,REG_DTM ,REG_USER_ID ,UPD_DTM ,UPD_USER_ID) VALUES (4,16,'COMMENT_CTNT 16 1','Y' ,CURRENT_TIMESTAMP, 'admin',CURRENT_TIMESTAMP, 'admin');
INSERT INTO TB_BCM_COMMENT  (COMMENT_ID ,ARTICLE_ID ,COMMENT_CTNT ,USE_YN ,REG_DTM ,REG_USER_ID ,UPD_DTM ,UPD_USER_ID) VALUES (5,16,'COMMENT_CTNT 16 2','Y' ,CURRENT_TIMESTAMP, 'admin',CURRENT_TIMESTAMP, 'admin');

SET IDENTITY_INSERT TB_BCM_COMMENT OFF;

/* Message */
INSERT INTO TB_BCM_MSG(MSG_KEY, MSG_NM1, MSG_NM2, MSG_NM3, TARGET, USE_YN) VALUES ('bcm.common.save', '저장', 'Save', null, 'COMMON', 'Y');
INSERT INTO TB_BCM_MSG(MSG_KEY, MSG_NM1, MSG_NM2, MSG_NM3, TARGET, USE_YN) VALUES ('bcm.common.cancel', '취소', 'Cancel', null, 'COMMON', 'Y');
INSERT INTO TB_BCM_MSG(MSG_KEY, MSG_NM1, MSG_NM2, MSG_NM3, TARGET, USE_YN) VALUES ('bcm.common.confirm', '확인', 'Confirm', null, 'COMMON', 'Y');

