
/* USER */
INSERT INTO TB_BCM_USER (USER_ID, LOGIN_ID, USER_NM, COMP_CD, PWD, TEL_NO, MOBILE_NO, EMAIL_ADDR, FIRST_LOGIN_YN, REGULAR_YN, SSO_YN, GW_IF_YN, DEPT_NM, POSITION_NM, LOGIN_FAIL_CNT, LAST_PWD_CHG_DTM, USE_YN, REG_USER_ID, REG_DTM, UPD_USER_ID, UPD_DTM) VALUES ('sungnam-cuid-1', 'core279-1', '김성남', 'H10', '!1q2w3e4r', '028023310', '01099050358', 'core279@bliex.com', 'N', 'Y', 'N', 'N', '개발팀', '과장', '0', CURRENT_TIMESTAMP, 'Y', 'admin', CURRENT_TIMESTAMP, 'admin', CURRENT_TIMESTAMP);
INSERT INTO TB_BCM_USER (USER_ID, LOGIN_ID, USER_NM, COMP_CD, PWD, TEL_NO, MOBILE_NO, EMAIL_ADDR, FIRST_LOGIN_YN, REGULAR_YN, SSO_YN, GW_IF_YN, DEPT_NM, POSITION_NM, LOGIN_FAIL_CNT, LAST_PWD_CHG_DTM, USE_YN, REG_USER_ID, REG_DTM, UPD_USER_ID, UPD_DTM) VALUES ('hyunji-cuid-1', 'hyunji-1', '손현지', 'H10', '!1q2w3e4r', '028023310', '01099050358', 'core279@bliex.com', 'N', 'Y', 'N', 'N', '개발팀', '과장', '0', CURRENT_TIMESTAMP, 'Y', 'admin', CURRENT_TIMESTAMP, 'admin', CURRENT_TIMESTAMP);
INSERT INTO TB_BCM_USER (USER_ID, LOGIN_ID, USER_NM, COMP_CD, PWD, TEL_NO, MOBILE_NO, EMAIL_ADDR, FIRST_LOGIN_YN, REGULAR_YN, SSO_YN, GW_IF_YN, DEPT_NM, POSITION_NM, LOGIN_FAIL_CNT, LAST_PWD_CHG_DTM, USE_YN, REG_USER_ID, REG_DTM, UPD_USER_ID, UPD_DTM) VALUES ('sunghyun-cuid-1', 'sunghyun-1', '임승현', 'H10', '!1q2w3e4r', '028023310', '01099050358', 'core279@bliex.com', 'N', 'Y', 'N', 'N', '개발팀', '과장', '0', CURRENT_TIMESTAMP, 'Y', 'admin', CURRENT_TIMESTAMP, 'admin', CURRENT_TIMESTAMP);
INSERT INTO TB_BCM_USER (USER_ID, LOGIN_ID, USER_NM, COMP_CD, PWD, TEL_NO, MOBILE_NO, EMAIL_ADDR, FIRST_LOGIN_YN, REGULAR_YN, SSO_YN, GW_IF_YN, DEPT_NM, POSITION_NM, LOGIN_FAIL_CNT, LAST_PWD_CHG_DTM, USE_YN, REG_USER_ID, REG_DTM, UPD_USER_ID, UPD_DTM) VALUES ('jaeha-cuid-1', 'jaeha-1', '박재하', 'H10', '!1q2w3e4r', '028023310', '01099050358', 'core279@bliex.com', 'N', 'Y', 'N', 'N', '개발팀', '과장', '0', CURRENT_TIMESTAMP, 'Y', 'admin', CURRENT_TIMESTAMP, 'admin', CURRENT_TIMESTAMP);
INSERT INTO TB_BCM_USER (USER_ID, LOGIN_ID, USER_NM, COMP_CD, PWD, TEL_NO, MOBILE_NO, EMAIL_ADDR, FIRST_LOGIN_YN, REGULAR_YN, SSO_YN, GW_IF_YN, DEPT_NM, POSITION_NM, LOGIN_FAIL_CNT, LAST_PWD_CHG_DTM, USE_YN, REG_USER_ID, REG_DTM, UPD_USER_ID, UPD_DTM) VALUES ('minsik-cuid-1', 'minsik-1', '최민식', 'H10', '!1q2w3e4r', '028023310', '01099050358', 'core279@bliex.com', 'N', 'Y', 'N', 'N', '개발팀', '과장', '0', CURRENT_TIMESTAMP, 'Y', 'admin', CURRENT_TIMESTAMP, 'admin', CURRENT_TIMESTAMP);

INSERT INTO TB_BCM_USER (USER_ID, LOGIN_ID, USER_NM, COMP_CD, PWD, TEL_NO, MOBILE_NO, EMAIL_ADDR, FIRST_LOGIN_YN, REGULAR_YN, SSO_YN, GW_IF_YN, DEPT_NM, POSITION_NM, LOGIN_FAIL_CNT, LAST_PWD_CHG_DTM, USE_YN, REG_USER_ID, REG_DTM, UPD_USER_ID, UPD_DTM) VALUES ('sungnam-cuid-2', 'core279-2', '김성남', 'H13', '!1q2w3e4r', '028023310', '01099050358', 'core279@bliex.com', 'N', 'Y', 'N', 'N', '개발팀', '과장', '0', CURRENT_TIMESTAMP, 'Y', 'admin', CURRENT_TIMESTAMP, 'admin', CURRENT_TIMESTAMP);
INSERT INTO TB_BCM_USER (USER_ID, LOGIN_ID, USER_NM, COMP_CD, PWD, TEL_NO, MOBILE_NO, EMAIL_ADDR, FIRST_LOGIN_YN, REGULAR_YN, SSO_YN, GW_IF_YN, DEPT_NM, POSITION_NM, LOGIN_FAIL_CNT, LAST_PWD_CHG_DTM, USE_YN, REG_USER_ID, REG_DTM, UPD_USER_ID, UPD_DTM) VALUES ('hyunji-cuid-2', 'hyunji-2', '손현지', 'H13', '!1q2w3e4r', '028023310', '01099050358', 'core279@bliex.com', 'N', 'Y', 'N', 'N', '개발팀', '과장', '0', CURRENT_TIMESTAMP, 'Y', 'admin', CURRENT_TIMESTAMP, 'admin', CURRENT_TIMESTAMP);
INSERT INTO TB_BCM_USER (USER_ID, LOGIN_ID, USER_NM, COMP_CD, PWD, TEL_NO, MOBILE_NO, EMAIL_ADDR, FIRST_LOGIN_YN, REGULAR_YN, SSO_YN, GW_IF_YN, DEPT_NM, POSITION_NM, LOGIN_FAIL_CNT, LAST_PWD_CHG_DTM, USE_YN, REG_USER_ID, REG_DTM, UPD_USER_ID, UPD_DTM) VALUES ('sunghyun-cuid-2', 'sunghyun-2', '임승현', 'H13', '!1q2w3e4r', '028023310', '01099050358', 'core279@bliex.com', 'N', 'Y', 'N', 'N', '개발팀', '과장', '0', CURRENT_TIMESTAMP, 'Y', 'admin', CURRENT_TIMESTAMP, 'admin', CURRENT_TIMESTAMP);
INSERT INTO TB_BCM_USER (USER_ID, LOGIN_ID, USER_NM, COMP_CD, PWD, TEL_NO, MOBILE_NO, EMAIL_ADDR, FIRST_LOGIN_YN, REGULAR_YN, SSO_YN, GW_IF_YN, DEPT_NM, POSITION_NM, LOGIN_FAIL_CNT, LAST_PWD_CHG_DTM, USE_YN, REG_USER_ID, REG_DTM, UPD_USER_ID, UPD_DTM) VALUES ('jaeha-cuid-2', 'jaeha-2', '박재하', 'H13', '!1q2w3e4r', '028023310', '01099050358', 'core279@bliex.com', 'N', 'Y', 'N', 'N', '개발팀', '과장', '0', CURRENT_TIMESTAMP, 'Y', 'admin', CURRENT_TIMESTAMP, 'admin', CURRENT_TIMESTAMP);
INSERT INTO TB_BCM_USER (USER_ID, LOGIN_ID, USER_NM, COMP_CD, PWD, TEL_NO, MOBILE_NO, EMAIL_ADDR, FIRST_LOGIN_YN, REGULAR_YN, SSO_YN, GW_IF_YN, DEPT_NM, POSITION_NM, LOGIN_FAIL_CNT, LAST_PWD_CHG_DTM, USE_YN, REG_USER_ID, REG_DTM, UPD_USER_ID, UPD_DTM) VALUES ('minsik-cuid-2', 'minsik-2', '박재하', 'H13', '!1q2w3e4r', '028023310', '01099050358', 'core279@bliex.com', 'N', 'Y', 'N', 'N', '개발팀', '과장', '0', CURRENT_TIMESTAMP, 'Y', 'admin', CURRENT_TIMESTAMP, 'admin', CURRENT_TIMESTAMP);

INSERT INTO TB_BCM_USER (USER_ID, LOGIN_ID, USER_NM, COMP_CD, PWD, TEL_NO, MOBILE_NO, EMAIL_ADDR, FIRST_LOGIN_YN, REGULAR_YN, SSO_YN, GW_IF_YN, DEPT_NM, POSITION_NM, LOGIN_FAIL_CNT, LAST_PWD_CHG_DTM, USE_YN, REG_USER_ID, REG_DTM, UPD_USER_ID, UPD_DTM) VALUES ('sungnam-cuid-3', 'core279-3', '김성남', 'H17', '!1q2w3e4r', '028023310', '01099050358', 'core279@bliex.com', 'N', 'Y', 'N', 'N', '개발팀', '과장', '0', CURRENT_TIMESTAMP, 'Y', 'admin', CURRENT_TIMESTAMP, 'admin', CURRENT_TIMESTAMP);
INSERT INTO TB_BCM_USER (USER_ID, LOGIN_ID, USER_NM, COMP_CD, PWD, TEL_NO, MOBILE_NO, EMAIL_ADDR, FIRST_LOGIN_YN, REGULAR_YN, SSO_YN, GW_IF_YN, DEPT_NM, POSITION_NM, LOGIN_FAIL_CNT, LAST_PWD_CHG_DTM, USE_YN, REG_USER_ID, REG_DTM, UPD_USER_ID, UPD_DTM) VALUES ('hyunji-cuid-3', 'hyunji-3', '손현지', 'H17', '!1q2w3e4r', '028023310', '01099050358', 'core279@bliex.com', 'N', 'Y', 'N', 'N', '개발팀', '과장', '0', CURRENT_TIMESTAMP, 'Y', 'admin', CURRENT_TIMESTAMP, 'admin', CURRENT_TIMESTAMP);
INSERT INTO TB_BCM_USER (USER_ID, LOGIN_ID, USER_NM, COMP_CD, PWD, TEL_NO, MOBILE_NO, EMAIL_ADDR, FIRST_LOGIN_YN, REGULAR_YN, SSO_YN, GW_IF_YN, DEPT_NM, POSITION_NM, LOGIN_FAIL_CNT, LAST_PWD_CHG_DTM, USE_YN, REG_USER_ID, REG_DTM, UPD_USER_ID, UPD_DTM) VALUES ('sunghyun-cuid-3', 'sunghyun-3', '임승현', 'H17', '!1q2w3e4r', '028023310', '01099050358', 'core279@bliex.com', 'N', 'Y', 'N', 'N', '개발팀', '과장', '0', CURRENT_TIMESTAMP, 'Y', 'admin', CURRENT_TIMESTAMP, 'admin', CURRENT_TIMESTAMP);
INSERT INTO TB_BCM_USER (USER_ID, LOGIN_ID, USER_NM, COMP_CD, PWD, TEL_NO, MOBILE_NO, EMAIL_ADDR, FIRST_LOGIN_YN, REGULAR_YN, SSO_YN, GW_IF_YN, DEPT_NM, POSITION_NM, LOGIN_FAIL_CNT, LAST_PWD_CHG_DTM, USE_YN, REG_USER_ID, REG_DTM, UPD_USER_ID, UPD_DTM) VALUES ('jaeha-cuid-3', 'jaeha-3', '박재하', 'H17', '!1q2w3e4r', '028023310', '01099050358', 'core279@bliex.com', 'N', 'Y', 'N', 'N', '개발팀', '과장', '0', CURRENT_TIMESTAMP, 'Y', 'admin', CURRENT_TIMESTAMP, 'admin', CURRENT_TIMESTAMP);
INSERT INTO TB_BCM_USER (USER_ID, LOGIN_ID, USER_NM, COMP_CD, PWD, TEL_NO, MOBILE_NO, EMAIL_ADDR, FIRST_LOGIN_YN, REGULAR_YN, SSO_YN, GW_IF_YN, DEPT_NM, POSITION_NM, LOGIN_FAIL_CNT, LAST_PWD_CHG_DTM, USE_YN, REG_USER_ID, REG_DTM, UPD_USER_ID, UPD_DTM) VALUES ('minsik-cuid-3', 'minsik-3', '박재하', 'H17', '!1q2w3e4r', '028023310', '01099050358', 'core279@bliex.com', 'N', 'Y', 'N', 'N', '개발팀', '과장', '0', CURRENT_TIMESTAMP, 'Y', 'admin', CURRENT_TIMESTAMP, 'admin', CURRENT_TIMESTAMP);

INSERT INTO TB_BCM_USER (USER_ID, LOGIN_ID, USER_NM, COMP_CD, PWD, TEL_NO, MOBILE_NO, EMAIL_ADDR, FIRST_LOGIN_YN, REGULAR_YN, SSO_YN, GW_IF_YN, DEPT_NM, POSITION_NM, LOGIN_FAIL_CNT, LAST_PWD_CHG_DTM, USE_YN, REG_USER_ID, REG_DTM, UPD_USER_ID, UPD_DTM) VALUES ('sungnam-cuid-4', 'core279-4', '김성남', 'H40', '!1q2w3e4r', '028023310', '01099050358', 'core279@bliex.com', 'N', 'Y', 'N', 'N', '개발팀', '과장', '0', CURRENT_TIMESTAMP, 'Y', 'admin', CURRENT_TIMESTAMP, 'admin', CURRENT_TIMESTAMP);
INSERT INTO TB_BCM_USER (USER_ID, LOGIN_ID, USER_NM, COMP_CD, PWD, TEL_NO, MOBILE_NO, EMAIL_ADDR, FIRST_LOGIN_YN, REGULAR_YN, SSO_YN, GW_IF_YN, DEPT_NM, POSITION_NM, LOGIN_FAIL_CNT, LAST_PWD_CHG_DTM, USE_YN, REG_USER_ID, REG_DTM, UPD_USER_ID, UPD_DTM) VALUES ('hyunji-cuid-4', 'hyunji-4', '손현지', 'H40', '!1q2w3e4r', '028023310', '01099050358', 'core279@bliex.com', 'N', 'Y', 'N', 'N', '개발팀', '과장', '0', CURRENT_TIMESTAMP, 'Y', 'admin', CURRENT_TIMESTAMP, 'admin', CURRENT_TIMESTAMP);
INSERT INTO TB_BCM_USER (USER_ID, LOGIN_ID, USER_NM, COMP_CD, PWD, TEL_NO, MOBILE_NO, EMAIL_ADDR, FIRST_LOGIN_YN, REGULAR_YN, SSO_YN, GW_IF_YN, DEPT_NM, POSITION_NM, LOGIN_FAIL_CNT, LAST_PWD_CHG_DTM, USE_YN, REG_USER_ID, REG_DTM, UPD_USER_ID, UPD_DTM) VALUES ('sunghyun-cuid-4', 'sunghyun-4', '임승현', 'H40', '!1q2w3e4r', '028023310', '01099050358', 'core279@bliex.com', 'N', 'Y', 'N', 'N', '개발팀', '과장', '0', CURRENT_TIMESTAMP, 'Y', 'admin', CURRENT_TIMESTAMP, 'admin', CURRENT_TIMESTAMP);
INSERT INTO TB_BCM_USER (USER_ID, LOGIN_ID, USER_NM, COMP_CD, PWD, TEL_NO, MOBILE_NO, EMAIL_ADDR, FIRST_LOGIN_YN, REGULAR_YN, SSO_YN, GW_IF_YN, DEPT_NM, POSITION_NM, LOGIN_FAIL_CNT, LAST_PWD_CHG_DTM, USE_YN, REG_USER_ID, REG_DTM, UPD_USER_ID, UPD_DTM) VALUES ('jaeha-cuid-4', 'jaeha-4', '박재하', 'H40', '!1q2w3e4r', '028023310', '01099050358', 'core279@bliex.com', 'N', 'Y', 'N', 'N', '개발팀', '과장', '0', CURRENT_TIMESTAMP, 'Y', 'admin', CURRENT_TIMESTAMP, 'admin', CURRENT_TIMESTAMP);
INSERT INTO TB_BCM_USER (USER_ID, LOGIN_ID, USER_NM, COMP_CD, PWD, TEL_NO, MOBILE_NO, EMAIL_ADDR, FIRST_LOGIN_YN, REGULAR_YN, SSO_YN, GW_IF_YN, DEPT_NM, POSITION_NM, LOGIN_FAIL_CNT, LAST_PWD_CHG_DTM, USE_YN, REG_USER_ID, REG_DTM, UPD_USER_ID, UPD_DTM) VALUES ('minsik-cuid-4', 'minsik-4', '박재하', 'H40', '!1q2w3e4r', '028023310', '01099050358', 'core279@bliex.com', 'N', 'Y', 'N', 'N', '개발팀', '과장', '0', CURRENT_TIMESTAMP, 'Y', 'admin', CURRENT_TIMESTAMP, 'admin', CURRENT_TIMESTAMP);

INSERT INTO TB_BCM_USER (USER_ID, LOGIN_ID, USER_NM, COMP_CD, PWD, TEL_NO, MOBILE_NO, EMAIL_ADDR, FIRST_LOGIN_YN, REGULAR_YN, SSO_YN, GW_IF_YN, DEPT_NM, POSITION_NM, LOGIN_FAIL_CNT, LAST_PWD_CHG_DTM, USE_YN, REG_USER_ID, REG_DTM, UPD_USER_ID, UPD_DTM) VALUES ('sungnam-cuid-5', 'core279-5', '김성남', 'H50', '!1q2w3e4r', '028023310', '01099050358', 'core279@bliex.com', 'N', 'Y', 'N', 'N', '개발팀', '과장', '0', CURRENT_TIMESTAMP, 'Y', 'admin', CURRENT_TIMESTAMP, 'admin', CURRENT_TIMESTAMP);
INSERT INTO TB_BCM_USER (USER_ID, LOGIN_ID, USER_NM, COMP_CD, PWD, TEL_NO, MOBILE_NO, EMAIL_ADDR, FIRST_LOGIN_YN, REGULAR_YN, SSO_YN, GW_IF_YN, DEPT_NM, POSITION_NM, LOGIN_FAIL_CNT, LAST_PWD_CHG_DTM, USE_YN, REG_USER_ID, REG_DTM, UPD_USER_ID, UPD_DTM) VALUES ('hyunji-cuid-5', 'hyunji-5', '손현지', 'H50', '!1q2w3e4r', '028023310', '01099050358', 'core279@bliex.com', 'N', 'Y', 'N', 'N', '개발팀', '과장', '0', CURRENT_TIMESTAMP, 'Y', 'admin', CURRENT_TIMESTAMP, 'admin', CURRENT_TIMESTAMP);
INSERT INTO TB_BCM_USER (USER_ID, LOGIN_ID, USER_NM, COMP_CD, PWD, TEL_NO, MOBILE_NO, EMAIL_ADDR, FIRST_LOGIN_YN, REGULAR_YN, SSO_YN, GW_IF_YN, DEPT_NM, POSITION_NM, LOGIN_FAIL_CNT, LAST_PWD_CHG_DTM, USE_YN, REG_USER_ID, REG_DTM, UPD_USER_ID, UPD_DTM) VALUES ('sunghyun-cuid-5', 'sunghyun-5', '임승현', 'H50', '!1q2w3e4r', '028023310', '01099050358', 'core279@bliex.com', 'N', 'Y', 'N', 'N', '개발팀', '과장', '0', CURRENT_TIMESTAMP, 'Y', 'admin', CURRENT_TIMESTAMP, 'admin', CURRENT_TIMESTAMP);
INSERT INTO TB_BCM_USER (USER_ID, LOGIN_ID, USER_NM, COMP_CD, PWD, TEL_NO, MOBILE_NO, EMAIL_ADDR, FIRST_LOGIN_YN, REGULAR_YN, SSO_YN, GW_IF_YN, DEPT_NM, POSITION_NM, LOGIN_FAIL_CNT, LAST_PWD_CHG_DTM, USE_YN, REG_USER_ID, REG_DTM, UPD_USER_ID, UPD_DTM) VALUES ('jaeha-cuid-5', 'jaeha-5', '박재하', 'H50', '!1q2w3e4r', '028023310', '01099050358', 'core279@bliex.com', 'N', 'Y', 'N', 'N', '개발팀', '과장', '0', CURRENT_TIMESTAMP, 'Y', 'admin', CURRENT_TIMESTAMP, 'admin', CURRENT_TIMESTAMP);
INSERT INTO TB_BCM_USER (USER_ID, LOGIN_ID, USER_NM, COMP_CD, PWD, TEL_NO, MOBILE_NO, EMAIL_ADDR, FIRST_LOGIN_YN, REGULAR_YN, SSO_YN, GW_IF_YN, DEPT_NM, POSITION_NM, LOGIN_FAIL_CNT, LAST_PWD_CHG_DTM, USE_YN, REG_USER_ID, REG_DTM, UPD_USER_ID, UPD_DTM) VALUES ('minsik-cuid-5', 'minsik-5', '박재하', 'H50', '!1q2w3e4r', '028023310', '01099050358', 'core279@bliex.com', 'N', 'Y', 'N', 'N', '개발팀', '과장', '0', CURRENT_TIMESTAMP, 'Y', 'admin', CURRENT_TIMESTAMP, 'admin', CURRENT_TIMESTAMP);

/* USER_GROUP */
INSERT INTO TB_BCM_USER_GRP (USER_GRP_ID, USER_GRP_NM, COMP_CD, USER_GRP_DESC, USE_YN, REG_USER_ID, REG_DTM, UPD_USER_ID, UPD_DTM) VALUES ('GRP_DEV1', '개발1팀', 'H10', '개발1팀 그룹', 'Y', 'admin', CURRENT_TIMESTAMP, 'admin', CURRENT_TIMESTAMP);
INSERT INTO TB_BCM_USER_GRP (USER_GRP_ID, USER_GRP_NM, COMP_CD, USER_GRP_DESC, USE_YN, REG_USER_ID, REG_DTM, UPD_USER_ID, UPD_DTM) VALUES ('GRP_DEV2', '개발2팀', 'H13', '개발2팀 그룹', 'Y', 'admin', CURRENT_TIMESTAMP, 'admin', CURRENT_TIMESTAMP);
INSERT INTO TB_BCM_USER_GRP (USER_GRP_ID, USER_GRP_NM, COMP_CD, USER_GRP_DESC, USE_YN, REG_USER_ID, REG_DTM, UPD_USER_ID, UPD_DTM) VALUES ('GRP_DEV3', '개발3팀', 'H17', '개발3팀 그룹', 'Y', 'admin', CURRENT_TIMESTAMP, 'admin', CURRENT_TIMESTAMP);
INSERT INTO TB_BCM_USER_GRP (USER_GRP_ID, USER_GRP_NM, COMP_CD, USER_GRP_DESC, USE_YN, REG_USER_ID, REG_DTM, UPD_USER_ID, UPD_DTM) VALUES ('GRP_DEV4', '개발4팀', 'H40', '개발4팀 그룹', 'Y', 'admin', CURRENT_TIMESTAMP, 'admin', CURRENT_TIMESTAMP);
INSERT INTO TB_BCM_USER_GRP (USER_GRP_ID, USER_GRP_NM, COMP_CD, USER_GRP_DESC, USE_YN, REG_USER_ID, REG_DTM, UPD_USER_ID, UPD_DTM) VALUES ('GRP_DEV5', '개발5팀', 'H50', '개발5팀 그룹', 'Y', 'admin', CURRENT_TIMESTAMP, 'admin', CURRENT_TIMESTAMP);
INSERT INTO TB_BCM_USER_GRP (USER_GRP_ID, USER_GRP_NM, COMP_CD, USER_GRP_DESC, USE_YN, REG_USER_ID, REG_DTM, UPD_USER_ID, UPD_DTM) VALUES ('GRP_DEV6', '개발6팀', 'H60', '개발6팀 그룹', 'Y', 'admin', CURRENT_TIMESTAMP, 'admin', CURRENT_TIMESTAMP);
INSERT INTO TB_BCM_USER_GRP (USER_GRP_ID, USER_GRP_NM, COMP_CD, USER_GRP_DESC, USE_YN, REG_USER_ID, REG_DTM, UPD_USER_ID, UPD_DTM) VALUES ('GRP_DEV7', '개발7팀', 'H70', '개발7팀 그룹', 'Y', 'admin', CURRENT_TIMESTAMP, 'admin', CURRENT_TIMESTAMP);
INSERT INTO TB_BCM_USER_GRP (USER_GRP_ID, USER_GRP_NM, COMP_CD, USER_GRP_DESC, USE_YN, REG_USER_ID, REG_DTM, UPD_USER_ID, UPD_DTM) VALUES ('GRP_DEV8', '개발8팀', 'H10', '개발8팀 그룹', 'Y', 'admin', CURRENT_TIMESTAMP, 'admin', CURRENT_TIMESTAMP);
INSERT INTO TB_BCM_USER_GRP (USER_GRP_ID, USER_GRP_NM, COMP_CD, USER_GRP_DESC, USE_YN, REG_USER_ID, REG_DTM, UPD_USER_ID, UPD_DTM) VALUES ('GRP_DEV9', '개발9팀', 'H13', '개발9팀 그룹', 'Y', 'admin', CURRENT_TIMESTAMP, 'admin', CURRENT_TIMESTAMP);
INSERT INTO TB_BCM_USER_GRP (USER_GRP_ID, USER_GRP_NM, COMP_CD, USER_GRP_DESC, USE_YN, REG_USER_ID, REG_DTM, UPD_USER_ID, UPD_DTM) VALUES ('GRP_DEV10', '개발10팀', 'H17', '개발10팀 그룹', 'Y', 'admin', CURRENT_TIMESTAMP, 'admin', CURRENT_TIMESTAMP);
INSERT INTO TB_BCM_USER_GRP (USER_GRP_ID, USER_GRP_NM, COMP_CD, USER_GRP_DESC, USE_YN, REG_USER_ID, REG_DTM, UPD_USER_ID, UPD_DTM) VALUES ('GRP_DEV11', '개발11팀', 'H40', '개발11팀 그룹', 'Y', 'admin', CURRENT_TIMESTAMP, 'admin', CURRENT_TIMESTAMP);
INSERT INTO TB_BCM_USER_GRP (USER_GRP_ID, USER_GRP_NM, COMP_CD, USER_GRP_DESC, USE_YN, REG_USER_ID, REG_DTM, UPD_USER_ID, UPD_DTM) VALUES ('GRP_DEV12', '개발12팀', 'H50', '개발12팀 그룹', 'Y', 'admin', CURRENT_TIMESTAMP, 'admin', CURRENT_TIMESTAMP);
INSERT INTO TB_BCM_USER_GRP (USER_GRP_ID, USER_GRP_NM, COMP_CD, USER_GRP_DESC, USE_YN, REG_USER_ID, REG_DTM, UPD_USER_ID, UPD_DTM) VALUES ('GRP_DEV13', '개발13팀', 'H60', '개발13팀 그룹', 'Y', 'admin', CURRENT_TIMESTAMP, 'admin', CURRENT_TIMESTAMP);
INSERT INTO TB_BCM_USER_GRP (USER_GRP_ID, USER_GRP_NM, COMP_CD, USER_GRP_DESC, USE_YN, REG_USER_ID, REG_DTM, UPD_USER_ID, UPD_DTM) VALUES ('GRP_DEV14', '개발14팀', 'H70', '개발14팀 그룹', 'Y', 'admin', CURRENT_TIMESTAMP, 'admin', CURRENT_TIMESTAMP);
INSERT INTO TB_BCM_USER_GRP (USER_GRP_ID, USER_GRP_NM, COMP_CD, USER_GRP_DESC, USE_YN, REG_USER_ID, REG_DTM, UPD_USER_ID, UPD_DTM) VALUES ('GRP_DEV15', '개발15팀', 'H60', '개발15팀 그룹', 'Y', 'admin', CURRENT_TIMESTAMP, 'admin', CURRENT_TIMESTAMP);
INSERT INTO TB_BCM_USER_GRP (USER_GRP_ID, USER_GRP_NM, COMP_CD, USER_GRP_DESC, USE_YN, REG_USER_ID, REG_DTM, UPD_USER_ID, UPD_DTM) VALUES ('GRP_DEV16', '개발16팀', 'H60', '개발16팀 그룹', 'Y', 'admin', CURRENT_TIMESTAMP, 'admin', CURRENT_TIMESTAMP);


/* USER_GROUP <-> USER Mapping */
INSERT INTO TB_BCM_USER_GRP_USER_MAP (USER_ID, USER_GRP_ID, USE_YN, REG_USER_ID, REG_DTM, UPD_USER_ID, UPD_DTM) VALUES ('sungnam-cuid-1', 'GRP_DEV1', 'Y', 'admin', CURRENT_TIMESTAMP, 'admin', CURRENT_TIMESTAMP);
INSERT INTO TB_BCM_USER_GRP_USER_MAP (USER_ID, USER_GRP_ID, USE_YN, REG_USER_ID, REG_DTM, UPD_USER_ID, UPD_DTM) VALUES ('hyunji-cuid-1', 'GRP_DEV1', 'Y', 'admin', CURRENT_TIMESTAMP, 'admin', CURRENT_TIMESTAMP);
INSERT INTO TB_BCM_USER_GRP_USER_MAP (USER_ID, USER_GRP_ID, USE_YN, REG_USER_ID, REG_DTM, UPD_USER_ID, UPD_DTM) VALUES ('sunghyun-cuid-1', 'GRP_DEV2', 'Y', 'admin', CURRENT_TIMESTAMP, 'admin', CURRENT_TIMESTAMP);
INSERT INTO TB_BCM_USER_GRP_USER_MAP (USER_ID, USER_GRP_ID, USE_YN, REG_USER_ID, REG_DTM, UPD_USER_ID, UPD_DTM) VALUES ('hyunji-cuid-1', 'GRP_DEV2', 'Y', 'admin', CURRENT_TIMESTAMP, 'admin', CURRENT_TIMESTAMP);
INSERT INTO TB_BCM_USER_GRP_USER_MAP (USER_ID, USER_GRP_ID, USE_YN, REG_USER_ID, REG_DTM, UPD_USER_ID, UPD_DTM) VALUES ('sungnam-cuid-1', 'GRP_DEV2', 'Y', 'admin', CURRENT_TIMESTAMP, 'admin', CURRENT_TIMESTAMP);

/* ROLE */
INSERT INTO TB_BCM_ROLE (ROLE_ID, ROLE_NM, ROLE_TYP, ROLE_DESC, USE_YN, REG_USER_ID, REG_DTM, UPD_USER_ID, UPD_DTM) VALUES ('AMBCM00001', 'MENU_USER', 'MENU', '사용자 메뉴 권한', 'N', 'admin', CURRENT_TIMESTAMP, 'admin', CURRENT_TIMESTAMP);
INSERT INTO TB_BCM_ROLE (ROLE_ID, ROLE_NM, ROLE_TYP, ROLE_DESC, USE_YN, REG_USER_ID, REG_DTM, UPD_USER_ID, UPD_DTM) VALUES ('AMBCM00002', 'MENU_ADMIN', 'MENU', '관리자메뉴 권한', 'Y', 'admin', CURRENT_TIMESTAMP, 'admin', CURRENT_TIMESTAMP);
INSERT INTO TB_BCM_ROLE (ROLE_ID, ROLE_NM, ROLE_TYP, ROLE_DESC, USE_YN, REG_USER_ID, REG_DTM, UPD_USER_ID, UPD_DTM) VALUES ('AMBCM00003', 'MENU_DEVELOPER', 'MENU', '관리자메뉴 권한', 'Y', 'admin', CURRENT_TIMESTAMP, 'admin', CURRENT_TIMESTAMP);
INSERT INTO TB_BCM_ROLE (ROLE_ID, ROLE_NM, ROLE_TYP, ROLE_DESC, USE_YN, REG_USER_ID, REG_DTM, UPD_USER_ID, UPD_DTM) VALUES ('APBCM00001', 'PRO_USER', 'PROGRAM', '사용자 프로그램 권한', 'Y', 'admin', CURRENT_TIMESTAMP, 'admin', CURRENT_TIMESTAMP);
INSERT INTO TB_BCM_ROLE (ROLE_ID, ROLE_NM, ROLE_TYP, ROLE_DESC, USE_YN, REG_USER_ID, REG_DTM, UPD_USER_ID, UPD_DTM) VALUES ('APBCM00002', 'PRO_ADMIN', 'PROGRAM', '사용자 프로그램 권한', 'Y', 'admin', CURRENT_TIMESTAMP, 'admin', CURRENT_TIMESTAMP);
INSERT INTO TB_BCM_ROLE (ROLE_ID, ROLE_NM, ROLE_TYP, ROLE_DESC, USE_YN, REG_USER_ID, REG_DTM, UPD_USER_ID, UPD_DTM) VALUES ('APBCM00003', 'PRO_DEVELOPER', 'PROGRAM', '사용자 프로그램 권한', 'Y', 'admin', CURRENT_TIMESTAMP, 'admin', CURRENT_TIMESTAMP);
INSERT INTO TB_BCM_ROLE (ROLE_ID, ROLE_NM, ROLE_TYP, ROLE_DESC, USE_YN, REG_USER_ID, REG_DTM, UPD_USER_ID, UPD_DTM) VALUES ('AEBCM00001', 'PRO_ADMIN', 'ELEMENT', '관리자 프로그램 요소 권한', 'Y', 'admin', CURRENT_TIMESTAMP, 'admin', CURRENT_TIMESTAMP);
INSERT INTO TB_BCM_ROLE (ROLE_ID, ROLE_NM, ROLE_TYP, ROLE_DESC, USE_YN, REG_USER_ID, REG_DTM, UPD_USER_ID, UPD_DTM) VALUES ('AEBCM00002', 'PRO_USER', 'ELEMENT', '사용자 프로그램 요소 권한', 'Y', 'admin', CURRENT_TIMESTAMP, 'admin', CURRENT_TIMESTAMP);
INSERT INTO TB_BCM_ROLE (ROLE_ID, ROLE_NM, ROLE_TYP, ROLE_DESC, USE_YN, REG_USER_ID, REG_DTM, UPD_USER_ID, UPD_DTM) VALUES ('AEBCM00003', 'PRO_DEVELOPER', 'ELEMENT', '개발자 프로그램 요소 권한', 'Y', 'admin', CURRENT_TIMESTAMP, 'admin', CURRENT_TIMESTAMP);
INSERT INTO TB_BCM_ROLE (ROLE_ID, ROLE_NM, ROLE_TYP, ROLE_DESC, USE_YN, REG_USER_ID, REG_DTM, UPD_USER_ID, UPD_DTM) VALUES ('ABBCM00001', 'BIZ_SMS', 'BIZ', 'SMS 업무상세처리 권한', 'Y', 'admin', CURRENT_TIMESTAMP, 'admin', CURRENT_TIMESTAMP);
INSERT INTO TB_BCM_ROLE (ROLE_ID, ROLE_NM, ROLE_TYP, ROLE_DESC, USE_YN, REG_USER_ID, REG_DTM, UPD_USER_ID, UPD_DTM) VALUES ('TEST001', 'MENU_ADMIN', 'MENU', '관리자메뉴 권한', 'Y', 'admin', CURRENT_TIMESTAMP, 'admin', CURRENT_TIMESTAMP);
INSERT INTO TB_BCM_ROLE (ROLE_ID, ROLE_NM, ROLE_TYP, ROLE_DESC, USE_YN, REG_USER_ID, REG_DTM, UPD_USER_ID, UPD_DTM) VALUES ('TEST002', 'MENU_ADMIN', 'MENU', '관리자메뉴 권한', 'Y', 'admin', CURRENT_TIMESTAMP, 'admin', CURRENT_TIMESTAMP);
INSERT INTO TB_BCM_ROLE (ROLE_ID, ROLE_NM, ROLE_TYP, ROLE_DESC, USE_YN, REG_USER_ID, REG_DTM, UPD_USER_ID, UPD_DTM) VALUES ('TEST003', 'MENU_ADMIN', 'MENU', '관리자메뉴 권한', 'Y', 'admin', CURRENT_TIMESTAMP, 'admin', CURRENT_TIMESTAMP);
INSERT INTO TB_BCM_ROLE (ROLE_ID, ROLE_NM, ROLE_TYP, ROLE_DESC, USE_YN, REG_USER_ID, REG_DTM, UPD_USER_ID, UPD_DTM) VALUES ('TEST004', 'MENU_ADMIN', 'MENU', '관리자메뉴 권한', 'Y', 'admin', CURRENT_TIMESTAMP, 'admin', CURRENT_TIMESTAMP);
INSERT INTO TB_BCM_ROLE (ROLE_ID, ROLE_NM, ROLE_TYP, ROLE_DESC, USE_YN, REG_USER_ID, REG_DTM, UPD_USER_ID, UPD_DTM) VALUES ('TEST005', 'MENU_ADMIN', 'MENU', '관리자메뉴 권한', 'Y', 'admin', CURRENT_TIMESTAMP, 'admin', CURRENT_TIMESTAMP);
INSERT INTO TB_BCM_ROLE (ROLE_ID, ROLE_NM, ROLE_TYP, ROLE_DESC, USE_YN, REG_USER_ID, REG_DTM, UPD_USER_ID, UPD_DTM) VALUES ('TEST006', 'MENU_ADMIN', 'MENU', '관리자메뉴 권한', 'Y', 'admin', CURRENT_TIMESTAMP, 'admin', CURRENT_TIMESTAMP);
INSERT INTO TB_BCM_ROLE (ROLE_ID, ROLE_NM, ROLE_TYP, ROLE_DESC, USE_YN, REG_USER_ID, REG_DTM, UPD_USER_ID, UPD_DTM) VALUES ('TEST007', 'MENU_ADMIN', 'MENU', '관리자메뉴 권한', 'Y', 'admin', CURRENT_TIMESTAMP, 'admin', CURRENT_TIMESTAMP);
INSERT INTO TB_BCM_ROLE (ROLE_ID, ROLE_NM, ROLE_TYP, ROLE_DESC, USE_YN, REG_USER_ID, REG_DTM, UPD_USER_ID, UPD_DTM) VALUES ('TEST008', 'MENU_ADMIN', 'MENU', '관리자메뉴 권한', 'Y', 'admin', CURRENT_TIMESTAMP, 'admin', CURRENT_TIMESTAMP);
INSERT INTO TB_BCM_ROLE (ROLE_ID, ROLE_NM, ROLE_TYP, ROLE_DESC, USE_YN, REG_USER_ID, REG_DTM, UPD_USER_ID, UPD_DTM) VALUES ('TEST009', 'MENU_ADMIN', 'MENU', '관리자메뉴 권한', 'Y', 'admin', CURRENT_TIMESTAMP, 'admin', CURRENT_TIMESTAMP);
INSERT INTO TB_BCM_ROLE (ROLE_ID, ROLE_NM, ROLE_TYP, ROLE_DESC, USE_YN, REG_USER_ID, REG_DTM, UPD_USER_ID, UPD_DTM) VALUES ('TEST010', 'MENU_ADMIN', 'MENU', '관리자메뉴 권한', 'Y', 'admin', CURRENT_TIMESTAMP, 'admin', CURRENT_TIMESTAMP);
INSERT INTO TB_BCM_ROLE (ROLE_ID, ROLE_NM, ROLE_TYP, ROLE_DESC, USE_YN, REG_USER_ID, REG_DTM, UPD_USER_ID, UPD_DTM) VALUES ('TEST011', 'MENU_ADMIN', 'MENU', '관리자메뉴 권한', 'Y', 'admin', CURRENT_TIMESTAMP, 'admin', CURRENT_TIMESTAMP);
INSERT INTO TB_BCM_ROLE (ROLE_ID, ROLE_NM, ROLE_TYP, ROLE_DESC, USE_YN, REG_USER_ID, REG_DTM, UPD_USER_ID, UPD_DTM) VALUES ('TEST012', 'MENU_ADMIN', 'MENU', '관리자메뉴 권한', 'Y', 'admin', CURRENT_TIMESTAMP, 'admin', CURRENT_TIMESTAMP);
INSERT INTO TB_BCM_ROLE (ROLE_ID, ROLE_NM, ROLE_TYP, ROLE_DESC, USE_YN, REG_USER_ID, REG_DTM, UPD_USER_ID, UPD_DTM) VALUES ('TEST013', 'MENU_ADMIN', 'MENU', '관리자메뉴 권한', 'N', 'admin', CURRENT_TIMESTAMP, 'admin', CURRENT_TIMESTAMP);




/* ROLE   <-> USER, USER_GROUP Mapping */
SET IDENTITY_INSERT TB_BCM_ROLE_USER_MAP ON;

INSERT INTO TB_BCM_ROLE_USER_MAP(ROLE_SEQ, ROLE_ID, USER_GRP_ID, USER_ID, ROLE_BEGIN_DT, ROLE_END_DT, USE_YN, REG_USER_ID, REG_DTM, UPD_USER_ID, UPD_DTM) VALUES (1, 'AMBCM00001', 'GRP_DEV1', null, '20180801', '20180901', 'Y', 'admin', CURRENT_TIMESTAMP, 'admin', CURRENT_TIMESTAMP);
INSERT INTO TB_BCM_ROLE_USER_MAP(ROLE_SEQ, ROLE_ID, USER_GRP_ID, USER_ID, ROLE_BEGIN_DT, ROLE_END_DT, USE_YN, REG_USER_ID, REG_DTM, UPD_USER_ID, UPD_DTM) VALUES (2, 'APBCM00001', 'GRP_DEV1', null, '20180801', '20180901', 'Y', 'admin', CURRENT_TIMESTAMP, 'admin', CURRENT_TIMESTAMP);
INSERT INTO TB_BCM_ROLE_USER_MAP(ROLE_SEQ, ROLE_ID, USER_GRP_ID, USER_ID, ROLE_BEGIN_DT, ROLE_END_DT, USE_YN, REG_USER_ID, REG_DTM, UPD_USER_ID, UPD_DTM) VALUES (3, 'AEBCM00001', 'GRP_DEV1', null, '20180801', '20180901', 'Y', 'admin', CURRENT_TIMESTAMP, 'admin', CURRENT_TIMESTAMP);
INSERT INTO TB_BCM_ROLE_USER_MAP(ROLE_SEQ, ROLE_ID, USER_GRP_ID, USER_ID, ROLE_BEGIN_DT, ROLE_END_DT, USE_YN, REG_USER_ID, REG_DTM, UPD_USER_ID, UPD_DTM) VALUES (4, 'APBCM00002', 'GRP_DEV2', null, '20180801', '20180901', 'Y', 'admin', CURRENT_TIMESTAMP, 'admin', CURRENT_TIMESTAMP);
INSERT INTO TB_BCM_ROLE_USER_MAP(ROLE_SEQ, ROLE_ID, USER_GRP_ID, USER_ID, ROLE_BEGIN_DT, ROLE_END_DT, USE_YN, REG_USER_ID, REG_DTM, UPD_USER_ID, UPD_DTM) VALUES (5, 'APBCM00003', 'GRP_DEV2', null, '20180801', '20180901', 'Y', 'admin', CURRENT_TIMESTAMP, 'admin', CURRENT_TIMESTAMP);
INSERT INTO TB_BCM_ROLE_USER_MAP(ROLE_SEQ, ROLE_ID, USER_GRP_ID, USER_ID, ROLE_BEGIN_DT, ROLE_END_DT, USE_YN, REG_USER_ID, REG_DTM, UPD_USER_ID, UPD_DTM) VALUES (6, 'AMBCM00001', null, 'sungnam-cuid-1', '20180801', '20180831', 'Y', 'admin', CURRENT_TIMESTAMP, 'admin', CURRENT_TIMESTAMP);
INSERT INTO TB_BCM_ROLE_USER_MAP(ROLE_SEQ, ROLE_ID, USER_GRP_ID, USER_ID, ROLE_BEGIN_DT, ROLE_END_DT, USE_YN, REG_USER_ID, REG_DTM, UPD_USER_ID, UPD_DTM) VALUES (7, 'APBCM00001', null, 'sungnam-cuid-1', '20180801', '20180831', 'Y', 'admin', CURRENT_TIMESTAMP, 'admin', CURRENT_TIMESTAMP);
INSERT INTO TB_BCM_ROLE_USER_MAP(ROLE_SEQ, ROLE_ID, USER_GRP_ID, USER_ID, ROLE_BEGIN_DT, ROLE_END_DT, USE_YN, REG_USER_ID, REG_DTM, UPD_USER_ID, UPD_DTM) VALUES (8, 'AEBCM00001', null, 'sungnam-cuid-1', '20180801', '20180831', 'Y', 'admin', CURRENT_TIMESTAMP, 'admin', CURRENT_TIMESTAMP);
INSERT INTO TB_BCM_ROLE_USER_MAP(ROLE_SEQ, ROLE_ID, USER_GRP_ID, USER_ID, ROLE_BEGIN_DT, ROLE_END_DT, USE_YN, REG_USER_ID, REG_DTM, UPD_USER_ID, UPD_DTM) VALUES (9, 'AMBCM00002', null, 'sungnam-cuid-1', '20180801', '20180910', 'Y', 'admin', CURRENT_TIMESTAMP, 'admin', CURRENT_TIMESTAMP);
INSERT INTO TB_BCM_ROLE_USER_MAP(ROLE_SEQ, ROLE_ID, USER_GRP_ID, USER_ID, ROLE_BEGIN_DT, ROLE_END_DT, USE_YN, REG_USER_ID, REG_DTM, UPD_USER_ID, UPD_DTM) VALUES (10, 'APBCM00002', null, 'sungnam-cuid-1', '20180801', '20180910', 'Y', 'admin', CURRENT_TIMESTAMP, 'admin', CURRENT_TIMESTAMP);
INSERT INTO TB_BCM_ROLE_USER_MAP(ROLE_SEQ, ROLE_ID, USER_GRP_ID, USER_ID, ROLE_BEGIN_DT, ROLE_END_DT, USE_YN, REG_USER_ID, REG_DTM, UPD_USER_ID, UPD_DTM) VALUES (11, 'AEBCM00002', null, 'sungnam-cuid-1', '20180801', '20180910', 'Y', 'admin', CURRENT_TIMESTAMP, 'admin', CURRENT_TIMESTAMP);
INSERT INTO TB_BCM_ROLE_USER_MAP(ROLE_SEQ, ROLE_ID, USER_GRP_ID, USER_ID, ROLE_BEGIN_DT, ROLE_END_DT, USE_YN, REG_USER_ID, REG_DTM, UPD_USER_ID, UPD_DTM) VALUES (12, 'AMBCM00003', null, 'sungnam-cuid-1', '20180701', '20180920', 'Y', 'admin', CURRENT_TIMESTAMP, 'admin', CURRENT_TIMESTAMP);
INSERT INTO TB_BCM_ROLE_USER_MAP(ROLE_SEQ, ROLE_ID, USER_GRP_ID, USER_ID, ROLE_BEGIN_DT, ROLE_END_DT, USE_YN, REG_USER_ID, REG_DTM, UPD_USER_ID, UPD_DTM) VALUES (13, 'APBCM00003', null, 'sungnam-cuid-1', '20180701', '20180920', 'N', 'admin', CURRENT_TIMESTAMP, 'admin', CURRENT_TIMESTAMP);
INSERT INTO TB_BCM_ROLE_USER_MAP(ROLE_SEQ, ROLE_ID, USER_GRP_ID, USER_ID, ROLE_BEGIN_DT, ROLE_END_DT, USE_YN, REG_USER_ID, REG_DTM, UPD_USER_ID, UPD_DTM) VALUES (14, 'AEBCM00003', null, 'sungnam-cuid-1', '20180701', '20180920', 'N', 'admin', CURRENT_TIMESTAMP, 'admin', CURRENT_TIMESTAMP);

SET IDENTITY_INSERT TB_BCM_ROLE_USER_MAP OFF;

/* PROGRAM(View) */
INSERT INTO TB_BCM_PRGM (PRGM_ID, HTTP_METHOD, PRGM_PATH, PRGM_NM, PRGM_TYP, PRGM_DESC, BASE_PATH, USE_YN, REG_DTM, REG_USER_ID, UPD_DTM, UPD_USER_ID) VALUES ('PVNEWS-01', 'GET', '/view/news/01', '뉴스 화면001', 'VIEW', '뉴스 화면입니다.', '/view/news/01', 'Y', CURRENT_TIMESTAMP, 'admin', CURRENT_TIMESTAMP, 'admin');
INSERT INTO TB_BCM_PRGM (PRGM_ID, HTTP_METHOD, PRGM_PATH, PRGM_NM, PRGM_TYP, PRGM_DESC, BASE_PATH, USE_YN, REG_DTM, REG_USER_ID, UPD_DTM, UPD_USER_ID) VALUES ('PVNEWS-02', 'GET', '/view/news/02', '뉴스 화면002', 'VIEW', '뉴스 화면입니다.', '/view/news/02', 'N', CURRENT_TIMESTAMP, 'admin', CURRENT_TIMESTAMP, 'admin');
INSERT INTO TB_BCM_PRGM (PRGM_ID, HTTP_METHOD, PRGM_PATH, PRGM_NM, PRGM_TYP, PRGM_DESC, BASE_PATH, USE_YN, REG_DTM, REG_USER_ID, UPD_DTM, UPD_USER_ID) VALUES ('PVNEWS-03', 'POST', '/view/news/03', '뉴스 화면003', 'VIEW', '뉴스 화면입니다.', '/view/news/03', 'N', CURRENT_TIMESTAMP, 'admin', CURRENT_TIMESTAMP, 'admin');
INSERT INTO TB_BCM_PRGM (PRGM_ID, HTTP_METHOD, PRGM_PATH, PRGM_NM, PRGM_TYP, PRGM_DESC, BASE_PATH, USE_YN, REG_DTM, REG_USER_ID, UPD_DTM, UPD_USER_ID) VALUES ('PVNEWS-04', 'POST', '/view/news/04', '뉴스 화면004', 'VIEW', '뉴스 화면입니다.', '/view/news/04', 'N', CURRENT_TIMESTAMP, 'admin', CURRENT_TIMESTAMP, 'admin');
INSERT INTO TB_BCM_PRGM (PRGM_ID, HTTP_METHOD, PRGM_PATH, PRGM_NM, PRGM_TYP, PRGM_DESC, BASE_PATH, USE_YN, REG_DTM, REG_USER_ID, UPD_DTM, UPD_USER_ID) VALUES ('PVNEWS-05', 'POST', '/view/news/05', '뉴스 화면005', 'VIEW', '뉴스 화면입니다.', '/view/news/05', 'Y', CURRENT_TIMESTAMP, 'admin', CURRENT_TIMESTAMP, 'admin');
INSERT INTO TB_BCM_PRGM (PRGM_ID, HTTP_METHOD, PRGM_PATH, PRGM_NM, PRGM_TYP, PRGM_DESC, BASE_PATH, USE_YN, REG_DTM, REG_USER_ID, UPD_DTM, UPD_USER_ID) VALUES ('PVNEWS-06', 'POST', '/view/news/06', '뉴스 화면006', 'VIEW', '뉴스 화면입니다.', '/view/news/06', 'Y', CURRENT_TIMESTAMP, 'admin', CURRENT_TIMESTAMP, 'admin');
INSERT INTO TB_BCM_PRGM (PRGM_ID, HTTP_METHOD, PRGM_PATH, PRGM_NM, PRGM_TYP, PRGM_DESC, BASE_PATH, USE_YN, REG_DTM, REG_USER_ID, UPD_DTM, UPD_USER_ID) VALUES ('PVNEWS-07', 'POST', '/view/news/07', '뉴스 화면007', 'VIEW', '뉴스 화면입니다.', '/view/news/07', 'Y', CURRENT_TIMESTAMP, 'admin', CURRENT_TIMESTAMP, 'admin');
INSERT INTO TB_BCM_PRGM (PRGM_ID, HTTP_METHOD, PRGM_PATH, PRGM_NM, PRGM_TYP, PRGM_DESC, BASE_PATH, USE_YN, REG_DTM, REG_USER_ID, UPD_DTM, UPD_USER_ID) VALUES ('PVNEWS-08', 'POST', '/view/news/08', '뉴스 화면008', 'VIEW', '뉴스 화면입니다.', '/view/news/08', 'Y', CURRENT_TIMESTAMP, 'admin', CURRENT_TIMESTAMP, 'admin');
INSERT INTO TB_BCM_PRGM (PRGM_ID, HTTP_METHOD, PRGM_PATH, PRGM_NM, PRGM_TYP, PRGM_DESC, BASE_PATH, USE_YN, REG_DTM, REG_USER_ID, UPD_DTM, UPD_USER_ID) VALUES ('PVNEWS-09', 'POST', '/view/news/09', '뉴스 화면009', 'VIEW', '뉴스 화면입니다.', '/view/news/09', 'Y', CURRENT_TIMESTAMP, 'admin', CURRENT_TIMESTAMP, 'admin');
INSERT INTO TB_BCM_PRGM (PRGM_ID, HTTP_METHOD, PRGM_PATH, PRGM_NM, PRGM_TYP, PRGM_DESC, BASE_PATH, USE_YN, REG_DTM, REG_USER_ID, UPD_DTM, UPD_USER_ID) VALUES ('PVPROD-01', 'POST', '/view/product/{id}', '제품 화면010', 'VIEW', '제품 화면입니다.', '/view/product/*', 'Y', CURRENT_TIMESTAMP, 'admin', CURRENT_TIMESTAMP, 'admin');
INSERT INTO TB_BCM_PRGM (PRGM_ID, HTTP_METHOD, PRGM_PATH, PRGM_NM, PRGM_TYP, PRGM_DESC, BASE_PATH, USE_YN, REG_DTM, REG_USER_ID, UPD_DTM, UPD_USER_ID) VALUES ('PVPROD-02', 'POST', '/view/product/2', '제품 화면011', 'VIEW', '제품 화면입니다.', '/view/product/2', 'Y', CURRENT_TIMESTAMP, 'admin', CURRENT_TIMESTAMP, 'admin');
INSERT INTO TB_BCM_PRGM (PRGM_ID, HTTP_METHOD, PRGM_PATH, PRGM_NM, PRGM_TYP, PRGM_DESC, BASE_PATH, USE_YN, REG_DTM, REG_USER_ID, UPD_DTM, UPD_USER_ID) VALUES ('PVPROD-03', 'POST', '/view/product/3', '제품 화면012', 'VIEW', '제품 화면입니다.', '/view/product/3', 'Y', CURRENT_TIMESTAMP, 'admin', CURRENT_TIMESTAMP, 'admin');
INSERT INTO TB_BCM_PRGM (PRGM_ID, HTTP_METHOD, PRGM_PATH, PRGM_NM, PRGM_TYP, PRGM_DESC, BASE_PATH, USE_YN, REG_DTM, REG_USER_ID, UPD_DTM, UPD_USER_ID) VALUES ('PVPROD-04', 'POST', '/view/product/4', '제품 화면013', 'VIEW', '제품 화면입니다.', '/view/product/4', 'Y', CURRENT_TIMESTAMP, 'admin', CURRENT_TIMESTAMP, 'admin');
INSERT INTO TB_BCM_PRGM (PRGM_ID, HTTP_METHOD, PRGM_PATH, PRGM_NM, PRGM_TYP, PRGM_DESC, BASE_PATH, USE_YN, REG_DTM, REG_USER_ID, UPD_DTM, UPD_USER_ID) VALUES ('PVPROD-05', 'POST', '/view/product/5', '제품 화면014', 'VIEW', '제품 화면입니다.', '/view/product/5', 'Y', CURRENT_TIMESTAMP, 'admin', CURRENT_TIMESTAMP, 'admin');
INSERT INTO TB_BCM_PRGM (PRGM_ID, HTTP_METHOD, PRGM_PATH, PRGM_NM, PRGM_TYP, PRGM_DESC, BASE_PATH, USE_YN, REG_DTM, REG_USER_ID, UPD_DTM, UPD_USER_ID) VALUES ('PVPROD-06', 'POST', '/view/product/6', '제품 화면015', 'VIEW', '제품 화면입니다.', '/view/product/6', 'N', CURRENT_TIMESTAMP, 'admin', CURRENT_TIMESTAMP, 'admin');
INSERT INTO TB_BCM_PRGM (PRGM_ID, HTTP_METHOD, PRGM_PATH, PRGM_NM, PRGM_TYP, PRGM_DESC, BASE_PATH, USE_YN, REG_DTM, REG_USER_ID, UPD_DTM, UPD_USER_ID) VALUES ('PVPROD-07', 'POST', '/view/product/7', '제품 화면016', 'VIEW', '제품 화면입니다.', '/view/product/7', 'Y', CURRENT_TIMESTAMP, 'admin', CURRENT_TIMESTAMP, 'admin');
INSERT INTO TB_BCM_PRGM (PRGM_ID, HTTP_METHOD, PRGM_PATH, PRGM_NM, PRGM_TYP, PRGM_DESC, BASE_PATH, USE_YN, REG_DTM, REG_USER_ID, UPD_DTM, UPD_USER_ID) VALUES ('PVPROD-08', 'POST', '/view/product/8', '제품 화면017', 'VIEW', '제품 화면입니다.', '/view/product/8', 'Y', CURRENT_TIMESTAMP, 'admin', CURRENT_TIMESTAMP, 'admin');
INSERT INTO TB_BCM_PRGM (PRGM_ID, HTTP_METHOD, PRGM_PATH, PRGM_NM, PRGM_TYP, PRGM_DESC, BASE_PATH, USE_YN, REG_DTM, REG_USER_ID, UPD_DTM, UPD_USER_ID) VALUES ('PVPROD-09', 'POST', '/view/product/9', '제품 화면018', 'VIEW', '제품 화면입니다.', '/view/product/9', 'Y', CURRENT_TIMESTAMP, 'admin', CURRENT_TIMESTAMP, 'admin');
INSERT INTO TB_BCM_PRGM (PRGM_ID, HTTP_METHOD, PRGM_PATH, PRGM_NM, PRGM_TYP, PRGM_DESC, BASE_PATH, USE_YN, REG_DTM, REG_USER_ID, UPD_DTM, UPD_USER_ID) VALUES ('PVPROD-10', 'POST', '/view/product/10', '제품 화면019', 'VIEW', '제품 화면입니다.', '/view/product/10', 'Y', CURRENT_TIMESTAMP, 'admin', CURRENT_TIMESTAMP, 'admin');
/* PROGRAM(Service) */
INSERT INTO TB_BCM_PRGM (PRGM_ID, HTTP_METHOD, PRGM_PATH, PRGM_NM, PRGM_TYP, PRGM_DESC, BASE_PATH, USE_YN, REG_DTM, REG_USER_ID, UPD_DTM, UPD_USER_ID) VALUES ('PSPROD-11', 'GET', '/api/product/{id}', '제품 화면020', 'SERVICE', '제품 화면입니다.', '/api/product/*', 'Y', CURRENT_TIMESTAMP, 'admin', CURRENT_TIMESTAMP, 'admin');
INSERT INTO TB_BCM_PRGM (PRGM_ID, HTTP_METHOD, PRGM_PATH, PRGM_NM, PRGM_TYP, PRGM_DESC, BASE_PATH, USE_YN, REG_DTM, REG_USER_ID, UPD_DTM, UPD_USER_ID) VALUES ('PSPROD-12', 'GET', '/api/product/12', '제품 화면021', 'SERVICE', '제품 화면입니다.', '/api/product/12', 'Y', CURRENT_TIMESTAMP, 'admin', CURRENT_TIMESTAMP, 'admin');
INSERT INTO TB_BCM_PRGM (PRGM_ID, HTTP_METHOD, PRGM_PATH, PRGM_NM, PRGM_TYP, PRGM_DESC, BASE_PATH, USE_YN, REG_DTM, REG_USER_ID, UPD_DTM, UPD_USER_ID) VALUES ('PSPROD-13', 'GET', '/api/product/13', '제품 화면022', 'SERVICE', '제품 화면입니다.', '/api/product/13', 'Y', CURRENT_TIMESTAMP, 'admin', CURRENT_TIMESTAMP, 'admin');
INSERT INTO TB_BCM_PRGM (PRGM_ID, HTTP_METHOD, PRGM_PATH, PRGM_NM, PRGM_TYP, PRGM_DESC, BASE_PATH, USE_YN, REG_DTM, REG_USER_ID, UPD_DTM, UPD_USER_ID) VALUES ('PSPROD-14', 'DELETE', '/api/product/14', '제품 화면023', 'SERVICE', '제품 화면입니다.', '/api/product/14', 'Y', CURRENT_TIMESTAMP, 'admin', CURRENT_TIMESTAMP, 'admin');
INSERT INTO TB_BCM_PRGM (PRGM_ID, HTTP_METHOD, PRGM_PATH, PRGM_NM, PRGM_TYP, PRGM_DESC, BASE_PATH, USE_YN, REG_DTM, REG_USER_ID, UPD_DTM, UPD_USER_ID) VALUES ('PSPROD-15', 'DELETE', '/api/product/15', '제품 화면024', 'SERVICE', '제품 화면입니다.', '/api/product/15', 'N', CURRENT_TIMESTAMP, 'admin', CURRENT_TIMESTAMP, 'admin');
INSERT INTO TB_BCM_PRGM (PRGM_ID, HTTP_METHOD, PRGM_PATH, PRGM_NM, PRGM_TYP, PRGM_DESC, BASE_PATH, USE_YN, REG_DTM, REG_USER_ID, UPD_DTM, UPD_USER_ID) VALUES ('PSPROD-16', 'DELETE', '/api/product/16', '제품 화면025', 'SERVICE', '제품 화면입니다.', '/api/product/16', 'Y', CURRENT_TIMESTAMP, 'admin', CURRENT_TIMESTAMP, 'admin');
INSERT INTO TB_BCM_PRGM (PRGM_ID, HTTP_METHOD, PRGM_PATH, PRGM_NM, PRGM_TYP, PRGM_DESC, BASE_PATH, USE_YN, REG_DTM, REG_USER_ID, UPD_DTM, UPD_USER_ID) VALUES ('PSNEW-01', 'DELETE', '/api/new/001', 'NEW 화면026', 'SERVICE', 'NEW 화면입니다.', '/api/new/001', 'Y', CURRENT_TIMESTAMP, 'admin', CURRENT_TIMESTAMP, 'admin');
INSERT INTO TB_BCM_PRGM (PRGM_ID, HTTP_METHOD, PRGM_PATH, PRGM_NM, PRGM_TYP, PRGM_DESC, BASE_PATH, USE_YN, REG_DTM, REG_USER_ID, UPD_DTM, UPD_USER_ID) VALUES ('PSNEW-02', 'DELETE', '/api/new/002', 'NEW 화면027', 'SERVICE', 'NEW 화면입니다.', '/api/new/002', 'Y', CURRENT_TIMESTAMP, 'admin', CURRENT_TIMESTAMP, 'admin');
INSERT INTO TB_BCM_PRGM (PRGM_ID, HTTP_METHOD, PRGM_PATH, PRGM_NM, PRGM_TYP, PRGM_DESC, BASE_PATH, USE_YN, REG_DTM, REG_USER_ID, UPD_DTM, UPD_USER_ID) VALUES ('PSNEW-03', 'DELETE', '/api/new/003', 'NEW 화면028', 'SERVICE', 'NEW 화면입니다.', '/api/new/003', 'N', CURRENT_TIMESTAMP, 'admin', CURRENT_TIMESTAMP, 'admin');
INSERT INTO TB_BCM_PRGM (PRGM_ID, HTTP_METHOD, PRGM_PATH, PRGM_NM, PRGM_TYP, PRGM_DESC, BASE_PATH, USE_YN, REG_DTM, REG_USER_ID, UPD_DTM, UPD_USER_ID) VALUES ('PSNEW-04', 'DELETE', '/api/new/004', 'NEW 화면029', 'SERVICE', 'NEW 화면입니다.', '/api/new/004', 'Y', CURRENT_TIMESTAMP, 'admin', CURRENT_TIMESTAMP, 'admin');
INSERT INTO TB_BCM_PRGM (PRGM_ID, HTTP_METHOD, PRGM_PATH, PRGM_NM, PRGM_TYP, PRGM_DESC, BASE_PATH, USE_YN, REG_DTM, REG_USER_ID, UPD_DTM, UPD_USER_ID) VALUES ('PSNEW-05', 'DELETE', '/api/new/005', 'NEW 화면030', 'SERVICE', 'NEW 화면입니다.', '/api/new/005', 'Y', CURRENT_TIMESTAMP, 'admin', CURRENT_TIMESTAMP, 'admin');
INSERT INTO TB_BCM_PRGM (PRGM_ID, HTTP_METHOD, PRGM_PATH, PRGM_NM, PRGM_TYP, PRGM_DESC, BASE_PATH, USE_YN, REG_DTM, REG_USER_ID, UPD_DTM, UPD_USER_ID) VALUES ('PSNEW-06', 'PUT', '/api/new/006', 'NEW 화면031', 'SERVICE', 'NEW 화면입니다.', '/api/new/001', 'Y', CURRENT_TIMESTAMP, 'admin', CURRENT_TIMESTAMP, 'admin');
INSERT INTO TB_BCM_PRGM (PRGM_ID, HTTP_METHOD, PRGM_PATH, PRGM_NM, PRGM_TYP, PRGM_DESC, BASE_PATH, USE_YN, REG_DTM, REG_USER_ID, UPD_DTM, UPD_USER_ID) VALUES ('PSNEW-07', 'PUT', '/api/new/007', 'NEW 화면032', 'SERVICE', 'NEW 화면입니다.', '/api/new/002', 'Y', CURRENT_TIMESTAMP, 'admin', CURRENT_TIMESTAMP, 'admin');
INSERT INTO TB_BCM_PRGM (PRGM_ID, HTTP_METHOD, PRGM_PATH, PRGM_NM, PRGM_TYP, PRGM_DESC, BASE_PATH, USE_YN, REG_DTM, REG_USER_ID, UPD_DTM, UPD_USER_ID) VALUES ('PSNEW-08', 'PUT', '/api/new/008', 'NEW 화면033', 'SERVICE', 'NEW 화면입니다.', '/api/new/003', 'Y', CURRENT_TIMESTAMP, 'admin', CURRENT_TIMESTAMP, 'admin');
INSERT INTO TB_BCM_PRGM (PRGM_ID, HTTP_METHOD, PRGM_PATH, PRGM_NM, PRGM_TYP, PRGM_DESC, BASE_PATH, USE_YN, REG_DTM, REG_USER_ID, UPD_DTM, UPD_USER_ID) VALUES ('PSNEW-09', 'PUT', '/api/new/009', 'NEW 화면034', 'SERVICE', 'NEW 화면입니다.', '/api/new/004', 'Y', CURRENT_TIMESTAMP, 'admin', CURRENT_TIMESTAMP, 'admin');
INSERT INTO TB_BCM_PRGM (PRGM_ID, HTTP_METHOD, PRGM_PATH, PRGM_NM, PRGM_TYP, PRGM_DESC, BASE_PATH, USE_YN, REG_DTM, REG_USER_ID, UPD_DTM, UPD_USER_ID) VALUES ('PSNEW-10', 'PUT', '/api/new/010', 'NEW 화면035', 'SERVICE', 'NEW 화면입니다.', '/api/new/005', 'Y', CURRENT_TIMESTAMP, 'admin', CURRENT_TIMESTAMP, 'admin');
INSERT INTO TB_BCM_PRGM (PRGM_ID, HTTP_METHOD, PRGM_PATH, PRGM_NM, PRGM_TYP, PRGM_DESC, BASE_PATH, USE_YN, REG_DTM, REG_USER_ID, UPD_DTM, UPD_USER_ID) VALUES ('PSNEW-11', 'PUT', '/api/new/011', 'NEW 화면036', 'SERVICE', 'NEW 화면입니다.', '/api/new/006', 'Y', CURRENT_TIMESTAMP, 'admin', CURRENT_TIMESTAMP, 'admin');
INSERT INTO TB_BCM_PRGM (PRGM_ID, HTTP_METHOD, PRGM_PATH, PRGM_NM, PRGM_TYP, PRGM_DESC, BASE_PATH, USE_YN, REG_DTM, REG_USER_ID, UPD_DTM, UPD_USER_ID) VALUES ('PSNEW-12', 'PUT', '/api/new/012', 'NEW 화면037', 'SERVICE', 'NEW 화면입니다.', '/api/new/007', 'Y', CURRENT_TIMESTAMP, 'admin', CURRENT_TIMESTAMP, 'admin');
INSERT INTO TB_BCM_PRGM (PRGM_ID, HTTP_METHOD, PRGM_PATH, PRGM_NM, PRGM_TYP, PRGM_DESC, BASE_PATH, USE_YN, REG_DTM, REG_USER_ID, UPD_DTM, UPD_USER_ID) VALUES ('PSNEW-13', 'PUT', '/api/new/013', 'NEW 화면038', 'SERVICE', 'NEW 화면입니다.', '/api/new/008', 'Y', CURRENT_TIMESTAMP, 'admin', CURRENT_TIMESTAMP, 'admin');
INSERT INTO TB_BCM_PRGM (PRGM_ID, HTTP_METHOD, PRGM_PATH, PRGM_NM, PRGM_TYP, PRGM_DESC, BASE_PATH, USE_YN, REG_DTM, REG_USER_ID, UPD_DTM, UPD_USER_ID) VALUES ('PSNEW-14', 'PUT', '/api/new/014', 'NEW 화면039', 'SERVICE', 'NEW 화면입니다.', '/api/new/009', 'Y', CURRENT_TIMESTAMP, 'admin', CURRENT_TIMESTAMP, 'admin');
INSERT INTO TB_BCM_PRGM (PRGM_ID, HTTP_METHOD, PRGM_PATH, PRGM_NM, PRGM_TYP, PRGM_DESC, BASE_PATH, USE_YN, REG_DTM, REG_USER_ID, UPD_DTM, UPD_USER_ID) VALUES ('PSNEW-15', 'PUT', '/api/new/015', 'NEW 화면040', 'SERVICE', 'NEW 화면입니다.', '/api/new/010', 'Y', CURRENT_TIMESTAMP, 'admin', CURRENT_TIMESTAMP, 'admin');
INSERT INTO TB_BCM_PRGM (PRGM_ID, HTTP_METHOD, PRGM_PATH, PRGM_NM, PRGM_TYP, PRGM_DESC, BASE_PATH, USE_YN, REG_DTM, REG_USER_ID, UPD_DTM, UPD_USER_ID) VALUES ('PSNEW-16', 'PUT', '/api/new/016', 'NEW 화면041', 'SERVICE', 'NEW 화면입니다.', '/api/new/011', 'Y', CURRENT_TIMESTAMP, 'admin', CURRENT_TIMESTAMP, 'admin');
INSERT INTO TB_BCM_PRGM (PRGM_ID, HTTP_METHOD, PRGM_PATH, PRGM_NM, PRGM_TYP, PRGM_DESC, BASE_PATH, USE_YN, REG_DTM, REG_USER_ID, UPD_DTM, UPD_USER_ID) VALUES ('PSNEW-17', 'PUT', '/api/new/017', 'NEW 화면042', 'SERVICE', 'NEW 화면입니다.', '/api/new/012', 'Y', CURRENT_TIMESTAMP, 'admin', CURRENT_TIMESTAMP, 'admin');
INSERT INTO TB_BCM_PRGM (PRGM_ID, HTTP_METHOD, PRGM_PATH, PRGM_NM, PRGM_TYP, PRGM_DESC, BASE_PATH, USE_YN, REG_DTM, REG_USER_ID, UPD_DTM, UPD_USER_ID) VALUES ('PSNEW-18', 'PUT', '/api/new/018', 'NEW 화면043', 'SERVICE', 'NEW 화면입니다.', '/api/new/013', 'Y', CURRENT_TIMESTAMP, 'admin', CURRENT_TIMESTAMP, 'admin');
INSERT INTO TB_BCM_PRGM (PRGM_ID, HTTP_METHOD, PRGM_PATH, PRGM_NM, PRGM_TYP, PRGM_DESC, BASE_PATH, USE_YN, REG_DTM, REG_USER_ID, UPD_DTM, UPD_USER_ID) VALUES ('PSNEW-19', 'PUT', '/api/new/019', 'NEW 화면044', 'SERVICE', 'NEW 화면입니다.', '/api/new/014', 'Y', CURRENT_TIMESTAMP, 'admin', CURRENT_TIMESTAMP, 'admin');
INSERT INTO TB_BCM_PRGM (PRGM_ID, HTTP_METHOD, PRGM_PATH, PRGM_NM, PRGM_TYP, PRGM_DESC, BASE_PATH, USE_YN, REG_DTM, REG_USER_ID, UPD_DTM, UPD_USER_ID) VALUES ('PSNEW-20', 'PUT', '/api/new/020', 'NEW 화면045', 'SERVICE', 'NEW 화면입니다.', '/api/new/015', 'Y', CURRENT_TIMESTAMP, 'admin', CURRENT_TIMESTAMP, 'admin');
INSERT INTO TB_BCM_PRGM (PRGM_ID, HTTP_METHOD, PRGM_PATH, PRGM_NM, PRGM_TYP, PRGM_DESC, BASE_PATH, USE_YN, REG_DTM, REG_USER_ID, UPD_DTM, UPD_USER_ID) VALUES ('PSNEW-21', 'PUT', '/api/new/021', 'NEW 화면046', 'SERVICE', 'NEW 화면입니다.', '/api/new/016', 'Y', CURRENT_TIMESTAMP, 'admin', CURRENT_TIMESTAMP, 'admin');
INSERT INTO TB_BCM_PRGM (PRGM_ID, HTTP_METHOD, PRGM_PATH, PRGM_NM, PRGM_TYP, PRGM_DESC, BASE_PATH, USE_YN, REG_DTM, REG_USER_ID, UPD_DTM, UPD_USER_ID) VALUES ('PSSAMPLE0-01', 'GET', '/api/sample/1', '샘플 화면047', 'SERVICE', '샘플 화면입니다.', '/api/sample/1', 'Y', CURRENT_TIMESTAMP, 'admin', CURRENT_TIMESTAMP, 'admin');
INSERT INTO TB_BCM_PRGM (PRGM_ID, HTTP_METHOD, PRGM_PATH, PRGM_NM, PRGM_TYP, PRGM_DESC, BASE_PATH, USE_YN, REG_DTM, REG_USER_ID, UPD_DTM, UPD_USER_ID) VALUES ('PSSAMPLE0-02', 'GET', '/api/sample/2', '샘플 화면048', 'SERVICE', '샘플 화면입니다.', '/api/sample/2', 'Y', CURRENT_TIMESTAMP, 'admin', CURRENT_TIMESTAMP, 'admin');
INSERT INTO TB_BCM_PRGM (PRGM_ID, HTTP_METHOD, PRGM_PATH, PRGM_NM, PRGM_TYP, PRGM_DESC, BASE_PATH, USE_YN, REG_DTM, REG_USER_ID, UPD_DTM, UPD_USER_ID) VALUES ('PSSAMPLE0-03', 'GET', '/api/sample/3', '샘플 화면049', 'SERVICE', '샘플 화면입니다.', '/api/sample/3', 'Y', CURRENT_TIMESTAMP, 'admin', CURRENT_TIMESTAMP, 'admin');
INSERT INTO TB_BCM_PRGM (PRGM_ID, HTTP_METHOD, PRGM_PATH, PRGM_NM, PRGM_TYP, PRGM_DESC, BASE_PATH, USE_YN, REG_DTM, REG_USER_ID, UPD_DTM, UPD_USER_ID) VALUES ('PSSAMPLE0-04', 'GET', '/api/sample/4', '샘플 화면050', 'SERVICE', '샘플 화면입니다.', '/api/sample/4', 'Y', CURRENT_TIMESTAMP, 'admin', CURRENT_TIMESTAMP, 'admin');
INSERT INTO TB_BCM_PRGM (PRGM_ID, HTTP_METHOD, PRGM_PATH, PRGM_NM, PRGM_TYP, PRGM_DESC, BASE_PATH, USE_YN, REG_DTM, REG_USER_ID, UPD_DTM, UPD_USER_ID) VALUES ('PSSAMPLE0-05', 'GET', '/api/sample/5', '샘플 화면051', 'SERVICE', '샘플 화면입니다.', '/api/sample/5', 'Y', CURRENT_TIMESTAMP, 'admin', CURRENT_TIMESTAMP, 'admin');
INSERT INTO TB_BCM_PRGM (PRGM_ID, HTTP_METHOD, PRGM_PATH, PRGM_NM, PRGM_TYP, PRGM_DESC, BASE_PATH, USE_YN, REG_DTM, REG_USER_ID, UPD_DTM, UPD_USER_ID) VALUES ('PSSAMPLE0-06', 'GET', '/api/sample/6', '샘플 화면052', 'SERVICE', '샘플 화면입니다.', '/api/sample/6', 'Y', CURRENT_TIMESTAMP, 'admin', CURRENT_TIMESTAMP, 'admin');

/* PROGRAM <-> ROLE Mapping */
INSERT INTO TB_BCM_PRGM_ROLE_MAP (PRGM_ID, ROLE_ID, USE_YN, REG_USER_ID, REG_DTM, UPD_USER_ID, UPD_DTM) VALUES ('PVNEWS-01', 'APBCM00001', 'Y', 'admin', CURRENT_TIMESTAMP, 'admin', CURRENT_TIMESTAMP);
INSERT INTO TB_BCM_PRGM_ROLE_MAP (PRGM_ID, ROLE_ID, USE_YN, REG_USER_ID, REG_DTM, UPD_USER_ID, UPD_DTM) VALUES ('PVNEWS-01', 'AMBCM00001', 'Y', 'admin', CURRENT_TIMESTAMP, 'admin', CURRENT_TIMESTAMP);
INSERT INTO TB_BCM_PRGM_ROLE_MAP (PRGM_ID, ROLE_ID, USE_YN, REG_USER_ID, REG_DTM, UPD_USER_ID, UPD_DTM) VALUES ('PVNEWS-01', 'AMBCM00002', 'Y', 'admin', CURRENT_TIMESTAMP, 'admin', CURRENT_TIMESTAMP);
INSERT INTO TB_BCM_PRGM_ROLE_MAP (PRGM_ID, ROLE_ID, USE_YN, REG_USER_ID, REG_DTM, UPD_USER_ID, UPD_DTM) VALUES ('PVNEWS-01', 'TEST006', 'Y', 'admin', CURRENT_TIMESTAMP, 'admin', CURRENT_TIMESTAMP);
INSERT INTO TB_BCM_PRGM_ROLE_MAP (PRGM_ID, ROLE_ID, USE_YN, REG_USER_ID, REG_DTM, UPD_USER_ID, UPD_DTM) VALUES ('PVNEWS-01', 'TEST009', 'Y', 'admin', CURRENT_TIMESTAMP, 'admin', CURRENT_TIMESTAMP);

/* ELEMENT */
SET IDENTITY_INSERT TB_BCM_VIEW_ELEMENT ON;

INSERT INTO TB_BCM_VIEW_ELEMENT (ELEMENT_SEQ, PRGM_ID, ELEMENT_KEY, ELEMENT_DESC, USE_YN, REG_USER_ID, REG_DTM, UPD_USER_ID, UPD_DTM) VALUES (1, 'PVNEWS-01', '#btn001', '뉴스 등록버튼', 'Y', 'admin', CURRENT_TIMESTAMP, 'admin', CURRENT_TIMESTAMP);
INSERT INTO TB_BCM_VIEW_ELEMENT (ELEMENT_SEQ, PRGM_ID, ELEMENT_KEY, ELEMENT_DESC, USE_YN, REG_USER_ID, REG_DTM, UPD_USER_ID, UPD_DTM) VALUES (2, 'PVNEWS-01', '#btn002', '뉴스 수정버튼', 'Y', 'admin', CURRENT_TIMESTAMP, 'admin', CURRENT_TIMESTAMP);
INSERT INTO TB_BCM_VIEW_ELEMENT (ELEMENT_SEQ, PRGM_ID, ELEMENT_KEY, ELEMENT_DESC, USE_YN, REG_USER_ID, REG_DTM, UPD_USER_ID, UPD_DTM) VALUES (3, 'PVNEWS-01', '#btn003', '뉴스 삭제버튼', 'Y', 'admin', CURRENT_TIMESTAMP, 'admin', CURRENT_TIMESTAMP);
INSERT INTO TB_BCM_VIEW_ELEMENT (ELEMENT_SEQ, PRGM_ID, ELEMENT_KEY, ELEMENT_DESC, USE_YN, REG_USER_ID, REG_DTM, UPD_USER_ID, UPD_DTM) VALUES (4, 'PVNEWS-01', '#btn004', '뉴스 목록버튼', 'Y', 'admin', CURRENT_TIMESTAMP, 'admin', CURRENT_TIMESTAMP);
INSERT INTO TB_BCM_VIEW_ELEMENT (ELEMENT_SEQ, PRGM_ID, ELEMENT_KEY, ELEMENT_DESC, USE_YN, REG_USER_ID, REG_DTM, UPD_USER_ID, UPD_DTM) VALUES (5, 'PVNEWS-01', '#btn005', '뉴스 다음버튼', 'Y', 'admin', CURRENT_TIMESTAMP, 'admin', CURRENT_TIMESTAMP);
INSERT INTO TB_BCM_VIEW_ELEMENT (ELEMENT_SEQ, PRGM_ID, ELEMENT_KEY, ELEMENT_DESC, USE_YN, REG_USER_ID, REG_DTM, UPD_USER_ID, UPD_DTM) VALUES (6, 'PVNEWS-01', '#btn006', '뉴스 이전버튼', 'Y', 'admin', CURRENT_TIMESTAMP, 'admin', CURRENT_TIMESTAMP);
INSERT INTO TB_BCM_VIEW_ELEMENT (ELEMENT_SEQ, PRGM_ID, ELEMENT_KEY, ELEMENT_DESC, USE_YN, REG_USER_ID, REG_DTM, UPD_USER_ID, UPD_DTM) VALUES (7, 'PVNEWS-01', '#btn007', '뉴스 선택버튼', 'Y', 'admin', CURRENT_TIMESTAMP, 'admin', CURRENT_TIMESTAMP);
INSERT INTO TB_BCM_VIEW_ELEMENT (ELEMENT_SEQ, PRGM_ID, ELEMENT_KEY, ELEMENT_DESC, USE_YN, REG_USER_ID, REG_DTM, UPD_USER_ID, UPD_DTM) VALUES (8, 'PVNEWS-02', '#btn001', '스포츠 선택버튼', 'Y', 'admin', CURRENT_TIMESTAMP, 'admin', CURRENT_TIMESTAMP);

SET IDENTITY_INSERT TB_BCM_VIEW_ELEMENT OFF;

/* ELEMENT <-> ROLE Mapping */
INSERT INTO TB_BCM_VIEW_ELEMENT_ROLE_MAP (ELEMENT_SEQ, ROLE_ID, VISIBLE_YN, ENABLE_YN, USE_YN, REG_USER_ID, REG_DTM, UPD_USER_ID, UPD_DTM) VALUES (1, 'AEBCM00001', 'Y', 'Y', 'Y', 'admin', CURRENT_TIMESTAMP, 'admin', CURRENT_TIMESTAMP);
INSERT INTO TB_BCM_VIEW_ELEMENT_ROLE_MAP (ELEMENT_SEQ, ROLE_ID, VISIBLE_YN, ENABLE_YN, USE_YN, REG_USER_ID, REG_DTM, UPD_USER_ID, UPD_DTM) VALUES (1, 'AEBCM00002', 'Y', 'Y', 'Y', 'admin', CURRENT_TIMESTAMP, 'admin', CURRENT_TIMESTAMP);
INSERT INTO TB_BCM_VIEW_ELEMENT_ROLE_MAP (ELEMENT_SEQ, ROLE_ID, VISIBLE_YN, ENABLE_YN, USE_YN, REG_USER_ID, REG_DTM, UPD_USER_ID, UPD_DTM) VALUES (2, 'AEBCM00001', 'Y', 'N', 'Y', 'admin', CURRENT_TIMESTAMP, 'admin', CURRENT_TIMESTAMP);
INSERT INTO TB_BCM_VIEW_ELEMENT_ROLE_MAP (ELEMENT_SEQ, ROLE_ID, VISIBLE_YN, ENABLE_YN, USE_YN, REG_USER_ID, REG_DTM, UPD_USER_ID, UPD_DTM) VALUES (1, 'AEBCM00003', 'Y', 'N', 'Y', 'admin', CURRENT_TIMESTAMP, 'admin', CURRENT_TIMESTAMP);
INSERT INTO TB_BCM_VIEW_ELEMENT_ROLE_MAP (ELEMENT_SEQ, ROLE_ID, VISIBLE_YN, ENABLE_YN, USE_YN, REG_USER_ID, REG_DTM, UPD_USER_ID, UPD_DTM) VALUES (5, 'AEBCM00001', 'Y', 'Y', 'Y', 'admin', CURRENT_TIMESTAMP, 'admin', CURRENT_TIMESTAMP);


/* MENU */
INSERT INTO TB_BCM_MENU (MENU_ID, PRGM_ID, MENU_TYP, MENU_NM1, MENU_NM2, MENU_NM3, MENU_DESC, PARENT_MENU_ID, MENU_SORT_SEQ, URL_ADDR, OPEN_TYP, USE_YN, REG_USER_ID, REG_DTM, UPD_USER_ID, UPD_DTM) VALUES ('MBCM000', null, 'FOLDER', '메인', null, null, '메인 페이지', '@TOPMENU', 1, null, null, 'Y', 'admin', CURRENT_TIMESTAMP, 'admin', CURRENT_TIMESTAMP);
INSERT INTO TB_BCM_MENU (MENU_ID, PRGM_ID, MENU_TYP, MENU_NM1, MENU_NM2, MENU_NM3, MENU_DESC, PARENT_MENU_ID, MENU_SORT_SEQ, URL_ADDR, OPEN_TYP, USE_YN, REG_USER_ID, REG_DTM, UPD_USER_ID, UPD_DTM) VALUES ('MBCM001', null, 'FOLDER', '사용자 관리', 'User Managed', '중국메뉴명', '사용자 관리 페이지', '@TOPMENU', 2, null, null, 'Y', 'admin', CURRENT_TIMESTAMP, 'admin', CURRENT_TIMESTAMP);
INSERT INTO TB_BCM_MENU (MENU_ID, PRGM_ID, MENU_TYP, MENU_NM1, MENU_NM2, MENU_NM3, MENU_DESC, PARENT_MENU_ID, MENU_SORT_SEQ, URL_ADDR, OPEN_TYP, USE_YN, REG_USER_ID, REG_DTM, UPD_USER_ID, UPD_DTM) VALUES ('MBCM00101', null, 'FOLDER', '사용자 목록', null, null, '사용자 목록 페이지', 'MBCM001', 1, null, null, 'Y', 'admin', CURRENT_TIMESTAMP, 'admin', CURRENT_TIMESTAMP);
INSERT INTO TB_BCM_MENU (MENU_ID, PRGM_ID, MENU_TYP, MENU_NM1, MENU_NM2, MENU_NM3, MENU_DESC, PARENT_MENU_ID, MENU_SORT_SEQ, URL_ADDR, OPEN_TYP, USE_YN, REG_USER_ID, REG_DTM, UPD_USER_ID, UPD_DTM) VALUES ('MBCM00102', null, 'FOLDER', '사용자 상세', null, null, '사용자 상세 페이지', 'MBCM001', 2, null, null, 'Y', 'admin', CURRENT_TIMESTAMP, 'admin', CURRENT_TIMESTAMP);
INSERT INTO TB_BCM_MENU (MENU_ID, PRGM_ID, MENU_TYP, MENU_NM1, MENU_NM2, MENU_NM3, MENU_DESC, PARENT_MENU_ID, MENU_SORT_SEQ, URL_ADDR, OPEN_TYP, USE_YN, REG_USER_ID, REG_DTM, UPD_USER_ID, UPD_DTM) VALUES ('MBCM003', null, 'FOLDER', '사용자 그룹 관리', null, null, '사용자 그룹 관리 페이지', '@TOPMENU', 3, null, null, 'Y', 'admin', CURRENT_TIMESTAMP, 'admin', CURRENT_TIMESTAMP);
INSERT INTO TB_BCM_MENU (MENU_ID, PRGM_ID, MENU_TYP, MENU_NM1, MENU_NM2, MENU_NM3, MENU_DESC, PARENT_MENU_ID, MENU_SORT_SEQ, URL_ADDR, OPEN_TYP, USE_YN, REG_USER_ID, REG_DTM, UPD_USER_ID, UPD_DTM) VALUES ('MBCM004', null, 'FOLDER', '프로그램 관리', null, null, '프로그램 관리 페이지', '@TOPMENU', 4, null, null, 'Y', 'admin', CURRENT_TIMESTAMP, 'admin', CURRENT_TIMESTAMP);
INSERT INTO TB_BCM_MENU (MENU_ID, PRGM_ID, MENU_TYP, MENU_NM1, MENU_NM2, MENU_NM3, MENU_DESC, PARENT_MENU_ID, MENU_SORT_SEQ, URL_ADDR, OPEN_TYP, USE_YN, REG_USER_ID, REG_DTM, UPD_USER_ID, UPD_DTM) VALUES ('MBCM00401', null, 'FOLDER', '프로그램 관리 목록', null, null, '프로그램 관리 목록 페이지', 'MBCM004', 1, null, null, 'Y', 'admin', CURRENT_TIMESTAMP, 'admin', CURRENT_TIMESTAMP);
INSERT INTO TB_BCM_MENU (MENU_ID, PRGM_ID, MENU_TYP, MENU_NM1, MENU_NM2, MENU_NM3, MENU_DESC, PARENT_MENU_ID, MENU_SORT_SEQ, URL_ADDR, OPEN_TYP, USE_YN, REG_USER_ID, REG_DTM, UPD_USER_ID, UPD_DTM) VALUES ('MBCM004011', null, 'FOLDER', '프로그램 관리 목록 상세3', null, null, '프로그램 관리 목록 상세3 페이지', 'MBCM00401', 3, null, null, 'Y', 'admin', CURRENT_TIMESTAMP, 'admin', CURRENT_TIMESTAMP);
INSERT INTO TB_BCM_MENU (MENU_ID, PRGM_ID, MENU_TYP, MENU_NM1, MENU_NM2, MENU_NM3, MENU_DESC, PARENT_MENU_ID, MENU_SORT_SEQ, URL_ADDR, OPEN_TYP, USE_YN, REG_USER_ID, REG_DTM, UPD_USER_ID, UPD_DTM) VALUES ('MBCM004012', null, 'FOLDER', '프로그램 관리 목록 상세2', null, null, '프로그램 관리 목록 상세2 페이지', 'MBCM00401', 2, null, null, 'N', 'admin', CURRENT_TIMESTAMP, 'admin', CURRENT_TIMESTAMP);
INSERT INTO TB_BCM_MENU (MENU_ID, PRGM_ID, MENU_TYP, MENU_NM1, MENU_NM2, MENU_NM3, MENU_DESC, PARENT_MENU_ID, MENU_SORT_SEQ, URL_ADDR, OPEN_TYP, USE_YN, REG_USER_ID, REG_DTM, UPD_USER_ID, UPD_DTM) VALUES ('MBCM004013', null, 'FOLDER', '프로그램 관리 목록 상세1', null, null, '프로그램 관리 목록 상세 페이지', 'MBCM00401', 1, null, null, 'Y', 'admin', CURRENT_TIMESTAMP, 'admin', CURRENT_TIMESTAMP);
INSERT INTO TB_BCM_MENU (MENU_ID, PRGM_ID, MENU_TYP, MENU_NM1, MENU_NM2, MENU_NM3, MENU_DESC, PARENT_MENU_ID, MENU_SORT_SEQ, URL_ADDR, OPEN_TYP, USE_YN, REG_USER_ID, REG_DTM, UPD_USER_ID, UPD_DTM) VALUES ('MBCM005', 'PVPROD-01', 'PROGRAM', '메뉴타입프로그램', null, null, '프로그램 관리 페이지', '@TOPMENU', 5, null, 'C', 'Y', 'admin', CURRENT_TIMESTAMP, 'admin', CURRENT_TIMESTAMP);
INSERT INTO TB_BCM_MENU (MENU_ID, PRGM_ID, MENU_TYP, MENU_NM1, MENU_NM2, MENU_NM3, MENU_DESC, PARENT_MENU_ID, MENU_SORT_SEQ, URL_ADDR, OPEN_TYP, USE_YN, REG_USER_ID, REG_DTM, UPD_USER_ID, UPD_DTM) VALUES ('MBCM006', null, 'URL', '네이버', null, null, '네이버 연결', '@TOPMENU', 6, 'http://www.naver.com', 'T', 'Y', 'admin', CURRENT_TIMESTAMP, 'admin', CURRENT_TIMESTAMP);

/* MENU <-> ROLE Mapping */
INSERT INTO TB_BCM_MENU_ROLE_MAP (MENU_ID, ROLE_ID, REG_USER_ID, REG_DTM, UPD_USER_ID, UPD_DTM) VALUES ('MBCM005', 'AMBCM00001', 'admin', CURRENT_TIMESTAMP, 'admin', CURRENT_TIMESTAMP);

/* Code Group */
INSERT INTO TB_BCM_CDMST (CD_ID, CD_NM1, CD_NM2, CD_NM3, CD_DESC, USE_YN, REG_DTM, REG_USER_ID, UPD_DTM, UPD_USER_ID) VALUES ('A100', '전산장비1', '전산장비2', '전산장비3', '전산장비 코드', 'Y', CURRENT_TIMESTAMP, 'admin', CURRENT_TIMESTAMP, 'admin');
INSERT INTO TB_BCM_CDMST (CD_ID, CD_NM1, CD_NM2, CD_NM3, CD_DESC, USE_YN, REG_DTM, REG_USER_ID, UPD_DTM, UPD_USER_ID) VALUES ('A200', '비품1', '비품2', '비품3', '비품 코드', 'Y', CURRENT_TIMESTAMP, 'admin', CURRENT_TIMESTAMP, 'admin');
INSERT INTO TB_BCM_CDMST (CD_ID, CD_NM1, CD_NM2, CD_NM3, CD_DESC, USE_YN, REG_DTM, REG_USER_ID, UPD_DTM, UPD_USER_ID) VALUES ('A300', '소프트웨어5', '소프트웨어5', '소프트웨어5', '소프트웨어 코드', 'N', CURRENT_TIMESTAMP, 'admin', CURRENT_TIMESTAMP, 'admin');
INSERT INTO TB_BCM_CDMST (CD_ID, CD_NM1, CD_NM2, CD_NM3, CD_DESC, USE_YN, REG_DTM, REG_USER_ID, UPD_DTM, UPD_USER_ID) VALUES ('A301', '소프트웨어5', '소프트웨어5', '소프트웨어5', '소프트웨어 코드', 'N', CURRENT_TIMESTAMP, 'admin', CURRENT_TIMESTAMP, 'admin');
INSERT INTO TB_BCM_CDMST (CD_ID, CD_NM1, CD_NM2, CD_NM3, CD_DESC, USE_YN, REG_DTM, REG_USER_ID, UPD_DTM, UPD_USER_ID) VALUES ('A302', '소프트웨어5', '소프트웨어5', '소프트웨어5', '소프트웨어 코드', 'N', CURRENT_TIMESTAMP, 'admin', CURRENT_TIMESTAMP, 'admin');
INSERT INTO TB_BCM_CDMST (CD_ID, CD_NM1, CD_NM2, CD_NM3, CD_DESC, USE_YN, REG_DTM, REG_USER_ID, UPD_DTM, UPD_USER_ID) VALUES ('A303', '소프트웨어5', '소프트웨어5', '소프트웨어5', '소프트웨어 코드', 'N', CURRENT_TIMESTAMP, 'admin', CURRENT_TIMESTAMP, 'admin');
INSERT INTO TB_BCM_CDMST (CD_ID, CD_NM1, CD_NM2, CD_NM3, CD_DESC, USE_YN, REG_DTM, REG_USER_ID, UPD_DTM, UPD_USER_ID) VALUES ('A304', '소프트웨어5', '소프트웨어5', '소프트웨어5', '소프트웨어 코드', 'N', CURRENT_TIMESTAMP, 'admin', CURRENT_TIMESTAMP, 'admin');
INSERT INTO TB_BCM_CDMST (CD_ID, CD_NM1, CD_NM2, CD_NM3, CD_DESC, USE_YN, REG_DTM, REG_USER_ID, UPD_DTM, UPD_USER_ID) VALUES ('A305', '소프트웨어5', '소프트웨어5', '소프트웨어5', '소프트웨어 코드', 'N', CURRENT_TIMESTAMP, 'admin', CURRENT_TIMESTAMP, 'admin');
INSERT INTO TB_BCM_CDMST (CD_ID, CD_NM1, CD_NM2, CD_NM3, CD_DESC, USE_YN, REG_DTM, REG_USER_ID, UPD_DTM, UPD_USER_ID) VALUES ('A306', '소프트웨어5', '소프트웨어5', '소프트웨어5', '소프트웨어 코드', 'N', CURRENT_TIMESTAMP, 'admin', CURRENT_TIMESTAMP, 'admin');
INSERT INTO TB_BCM_CDMST (CD_ID, CD_NM1, CD_NM2, CD_NM3, CD_DESC, USE_YN, REG_DTM, REG_USER_ID, UPD_DTM, UPD_USER_ID) VALUES ('A307', '소프트웨어5', '소프트웨어5', '소프트웨어5', '소프트웨어 코드', 'N', CURRENT_TIMESTAMP, 'admin', CURRENT_TIMESTAMP, 'admin');
INSERT INTO TB_BCM_CDMST (CD_ID, CD_NM1, CD_NM2, CD_NM3, CD_DESC, USE_YN, REG_DTM, REG_USER_ID, UPD_DTM, UPD_USER_ID) VALUES ('A308', '소프트웨어5', '소프트웨어5', '소프트웨어5', '소프트웨어 코드', 'N', CURRENT_TIMESTAMP, 'admin', CURRENT_TIMESTAMP, 'admin');
INSERT INTO TB_BCM_CDMST (CD_ID, CD_NM1, CD_NM2, CD_NM3, CD_DESC, USE_YN, REG_DTM, REG_USER_ID, UPD_DTM, UPD_USER_ID) VALUES ('A309', '소프트웨어5', '소프트웨어5', '소프트웨어5', '소프트웨어 코드', 'N', CURRENT_TIMESTAMP, 'admin', CURRENT_TIMESTAMP, 'admin');
INSERT INTO TB_BCM_CDMST (CD_ID, CD_NM1, CD_NM2, CD_NM3, CD_DESC, USE_YN, REG_DTM, REG_USER_ID, UPD_DTM, UPD_USER_ID) VALUES ('A310', '소프트웨어5', '소프트웨어5', '소프트웨어5', '소프트웨어 코드', 'N', CURRENT_TIMESTAMP, 'admin', CURRENT_TIMESTAMP, 'admin');
INSERT INTO TB_BCM_CDMST (CD_ID, CD_NM1, CD_NM2, CD_NM3, CD_DESC, USE_YN, REG_DTM, REG_USER_ID, UPD_DTM, UPD_USER_ID) VALUES ('A311', '소프트웨어5', '소프트웨어5', '소프트웨어5', '소프트웨어 코드', 'N', CURRENT_TIMESTAMP, 'admin', CURRENT_TIMESTAMP, 'admin');
INSERT INTO TB_BCM_CDMST (CD_ID, CD_NM1, CD_NM2, CD_NM3, CD_DESC, USE_YN, REG_DTM, REG_USER_ID, UPD_DTM, UPD_USER_ID) VALUES ('A312', '소프트웨어5', '소프트웨어5', '소프트웨어5', '소프트웨어 코드', 'N', CURRENT_TIMESTAMP, 'admin', CURRENT_TIMESTAMP, 'admin');
INSERT INTO TB_BCM_CDMST (CD_ID, CD_NM1, CD_NM2, CD_NM3, CD_DESC, USE_YN, REG_DTM, REG_USER_ID, UPD_DTM, UPD_USER_ID) VALUES ('A313', '소프트웨어5', '소프트웨어5', '소프트웨어5', '소프트웨어 코드', 'N', CURRENT_TIMESTAMP, 'admin', CURRENT_TIMESTAMP, 'admin');
INSERT INTO TB_BCM_CDMST (CD_ID, CD_NM1, CD_NM2, CD_NM3, CD_DESC, USE_YN, REG_DTM, REG_USER_ID, UPD_DTM, UPD_USER_ID) VALUES ('A314', '소프트웨어5', '소프트웨어5', '소프트웨어5', '소프트웨어 코드', 'N', CURRENT_TIMESTAMP, 'admin', CURRENT_TIMESTAMP, 'admin');
INSERT INTO TB_BCM_CDMST (CD_ID, CD_NM1, CD_NM2, CD_NM3, CD_DESC, USE_YN, REG_DTM, REG_USER_ID, UPD_DTM, UPD_USER_ID) VALUES ('A315', '소프트웨어5', '소프트웨어5', '소프트웨어5', '소프트웨어 코드', 'N', CURRENT_TIMESTAMP, 'admin', CURRENT_TIMESTAMP, 'admin');
INSERT INTO TB_BCM_CDMST (CD_ID, CD_NM1, CD_NM2, CD_NM3, CD_DESC, USE_YN, REG_DTM, REG_USER_ID, UPD_DTM, UPD_USER_ID) VALUES ('A316', '소프트웨어5', '소프트웨어5', '소프트웨어5', '소프트웨어 코드', 'N', CURRENT_TIMESTAMP, 'admin', CURRENT_TIMESTAMP, 'admin');
INSERT INTO TB_BCM_CDMST (CD_ID, CD_NM1, CD_NM2, CD_NM3, CD_DESC, USE_YN, REG_DTM, REG_USER_ID, UPD_DTM, UPD_USER_ID) VALUES ('A317', '소프트웨어5', '소프트웨어5', '소프트웨어5', '소프트웨어 코드', 'N', CURRENT_TIMESTAMP, 'admin', CURRENT_TIMESTAMP, 'admin');
INSERT INTO TB_BCM_CDMST (CD_ID, CD_NM1, CD_NM2, CD_NM3, CD_DESC, USE_YN, REG_DTM, REG_USER_ID, UPD_DTM, UPD_USER_ID) VALUES ('A318', '소프트웨어5', '소프트웨어5', '소프트웨어5', '소프트웨어 코드', 'N', CURRENT_TIMESTAMP, 'admin', CURRENT_TIMESTAMP, 'admin');
INSERT INTO TB_BCM_CDMST (CD_ID, CD_NM1, CD_NM2, CD_NM3, CD_DESC, USE_YN, REG_DTM, REG_USER_ID, UPD_DTM, UPD_USER_ID) VALUES ('A319', '소프트웨어5', '소프트웨어5', '소프트웨어5', '소프트웨어 코드', 'N', CURRENT_TIMESTAMP, 'admin', CURRENT_TIMESTAMP, 'admin');
INSERT INTO TB_BCM_CDMST (CD_ID, CD_NM1, CD_NM2, CD_NM3, CD_DESC, USE_YN, REG_DTM, REG_USER_ID, UPD_DTM, UPD_USER_ID) VALUES ('A320', '소프트웨어5', '소프트웨어5', '소프트웨어5', '소프트웨어 코드', 'N', CURRENT_TIMESTAMP, 'admin', CURRENT_TIMESTAMP, 'admin');
INSERT INTO TB_BCM_CDMST (CD_ID, CD_NM1, CD_NM2, CD_NM3, CD_DESC, USE_YN, REG_DTM, REG_USER_ID, UPD_DTM, UPD_USER_ID) VALUES ('A321', '소프트웨어5', '소프트웨어5', '소프트웨어5', '소프트웨어 코드', 'N', CURRENT_TIMESTAMP, 'admin', CURRENT_TIMESTAMP, 'admin');
INSERT INTO TB_BCM_CDMST (CD_ID, CD_NM1, CD_NM2, CD_NM3, CD_DESC, USE_YN, REG_DTM, REG_USER_ID, UPD_DTM, UPD_USER_ID) VALUES ('A322', '소프트웨어5', '소프트웨어5', '소프트웨어5', '소프트웨어 코드', 'N', CURRENT_TIMESTAMP, 'admin', CURRENT_TIMESTAMP, 'admin');
INSERT INTO TB_BCM_CDMST (CD_ID, CD_NM1, CD_NM2, CD_NM3, CD_DESC, USE_YN, REG_DTM, REG_USER_ID, UPD_DTM, UPD_USER_ID) VALUES ('A323', '소프트웨어5', '소프트웨어5', '소프트웨어5', '소프트웨어 코드', 'N', CURRENT_TIMESTAMP, 'admin', CURRENT_TIMESTAMP, 'admin');
INSERT INTO TB_BCM_CDMST (CD_ID, CD_NM1, CD_NM2, CD_NM3, CD_DESC, USE_YN, REG_DTM, REG_USER_ID, UPD_DTM, UPD_USER_ID) VALUES ('A324', '소프트웨어5', '소프트웨어5', '소프트웨어5', '소프트웨어 코드', 'N', CURRENT_TIMESTAMP, 'admin', CURRENT_TIMESTAMP, 'admin');
INSERT INTO TB_BCM_CDMST (CD_ID, CD_NM1, CD_NM2, CD_NM3, CD_DESC, USE_YN, REG_DTM, REG_USER_ID, UPD_DTM, UPD_USER_ID) VALUES ('A325', '소프트웨어5', '소프트웨어5', '소프트웨어5', '소프트웨어 코드', 'N', CURRENT_TIMESTAMP, 'admin', CURRENT_TIMESTAMP, 'admin');
INSERT INTO TB_BCM_CDMST (CD_ID, CD_NM1, CD_NM2, CD_NM3, CD_DESC, USE_YN, REG_DTM, REG_USER_ID, UPD_DTM, UPD_USER_ID) VALUES ('A326', '소프트웨어5', '소프트웨어5', '소프트웨어5', '소프트웨어 코드', 'N', CURRENT_TIMESTAMP, 'admin', CURRENT_TIMESTAMP, 'admin');
INSERT INTO TB_BCM_CDMST (CD_ID, CD_NM1, CD_NM2, CD_NM3, CD_DESC, USE_YN, REG_DTM, REG_USER_ID, UPD_DTM, UPD_USER_ID) VALUES ('A327', '소프트웨어5', '소프트웨어5', '소프트웨어5', '소프트웨어 코드', 'N', CURRENT_TIMESTAMP, 'admin', CURRENT_TIMESTAMP, 'admin');
INSERT INTO TB_BCM_CDMST (CD_ID, CD_NM1, CD_NM2, CD_NM3, CD_DESC, USE_YN, REG_DTM, REG_USER_ID, UPD_DTM, UPD_USER_ID) VALUES ('A328', '소프트웨어5', '소프트웨어5', '소프트웨어5', '소프트웨어 코드', 'N', CURRENT_TIMESTAMP, 'admin', CURRENT_TIMESTAMP, 'admin');
INSERT INTO TB_BCM_CDMST (CD_ID, CD_NM1, CD_NM2, CD_NM3, CD_DESC, USE_YN, REG_DTM, REG_USER_ID, UPD_DTM, UPD_USER_ID) VALUES ('A329', '소프트웨어5', '소프트웨어5', '소프트웨어5', '소프트웨어 코드', 'N', CURRENT_TIMESTAMP, 'admin', CURRENT_TIMESTAMP, 'admin');
INSERT INTO TB_BCM_CDMST (CD_ID, CD_NM1, CD_NM2, CD_NM3, CD_DESC, USE_YN, REG_DTM, REG_USER_ID, UPD_DTM, UPD_USER_ID) VALUES ('A330', '소프트웨어5', '소프트웨어5', '소프트웨어5', '소프트웨어 코드', 'N', CURRENT_TIMESTAMP, 'admin', CURRENT_TIMESTAMP, 'admin');
INSERT INTO TB_BCM_CDMST (CD_ID, CD_NM1, CD_NM2, CD_NM3, CD_DESC, USE_YN, REG_DTM, REG_USER_ID, UPD_DTM, UPD_USER_ID) VALUES ('A331', '소프트웨어5', '소프트웨어5', '소프트웨어5', '소프트웨어 코드', 'N', CURRENT_TIMESTAMP, 'admin', CURRENT_TIMESTAMP, 'admin');
INSERT INTO TB_BCM_CDMST (CD_ID, CD_NM1, CD_NM2, CD_NM3, CD_DESC, USE_YN, REG_DTM, REG_USER_ID, UPD_DTM, UPD_USER_ID) VALUES ('A332', '소프트웨어5', '소프트웨어5', '소프트웨어5', '소프트웨어 코드', 'N', CURRENT_TIMESTAMP, 'admin', CURRENT_TIMESTAMP, 'admin');
INSERT INTO TB_BCM_CDMST (CD_ID, CD_NM1, CD_NM2, CD_NM3, CD_DESC, USE_YN, REG_DTM, REG_USER_ID, UPD_DTM, UPD_USER_ID) VALUES ('A333', '소프트웨어5', '소프트웨어5', '소프트웨어5', '소프트웨어 코드', 'N', CURRENT_TIMESTAMP, 'admin', CURRENT_TIMESTAMP, 'admin');
INSERT INTO TB_BCM_CDMST (CD_ID, CD_NM1, CD_NM2, CD_NM3, CD_DESC, USE_YN, REG_DTM, REG_USER_ID, UPD_DTM, UPD_USER_ID) VALUES ('A334', '소프트웨어5', '소프트웨어5', '소프트웨어5', '소프트웨어 코드', 'N', CURRENT_TIMESTAMP, 'admin', CURRENT_TIMESTAMP, 'admin');
INSERT INTO TB_BCM_CDMST (CD_ID, CD_NM1, CD_NM2, CD_NM3, CD_DESC, USE_YN, REG_DTM, REG_USER_ID, UPD_DTM, UPD_USER_ID) VALUES ('A335', '소프트웨어5', '소프트웨어5', '소프트웨어5', '소프트웨어 코드', 'N', CURRENT_TIMESTAMP, 'admin', CURRENT_TIMESTAMP, 'admin');
INSERT INTO TB_BCM_CDMST (CD_ID, CD_NM1, CD_NM2, CD_NM3, CD_DESC, USE_YN, REG_DTM, REG_USER_ID, UPD_DTM, UPD_USER_ID) VALUES ('A336', '소프트웨어5', '소프트웨어5', '소프트웨어5', '소프트웨어 코드', 'N', CURRENT_TIMESTAMP, 'admin', CURRENT_TIMESTAMP, 'admin');
INSERT INTO TB_BCM_CDMST (CD_ID, CD_NM1, CD_NM2, CD_NM3, CD_DESC, USE_YN, REG_DTM, REG_USER_ID, UPD_DTM, UPD_USER_ID) VALUES ('A337', '소프트웨어5', '소프트웨어5', '소프트웨어5', '소프트웨어 코드', 'N', CURRENT_TIMESTAMP, 'admin', CURRENT_TIMESTAMP, 'admin');
INSERT INTO TB_BCM_CDMST (CD_ID, CD_NM1, CD_NM2, CD_NM3, CD_DESC, USE_YN, REG_DTM, REG_USER_ID, UPD_DTM, UPD_USER_ID) VALUES ('A338', '소프트웨어5', '소프트웨어5', '소프트웨어5', '소프트웨어 코드', 'N', CURRENT_TIMESTAMP, 'admin', CURRENT_TIMESTAMP, 'admin');
INSERT INTO TB_BCM_CDMST (CD_ID, CD_NM1, CD_NM2, CD_NM3, CD_DESC, USE_YN, REG_DTM, REG_USER_ID, UPD_DTM, UPD_USER_ID) VALUES ('A339', '소프트웨어5', '소프트웨어5', '소프트웨어5', '소프트웨어 코드', 'N', CURRENT_TIMESTAMP, 'admin', CURRENT_TIMESTAMP, 'admin');
INSERT INTO TB_BCM_CDMST (CD_ID, CD_NM1, CD_NM2, CD_NM3, CD_DESC, USE_YN, REG_DTM, REG_USER_ID, UPD_DTM, UPD_USER_ID) VALUES ('A340', '소프트웨어5', '소프트웨어5', '소프트웨어5', '소프트웨어 코드', 'N', CURRENT_TIMESTAMP, 'admin', CURRENT_TIMESTAMP, 'admin');
INSERT INTO TB_BCM_CDMST (CD_ID, CD_NM1, CD_NM2, CD_NM3, CD_DESC, USE_YN, REG_DTM, REG_USER_ID, UPD_DTM, UPD_USER_ID) VALUES ('A341', '소프트웨어5', '소프트웨어5', '소프트웨어5', '소프트웨어 코드', 'N', CURRENT_TIMESTAMP, 'admin', CURRENT_TIMESTAMP, 'admin');
INSERT INTO TB_BCM_CDMST (CD_ID, CD_NM1, CD_NM2, CD_NM3, CD_DESC, USE_YN, REG_DTM, REG_USER_ID, UPD_DTM, UPD_USER_ID) VALUES ('A342', '소프트웨어5', '소프트웨어5', '소프트웨어5', '소프트웨어 코드', 'N', CURRENT_TIMESTAMP, 'admin', CURRENT_TIMESTAMP, 'admin');
INSERT INTO TB_BCM_CDMST (CD_ID, CD_NM1, CD_NM2, CD_NM3, CD_DESC, USE_YN, REG_DTM, REG_USER_ID, UPD_DTM, UPD_USER_ID) VALUES ('A343', '소프트웨어5', '소프트웨어5', '소프트웨어5', '소프트웨어 코드', 'N', CURRENT_TIMESTAMP, 'admin', CURRENT_TIMESTAMP, 'admin');
INSERT INTO TB_BCM_CDMST (CD_ID, CD_NM1, CD_NM2, CD_NM3, CD_DESC, USE_YN, REG_DTM, REG_USER_ID, UPD_DTM, UPD_USER_ID) VALUES ('A344', '소프트웨어5', '소프트웨어5', '소프트웨어5', '소프트웨어 코드', 'N', CURRENT_TIMESTAMP, 'admin', CURRENT_TIMESTAMP, 'admin');
INSERT INTO TB_BCM_CDMST (CD_ID, CD_NM1, CD_NM2, CD_NM3, CD_DESC, USE_YN, REG_DTM, REG_USER_ID, UPD_DTM, UPD_USER_ID) VALUES ('A345', '소프트웨어5', '소프트웨어5', '소프트웨어5', '소프트웨어 코드', 'N', CURRENT_TIMESTAMP, 'admin', CURRENT_TIMESTAMP, 'admin');
INSERT INTO TB_BCM_CDMST (CD_ID, CD_NM1, CD_NM2, CD_NM3, CD_DESC, USE_YN, REG_DTM, REG_USER_ID, UPD_DTM, UPD_USER_ID) VALUES ('A346', '소프트웨어5', '소프트웨어5', '소프트웨어5', '소프트웨어 코드', 'N', CURRENT_TIMESTAMP, 'admin', CURRENT_TIMESTAMP, 'admin');
INSERT INTO TB_BCM_CDMST (CD_ID, CD_NM1, CD_NM2, CD_NM3, CD_DESC, USE_YN, REG_DTM, REG_USER_ID, UPD_DTM, UPD_USER_ID) VALUES ('A347', '소프트웨어5', '소프트웨어5', '소프트웨어5', '소프트웨어 코드', 'N', CURRENT_TIMESTAMP, 'admin', CURRENT_TIMESTAMP, 'admin');
INSERT INTO TB_BCM_CDMST (CD_ID, CD_NM1, CD_NM2, CD_NM3, CD_DESC, USE_YN, REG_DTM, REG_USER_ID, UPD_DTM, UPD_USER_ID) VALUES ('A348', '소프트웨어5', '소프트웨어5', '소프트웨어5', '소프트웨어 코드', 'N', CURRENT_TIMESTAMP, 'admin', CURRENT_TIMESTAMP, 'admin');
INSERT INTO TB_BCM_CDMST (CD_ID, CD_NM1, CD_NM2, CD_NM3, CD_DESC, USE_YN, REG_DTM, REG_USER_ID, UPD_DTM, UPD_USER_ID) VALUES ('A349', '소프트웨어5', '소프트웨어5', '소프트웨어5', '소프트웨어 코드', 'N', CURRENT_TIMESTAMP, 'admin', CURRENT_TIMESTAMP, 'admin');
INSERT INTO TB_BCM_CDMST (CD_ID, CD_NM1, CD_NM2, CD_NM3, CD_DESC, USE_YN, REG_DTM, REG_USER_ID, UPD_DTM, UPD_USER_ID) VALUES ('A350', '소프트웨어5', '소프트웨어5', '소프트웨어5', '소프트웨어 코드', 'N', CURRENT_TIMESTAMP, 'admin', CURRENT_TIMESTAMP, 'admin');
INSERT INTO TB_BCM_CDMST (CD_ID, CD_NM1, CD_NM2, CD_NM3, CD_DESC, USE_YN, REG_DTM, REG_USER_ID, UPD_DTM, UPD_USER_ID) VALUES ('A351', '소프트웨어5', '소프트웨어5', '소프트웨어5', '소프트웨어 코드', 'N', CURRENT_TIMESTAMP, 'admin', CURRENT_TIMESTAMP, 'admin');
INSERT INTO TB_BCM_CDMST (CD_ID, CD_NM1, CD_NM2, CD_NM3, CD_DESC, USE_YN, REG_DTM, REG_USER_ID, UPD_DTM, UPD_USER_ID) VALUES ('A352', '소프트웨어5', '소프트웨어5', '소프트웨어5', '소프트웨어 코드', 'N', CURRENT_TIMESTAMP, 'admin', CURRENT_TIMESTAMP, 'admin');
INSERT INTO TB_BCM_CDMST (CD_ID, CD_NM1, CD_NM2, CD_NM3, CD_DESC, USE_YN, REG_DTM, REG_USER_ID, UPD_DTM, UPD_USER_ID) VALUES ('A353', '소프트웨어5', '소프트웨어5', '소프트웨어5', '소프트웨어 코드', 'N', CURRENT_TIMESTAMP, 'admin', CURRENT_TIMESTAMP, 'admin');
INSERT INTO TB_BCM_CDMST (CD_ID, CD_NM1, CD_NM2, CD_NM3, CD_DESC, USE_YN, REG_DTM, REG_USER_ID, UPD_DTM, UPD_USER_ID) VALUES ('A354', '소프트웨어5', '소프트웨어5', '소프트웨어5', '소프트웨어 코드', 'N', CURRENT_TIMESTAMP, 'admin', CURRENT_TIMESTAMP, 'admin');


/* Code */
INSERT INTO TB_BCM_CDDTL (CD_DTL_ID, CD_ID, CD_DTL_NM1, CD_DTL_NM2, CD_DTL_NM3, CD_DTL_DESC, CD_SORT_SEQ, USE_YN, REG_DTM, REG_USER_ID, UPD_DTM, UPD_USER_ID) VALUES ('A100-A0001', 'A100', '노트북', 'Laptop', '笔记本', '노트북 코드',  1, 'Y', CURRENT_TIMESTAMP, 'admin', CURRENT_TIMESTAMP, 'admin');
INSERT INTO TB_BCM_CDDTL (CD_DTL_ID, CD_ID, CD_DTL_NM1, CD_DTL_NM2, CD_DTL_NM3, CD_DTL_DESC, CD_SORT_SEQ, USE_YN, REG_DTM, REG_USER_ID, UPD_DTM, UPD_USER_ID) VALUES ('A100-A0002', 'A100', '모니터', 'Monitor', '显示器', 'Monitor 코드',  2, 'Y', CURRENT_TIMESTAMP, 'admin', CURRENT_TIMESTAMP, 'admin');
INSERT INTO TB_BCM_CDDTL (CD_DTL_ID, CD_ID, CD_DTL_NM1, CD_DTL_NM2, CD_DTL_NM3, CD_DTL_DESC, CD_SORT_SEQ, USE_YN, REG_DTM, REG_USER_ID, UPD_DTM, UPD_USER_ID) VALUES ('A100-A0003', 'A100', '데스크탑', 'Desktop', '桌面', '데스크탑 코드',  3, 'Y', CURRENT_TIMESTAMP, 'admin', CURRENT_TIMESTAMP, 'admin');
INSERT INTO TB_BCM_CDDTL (CD_DTL_ID, CD_ID, CD_DTL_NM1, CD_DTL_NM2, CD_DTL_NM3, CD_DTL_DESC, CD_SORT_SEQ, USE_YN, REG_DTM, REG_USER_ID, UPD_DTM, UPD_USER_ID) VALUES ('A100-A0004', 'A100', '1노트북', '1Laptop', '1笔记本', '노트북 코드',  4, 'Y', CURRENT_TIMESTAMP, 'admin', CURRENT_TIMESTAMP, 'admin');
INSERT INTO TB_BCM_CDDTL (CD_DTL_ID, CD_ID, CD_DTL_NM1, CD_DTL_NM2, CD_DTL_NM3, CD_DTL_DESC, CD_SORT_SEQ, USE_YN, REG_DTM, REG_USER_ID, UPD_DTM, UPD_USER_ID) VALUES ('A100-A0005', 'A100', '1모니터', '1Monitor', '1显示器', 'Monitor 코드',  5, 'Y', CURRENT_TIMESTAMP, 'admin', CURRENT_TIMESTAMP, 'admin');
INSERT INTO TB_BCM_CDDTL (CD_DTL_ID, CD_ID, CD_DTL_NM1, CD_DTL_NM2, CD_DTL_NM3, CD_DTL_DESC, CD_SORT_SEQ, USE_YN, REG_DTM, REG_USER_ID, UPD_DTM, UPD_USER_ID) VALUES ('A100-A0006', 'A100', '1데스크탑', '1Desktop', '1桌面', '데스크탑 코드',  6, 'Y', CURRENT_TIMESTAMP, 'admin', CURRENT_TIMESTAMP, 'admin');
INSERT INTO TB_BCM_CDDTL (CD_DTL_ID, CD_ID, CD_DTL_NM1, CD_DTL_NM2, CD_DTL_NM3, CD_DTL_DESC, CD_SORT_SEQ, USE_YN, REG_DTM, REG_USER_ID, UPD_DTM, UPD_USER_ID) VALUES ('A100-A0007', 'A100', '2노트북', '2Laptop', '2笔记本', '노트북 코드',  7, 'Y', CURRENT_TIMESTAMP, 'admin', CURRENT_TIMESTAMP, 'admin');
INSERT INTO TB_BCM_CDDTL (CD_DTL_ID, CD_ID, CD_DTL_NM1, CD_DTL_NM2, CD_DTL_NM3, CD_DTL_DESC, CD_SORT_SEQ, USE_YN, REG_DTM, REG_USER_ID, UPD_DTM, UPD_USER_ID) VALUES ('A100-A0008', 'A100', '2모니터', '2Monitor', '2显示器', 'Monitor 코드',  8, 'Y', CURRENT_TIMESTAMP, 'admin', CURRENT_TIMESTAMP, 'admin');
INSERT INTO TB_BCM_CDDTL (CD_DTL_ID, CD_ID, CD_DTL_NM1, CD_DTL_NM2, CD_DTL_NM3, CD_DTL_DESC, CD_SORT_SEQ, USE_YN, REG_DTM, REG_USER_ID, UPD_DTM, UPD_USER_ID) VALUES ('A100-A0009', 'A100', '2데스크탑', '2Desktop', '2桌面', '데스크탑 코드',  9, 'Y', CURRENT_TIMESTAMP, 'admin', CURRENT_TIMESTAMP, 'admin');
INSERT INTO TB_BCM_CDDTL (CD_DTL_ID, CD_ID, CD_DTL_NM1, CD_DTL_NM2, CD_DTL_NM3, CD_DTL_DESC, CD_SORT_SEQ, USE_YN, REG_DTM, REG_USER_ID, UPD_DTM, UPD_USER_ID) VALUES ('A100-A0010', 'A100', '3노트북', '3Laptop', '3笔记本', '노트북 코드',  10, 'Y', CURRENT_TIMESTAMP, 'admin', CURRENT_TIMESTAMP, 'admin');
INSERT INTO TB_BCM_CDDTL (CD_DTL_ID, CD_ID, CD_DTL_NM1, CD_DTL_NM2, CD_DTL_NM3, CD_DTL_DESC, CD_SORT_SEQ, USE_YN, REG_DTM, REG_USER_ID, UPD_DTM, UPD_USER_ID) VALUES ('A100-A0011', 'A100', '3모니터', '3Monitor', '3显示器', 'Monitor 코드',  11, 'Y', CURRENT_TIMESTAMP, 'admin', CURRENT_TIMESTAMP, 'admin');
INSERT INTO TB_BCM_CDDTL (CD_DTL_ID, CD_ID, CD_DTL_NM1, CD_DTL_NM2, CD_DTL_NM3, CD_DTL_DESC, CD_SORT_SEQ, USE_YN, REG_DTM, REG_USER_ID, UPD_DTM, UPD_USER_ID) VALUES ('A100-A0012', 'A100', '3데스크탑', '3Desktop', '3桌面', '데스크탑 코드',  12, 'Y', CURRENT_TIMESTAMP, 'admin', CURRENT_TIMESTAMP, 'admin');
INSERT INTO TB_BCM_CDDTL (CD_DTL_ID, CD_ID, CD_DTL_NM1, CD_DTL_NM2, CD_DTL_NM3, CD_DTL_DESC, CD_SORT_SEQ, USE_YN, REG_DTM, REG_USER_ID, UPD_DTM, UPD_USER_ID) VALUES ('A100-A0013', 'A100', '4노트북', '4Laptop', '4笔记本', '노트북 코드',  13, 'Y', CURRENT_TIMESTAMP, 'admin', CURRENT_TIMESTAMP, 'admin');
INSERT INTO TB_BCM_CDDTL (CD_DTL_ID, CD_ID, CD_DTL_NM1, CD_DTL_NM2, CD_DTL_NM3, CD_DTL_DESC, CD_SORT_SEQ, USE_YN, REG_DTM, REG_USER_ID, UPD_DTM, UPD_USER_ID) VALUES ('A100-A0014', 'A100', '4모니터', '4Monitor', '4显示器', 'Monitor 코드',  14, 'Y', CURRENT_TIMESTAMP, 'admin', CURRENT_TIMESTAMP, 'admin');
INSERT INTO TB_BCM_CDDTL (CD_DTL_ID, CD_ID, CD_DTL_NM1, CD_DTL_NM2, CD_DTL_NM3, CD_DTL_DESC, CD_SORT_SEQ, USE_YN, REG_DTM, REG_USER_ID, UPD_DTM, UPD_USER_ID) VALUES ('A100-A0015', 'A100', '4데스크탑', '4Desktop', '4桌面', '데스크탑 코드',  15, 'Y', CURRENT_TIMESTAMP, 'admin', CURRENT_TIMESTAMP, 'admin');
INSERT INTO TB_BCM_CDDTL (CD_DTL_ID, CD_ID, CD_DTL_NM1, CD_DTL_NM2, CD_DTL_NM3, CD_DTL_DESC, CD_SORT_SEQ, USE_YN, REG_DTM, REG_USER_ID, UPD_DTM, UPD_USER_ID) VALUES ('A200-A0001', 'A200', '볼펜', 'Pen', '圆珠笔', '볼펜 코드',  1, 'Y', CURRENT_TIMESTAMP, 'admin', CURRENT_TIMESTAMP, 'admin');
INSERT INTO TB_BCM_CDDTL (CD_DTL_ID, CD_ID, CD_DTL_NM1, CD_DTL_NM2, CD_DTL_NM3, CD_DTL_DESC, CD_SORT_SEQ, USE_YN, REG_DTM, REG_USER_ID, UPD_DTM, UPD_USER_ID) VALUES ('A200-A0002', 'A200', '보드마커', 'Board marker', '板标记', '보드마커 코드',  2, 'Y', CURRENT_TIMESTAMP, 'admin', CURRENT_TIMESTAMP, 'admin');
INSERT INTO TB_BCM_CDDTL (CD_DTL_ID, CD_ID, CD_DTL_NM1, CD_DTL_NM2, CD_DTL_NM3, CD_DTL_DESC, CD_SORT_SEQ, USE_YN, REG_DTM, REG_USER_ID, UPD_DTM, UPD_USER_ID) VALUES ('A200-A0003', 'A200', '지우개', 'Eraser', '橡皮', '지우개 코드',  3, 'Y', CURRENT_TIMESTAMP, 'admin', CURRENT_TIMESTAMP, 'admin');
INSERT INTO TB_BCM_CDDTL (CD_DTL_ID, CD_ID, CD_DTL_NM1, CD_DTL_NM2, CD_DTL_NM3, CD_DTL_DESC, CD_SORT_SEQ, USE_YN, REG_DTM, REG_USER_ID, UPD_DTM, UPD_USER_ID) VALUES ('A200-A0004', 'A200', '1볼펜', '1Pen', '1圆珠笔', '볼펜 코드',  1, 'Y', CURRENT_TIMESTAMP, 'admin', CURRENT_TIMESTAMP, 'admin');
INSERT INTO TB_BCM_CDDTL (CD_DTL_ID, CD_ID, CD_DTL_NM1, CD_DTL_NM2, CD_DTL_NM3, CD_DTL_DESC, CD_SORT_SEQ, USE_YN, REG_DTM, REG_USER_ID, UPD_DTM, UPD_USER_ID) VALUES ('A200-A0005', 'A200', '2보드마커', '2Board marker', '2板标记', '보드마커 코드',  2, 'Y', CURRENT_TIMESTAMP, 'admin', CURRENT_TIMESTAMP, 'admin');
INSERT INTO TB_BCM_CDDTL (CD_DTL_ID, CD_ID, CD_DTL_NM1, CD_DTL_NM2, CD_DTL_NM3, CD_DTL_DESC, CD_SORT_SEQ, USE_YN, REG_DTM, REG_USER_ID, UPD_DTM, UPD_USER_ID) VALUES ('A200-A0006', 'A200', '3지우개', '3Eraser', '3橡皮', '지우개 코드',  3, 'Y', CURRENT_TIMESTAMP, 'admin', CURRENT_TIMESTAMP, 'admin');
INSERT INTO TB_BCM_CDDTL (CD_DTL_ID, CD_ID, CD_DTL_NM1, CD_DTL_NM2, CD_DTL_NM3, CD_DTL_DESC, CD_SORT_SEQ, USE_YN, REG_DTM, REG_USER_ID, UPD_DTM, UPD_USER_ID) VALUES ('A200-A0007', 'A200', '4볼펜', '4Pen', '3圆珠笔', '볼펜 코드',  4, 'Y', CURRENT_TIMESTAMP, 'admin', CURRENT_TIMESTAMP, 'admin');
INSERT INTO TB_BCM_CDDTL (CD_DTL_ID, CD_ID, CD_DTL_NM1, CD_DTL_NM2, CD_DTL_NM3, CD_DTL_DESC, CD_SORT_SEQ, USE_YN, REG_DTM, REG_USER_ID, UPD_DTM, UPD_USER_ID) VALUES ('A200-A0008', 'A200', '5보드마커', '5Board marker', '3板标记', '보드마커 코드',  5, 'Y', CURRENT_TIMESTAMP, 'admin', CURRENT_TIMESTAMP, 'admin');
INSERT INTO TB_BCM_CDDTL (CD_DTL_ID, CD_ID, CD_DTL_NM1, CD_DTL_NM2, CD_DTL_NM3, CD_DTL_DESC, CD_SORT_SEQ, USE_YN, REG_DTM, REG_USER_ID, UPD_DTM, UPD_USER_ID) VALUES ('A200-A0009', 'A200', '6지우개', '6Eraser', '3橡皮', '지우개 코드',  6, 'Y', CURRENT_TIMESTAMP, 'admin', CURRENT_TIMESTAMP, 'admin');
INSERT INTO TB_BCM_CDDTL (CD_DTL_ID, CD_ID, CD_DTL_NM1, CD_DTL_NM2, CD_DTL_NM3, CD_DTL_DESC, CD_SORT_SEQ, USE_YN, REG_DTM, REG_USER_ID, UPD_DTM, UPD_USER_ID) VALUES ('A300-A0001', 'A300', '윈도우', 'Windows', 'Windows (cn)', '윈도우코드',  1, 'Y', CURRENT_TIMESTAMP, 'admin', CURRENT_TIMESTAMP, 'admin');

INSERT INTO TB_BCM_CDDTL (CD_DTL_ID, CD_ID, CD_DTL_NM1, CD_DTL_NM2, CD_DTL_NM3, CD_DTL_DESC, CD_SORT_SEQ, USE_YN, REG_DTM, REG_USER_ID, UPD_DTM, UPD_USER_ID) VALUES ('H10', 'CD0001', 'SK에너지',             'SKE',     '', '', 1, 'Y', CURRENT_TIMESTAMP, 'admin', CURRENT_TIMESTAMP, 'admin');
INSERT INTO TB_BCM_CDDTL (CD_DTL_ID, CD_ID, CD_DTL_NM1, CD_DTL_NM2, CD_DTL_NM3, CD_DTL_DESC, CD_SORT_SEQ, USE_YN, REG_DTM, REG_USER_ID, UPD_DTM, UPD_USER_ID) VALUES ('H13', 'CD0001', 'SK트레이딩인터내셔널', 'SKTI',    '', '', 2, 'Y', CURRENT_TIMESTAMP, 'admin', CURRENT_TIMESTAMP, 'admin');
INSERT INTO TB_BCM_CDDTL (CD_DTL_ID, CD_ID, CD_DTL_NM1, CD_DTL_NM2, CD_DTL_NM3, CD_DTL_DESC, CD_SORT_SEQ, USE_YN, REG_DTM, REG_USER_ID, UPD_DTM, UPD_USER_ID) VALUES ('H17', 'CD0001', 'SK인천종합화학',       'SKIPC',   '', '', 3, 'Y', CURRENT_TIMESTAMP, 'admin', CURRENT_TIMESTAMP, 'admin');
INSERT INTO TB_BCM_CDDTL (CD_DTL_ID, CD_ID, CD_DTL_NM1, CD_DTL_NM2, CD_DTL_NM3, CD_DTL_DESC, CD_SORT_SEQ, USE_YN, REG_DTM, REG_USER_ID, UPD_DTM, UPD_USER_ID) VALUES ('H40', 'CD0001', 'SK루브리컨츠',         'SKL',     '', '', 4, 'Y', CURRENT_TIMESTAMP, 'admin', CURRENT_TIMESTAMP, 'admin');
INSERT INTO TB_BCM_CDDTL (CD_DTL_ID, CD_ID, CD_DTL_NM1, CD_DTL_NM2, CD_DTL_NM3, CD_DTL_DESC, CD_SORT_SEQ, USE_YN, REG_DTM, REG_USER_ID, UPD_DTM, UPD_USER_ID) VALUES ('H50', 'CD0001', 'SK종합화학',           'SKGC',    '', '', 5, 'Y', CURRENT_TIMESTAMP, 'admin', CURRENT_TIMESTAMP, 'admin');
INSERT INTO TB_BCM_CDDTL (CD_DTL_ID, CD_ID, CD_DTL_NM1, CD_DTL_NM2, CD_DTL_NM3, CD_DTL_DESC, CD_SORT_SEQ, USE_YN, REG_DTM, REG_USER_ID, UPD_DTM, UPD_USER_ID) VALUES ('H60', 'CD0001', 'SK이노베이션',         'SKI',     '', '', 8, 'Y', CURRENT_TIMESTAMP, 'admin', CURRENT_TIMESTAMP, 'admin');
INSERT INTO TB_BCM_CDDTL (CD_DTL_ID, CD_ID, CD_DTL_NM1, CD_DTL_NM2, CD_DTL_NM3, CD_DTL_DESC, CD_SORT_SEQ, USE_YN, REG_DTM, REG_USER_ID, UPD_DTM, UPD_USER_ID) VALUES ('H70', 'CD0001', '기타',                 'etc',     '', '', 9, 'Y', CURRENT_TIMESTAMP, 'admin', CURRENT_TIMESTAMP, 'admin');

/* 메시지 */
-- Test
INSERT INTO TB_BCM_MSG(MSG_KEY, MSG_NM1, MSG_NM2, MSG_NM3, TARGET, USE_YN) VALUES ('system.welcome', '환영합니다.', 'Welcome', null, 'COMMON', 'Y');

-- Language
INSERT INTO TB_BCM_MSG(MSG_KEY, MSG_NM1, MSG_NM2, MSG_NM3, TARGET, USE_YN) VALUES ('common.lang.ko', '한국어', 'Korean', null, 'COMMON', 'Y');
INSERT INTO TB_BCM_MSG(MSG_KEY, MSG_NM1, MSG_NM2, MSG_NM3, TARGET, USE_YN) VALUES ('common.lang.en', '영어', 'English', null, 'COMMON', 'Y');
INSERT INTO TB_BCM_MSG(MSG_KEY, MSG_NM1, MSG_NM2, MSG_NM3, TARGET, USE_YN) VALUES ('common.lang.zh', '중국어', 'Chinese', null, 'COMMON', 'Y');

-- Validation
INSERT INTO TB_BCM_MSG(MSG_KEY, MSG_NM1, MSG_NM2, MSG_NM3, TARGET, USE_YN) VALUES ('system.validation.invalid-ip-type', '이메일 형식이 아닙니다.', 'Invalid ip Type', null, 'SYSTEM', 'Y');

INSERT INTO TB_BCM_MSG(MSG_KEY, MSG_NM1, MSG_NM2, MSG_NM3, TARGET, USE_YN) VALUES ('common.label.selectall', '전체 선택', 'Select All', null, 'COMMON', 'Y');
INSERT INTO TB_BCM_MSG(MSG_KEY, MSG_NM1, MSG_NM2, MSG_NM3, TARGET, USE_YN) VALUES ('common.label.update', '수정', 'Update', null, 'COMMON', 'Y');
INSERT INTO TB_BCM_MSG(MSG_KEY, MSG_NM1, MSG_NM2, MSG_NM3, TARGET, USE_YN) VALUES ('common.label.delete', '삭제', 'Delete', null, 'COMMON', 'Y');
INSERT INTO TB_BCM_MSG(MSG_KEY, MSG_NM1, MSG_NM2, MSG_NM3, TARGET, USE_YN) VALUES ('common.label.cancel', '취소', 'Cancel', null, 'COMMON', 'Y');
INSERT INTO TB_BCM_MSG(MSG_KEY, MSG_NM1, MSG_NM2, MSG_NM3, TARGET, USE_YN) VALUES ('common.label.close', '닫기', 'Close', null, 'COMMON', 'Y');
INSERT INTO TB_BCM_MSG(MSG_KEY, MSG_NM1, MSG_NM2, MSG_NM3, TARGET, USE_YN) VALUES ('common.label.prev', '이전', 'Back', null, 'COMMON', 'Y');
INSERT INTO TB_BCM_MSG(MSG_KEY, MSG_NM1, MSG_NM2, MSG_NM3, TARGET, USE_YN) VALUES ('common.label.next', '다음', 'Next', null, 'COMMON', 'Y');
INSERT INTO TB_BCM_MSG(MSG_KEY, MSG_NM1, MSG_NM2, MSG_NM3, TARGET, USE_YN) VALUES ('common.label.confirm', '확인', 'Confirm', null, 'COMMON', 'Y');
INSERT INTO TB_BCM_MSG(MSG_KEY, MSG_NM1, MSG_NM2, MSG_NM3, TARGET, USE_YN) VALUES ('common.label.search', '검색', 'Search', null, 'COMMON', 'Y');
INSERT INTO TB_BCM_MSG(MSG_KEY, MSG_NM1, MSG_NM2, MSG_NM3, TARGET, USE_YN) VALUES ('common.label.save', '저장', 'Save', null, 'COMMON', 'Y');
INSERT INTO TB_BCM_MSG(MSG_KEY, MSG_NM1, MSG_NM2, MSG_NM3, TARGET, USE_YN) VALUES ('common.label.add', '추가', 'Add', null, 'COMMON', 'Y');
INSERT INTO TB_BCM_MSG(MSG_KEY, MSG_NM1, MSG_NM2, MSG_NM3, TARGET, USE_YN) VALUES ('common.label.complete', '완료', 'Complete', null, 'COMMON', 'Y');
INSERT INTO TB_BCM_MSG(MSG_KEY, MSG_NM1, MSG_NM2, MSG_NM3, TARGET, USE_YN) VALUES ('common.label.all', '전체', 'All', null, 'COMMON', 'Y');
INSERT INTO TB_BCM_MSG(MSG_KEY, MSG_NM1, MSG_NM2, MSG_NM3, TARGET, USE_YN) VALUES ('common.label.all.key', 'all', 'all', null, 'COMMON', 'Y');
INSERT INTO TB_BCM_MSG(MSG_KEY, MSG_NM1, MSG_NM2, MSG_NM3, TARGET, USE_YN) VALUES ('common.label.select', '선택', 'Select', null, 'COMMON', 'Y');
INSERT INTO TB_BCM_MSG(MSG_KEY, MSG_NM1, MSG_NM2, MSG_NM3, TARGET, USE_YN) VALUES ('common.label.use', '사용', 'Use', null, 'COMMON', 'Y');
INSERT INTO TB_BCM_MSG(MSG_KEY, MSG_NM1, MSG_NM2, MSG_NM3, TARGET, USE_YN) VALUES ('common.label.notuse', '사용 안함', 'Do not use', null, 'COMMON', 'Y');
INSERT INTO TB_BCM_MSG(MSG_KEY, MSG_NM1, MSG_NM2, MSG_NM3, TARGET, USE_YN) VALUES ('common.label.apply', '적용', 'Apply', null, 'COMMON', 'Y');
INSERT INTO TB_BCM_MSG(MSG_KEY, MSG_NM1, MSG_NM2, MSG_NM3, TARGET, USE_YN) VALUES ('common.label.goback', '이전 화면으로 이동', 'Go back to previous', null, 'COMMON', 'Y');
INSERT INTO TB_BCM_MSG(MSG_KEY, MSG_NM1, MSG_NM2, MSG_NM3, TARGET, USE_YN) VALUES ('common.label.select.nation', '국가 선택', 'Select Nation', null, 'COMMON', 'Y');
INSERT INTO TB_BCM_MSG(MSG_KEY, MSG_NM1, MSG_NM2, MSG_NM3, TARGET, USE_YN) VALUES ('common.label.korean', '한국어', 'Korean', null, 'COMMON', 'Y');
INSERT INTO TB_BCM_MSG(MSG_KEY, MSG_NM1, MSG_NM2, MSG_NM3, TARGET, USE_YN) VALUES ('common.label.english', 'English', 'English', null, 'COMMON', 'Y');
INSERT INTO TB_BCM_MSG(MSG_KEY, MSG_NM1, MSG_NM2, MSG_NM3, TARGET, USE_YN) VALUES ('common.label.agreement', '이용약관', 'Terms of Use', null, 'COMMON', 'Y');
INSERT INTO TB_BCM_MSG(MSG_KEY, MSG_NM1, MSG_NM2, MSG_NM3, TARGET, USE_YN) VALUES ('common.label.help', '도움말', 'Help', null, 'COMMON', 'Y');
INSERT INTO TB_BCM_MSG(MSG_KEY, MSG_NM1, MSG_NM2, MSG_NM3, TARGET, USE_YN) VALUES ('common.alert.info', '개발예정입니다~', 'To be developed~', null, 'COMMON', 'Y');
INSERT INTO TB_BCM_MSG(MSG_KEY, MSG_NM1, MSG_NM2, MSG_NM3, TARGET, USE_YN) VALUES ('common.select.sort', '정렬', 'Sort', null, 'COMMON', 'Y');
INSERT INTO TB_BCM_MSG(MSG_KEY, MSG_NM1, MSG_NM2, MSG_NM3, TARGET, USE_YN) VALUES ('common.label.searchBox', '선택 된 사용자', 'Seletedusers', null, 'COMMON', 'Y');
INSERT INTO TB_BCM_MSG(MSG_KEY, MSG_NM1, MSG_NM2, MSG_NM3, TARGET, USE_YN) VALUES ('common.common.select.default', '선택하세요', 'Select', null, 'COMMON', 'Y');
INSERT INTO TB_BCM_MSG(MSG_KEY, MSG_NM1, MSG_NM2, MSG_NM3, TARGET, USE_YN) VALUES ('common.excel.export', '엑셀 내보내기', 'Export', null, 'COMMON', 'Y');
INSERT INTO TB_BCM_MSG(MSG_KEY, MSG_NM1, MSG_NM2, MSG_NM3, TARGET, USE_YN) VALUES ('common.label.solve', '해결', 'Resolve', null, 'COMMON', 'Y');
INSERT INTO TB_BCM_MSG(MSG_KEY, MSG_NM1, MSG_NM2, MSG_NM3, TARGET, USE_YN) VALUES ('common.login.noAuth', '사용에 대한 권한이 없습니다.', 'You do not have permission to use.', null, 'COMMON', 'Y');
INSERT INTO TB_BCM_MSG(MSG_KEY, MSG_NM1, MSG_NM2, MSG_NM3, TARGET, USE_YN) VALUES ('common.label.request', '신청', 'Request', null, 'COMMON', 'Y');
INSERT INTO TB_BCM_MSG(MSG_KEY, MSG_NM1, MSG_NM2, MSG_NM3, TARGET, USE_YN) VALUES ('common.label.number', 'NO', 'NO', null, 'COMMON', 'Y');
INSERT INTO TB_BCM_MSG(MSG_KEY, MSG_NM1, MSG_NM2, MSG_NM3, TARGET, USE_YN) VALUES ('common.label.deleteCheck', '삭제 확인', 'Confirm Delete', null, 'COMMON', 'Y');
INSERT INTO TB_BCM_MSG(MSG_KEY, MSG_NM1, MSG_NM2, MSG_NM3, TARGET, USE_YN) VALUES ('common.column.number', '번호', 'No', null, 'COMMON', 'Y');
INSERT INTO TB_BCM_MSG(MSG_KEY, MSG_NM1, MSG_NM2, MSG_NM3, TARGET, USE_YN) VALUES ('common.column.userNm', '이름', 'Name', null, 'COMMON', 'Y');
INSERT INTO TB_BCM_MSG(MSG_KEY, MSG_NM1, MSG_NM2, MSG_NM3, TARGET, USE_YN) VALUES ('common.column.status', '상태', 'Status', null, 'COMMON', 'Y');
INSERT INTO TB_BCM_MSG(MSG_KEY, MSG_NM1, MSG_NM2, MSG_NM3, TARGET, USE_YN) VALUES ('common.column.manage', '관리', 'Management', null, 'COMMON', 'Y');
INSERT INTO TB_BCM_MSG(MSG_KEY, MSG_NM1, MSG_NM2, MSG_NM3, TARGET, USE_YN) VALUES ('common.column.title', '제목', 'Title', null, 'COMMON', 'Y');
INSERT INTO TB_BCM_MSG(MSG_KEY, MSG_NM1, MSG_NM2, MSG_NM3, TARGET, USE_YN) VALUES ('common.column.createUser', '작성자', 'Writer', null, 'COMMON', 'Y');
INSERT INTO TB_BCM_MSG(MSG_KEY, MSG_NM1, MSG_NM2, MSG_NM3, TARGET, USE_YN) VALUES ('PVNEWS.column.title', '제목', 'Title', null, 'PVNEWS-01', 'Y');
INSERT INTO TB_BCM_MSG(MSG_KEY, MSG_NM1, MSG_NM2, MSG_NM3, TARGET, USE_YN) VALUES ('bcm.common.save', '저장', 'Save', null, 'COMMON', 'Y');
INSERT INTO TB_BCM_MSG(MSG_KEY, MSG_NM1, MSG_NM2, MSG_NM3, TARGET, USE_YN) VALUES ('bcm.common.cancel', '취소', 'Cancle', null, 'COMMON', 'Y');
INSERT INTO TB_BCM_MSG(MSG_KEY, MSG_NM1, MSG_NM2, MSG_NM3, TARGET, USE_YN) VALUES ('bcm.common.all', '전체', '전체', null, 'COMMON', 'Y');
